<?xml version="1.0" encoding="us-ascii"?>
<!--Comment-->
<INI>
  <Section>
    <Name>A_Item.INV_BankUpgrade_01</Name>
    <Description>Purchase to increase your number of Bank Slots to 15.</Description>
    <NoConstraintText />
    <Suffix />
  </Section>
  <Section>
    <Name>A_Item.INV_BankUpgrade_02</Name>
    <Description>Purchase to increase your number of Bank Slots to 18.</Description>
    <NoConstraintText />
    <Suffix />
  </Section>
  <Section>
    <Name>A_Item.INV_BankUpgrade_03</Name>
    <Description>Purchase to increase your number of Bank Slots to 21.</Description>
    <NoConstraintText />
    <Suffix />
  </Section>
  <Section>
    <Name>A_Item.INV_BankUpgrade_04</Name>
    <Description>Purchase to increase your number of Bank Slots to 24.</Description>
    <NoConstraintText />
    <Suffix />
  </Section>
  <Section>
    <Name>A_Item.INV_BankUpgrade_05</Name>
    <Description>Purchase to increase your number of Bank Slots to 27.</Description>
    <NoConstraintText />
    <Suffix />
  </Section>
  <Section>
    <Name>A_Item.INV_BankUpgrade_06</Name>
    <Description>Purchase to increase your number of Bank Slots to 30.</Description>
    <NoConstraintText />
    <Suffix />
  </Section>
  <Section>
    <Name>A_Item.INV_BankUpgrade_07</Name>
    <Description>Purchase to increase your number of Bank Slots to 33.</Description>
    <NoConstraintText />
    <Suffix />
  </Section>
  <Section>
    <Name>A_Item.INV_BankUpgrade_08</Name>
    <Description>Purchase to increase your number of Bank Slots to 36.</Description>
    <NoConstraintText />
    <Suffix />
  </Section>
  <Section>
    <Name>A_Item.INV_BankUpgrade_09</Name>
    <Description>Purchase to increase your number of Bank Slots to 39.</Description>
    <NoConstraintText />
    <Suffix />
  </Section>
  <Section>
    <Name>A_Item.INV_BankUpgrade_10</Name>
    <Description>Purchase to increase your number of Bank Slots to 42.</Description>
    <NoConstraintText />
    <Suffix />
  </Section>
</INI>