<?xml version="1.0" encoding="us-ascii"?>
<!--Comment-->
<INI>
  <Section>
    <Name>Weapons.CustomWeap_Repeater_Corrosive</Name>
  </Section>
  <Section>
    <Name>Unique_Weapons.CustomWeap_SupportMG_TheChopper</Name>
    <Vladof0>9</Vladof0>
    <Vladof1>18</Vladof1>
    <Vladof2>27</Vladof2>
    <Vladof3>36</Vladof3>
    <Vladof4>45</Vladof4>
    <Vladof5>50</Vladof5>
  </Section>
  <Section>
    <Name>Unique_Weapons.CustomWeap_SupportMG_AjaxSpear</Name>
    <Atlas0>9</Atlas0>
    <Atlas1>18</Atlas1>
    <Atlas2>27</Atlas2>
    <Atlas3>36</Atlas3>
    <Atlas4>45</Atlas4>
    <Atlas5>50</Atlas5>
  </Section>
  <Section>
    <Name>Unique_Weapons.CustomWeap_SMG_Typhoon</Name>
    <Dahl0>9</Dahl0>
    <Dahl1>18</Dahl1>
    <Dahl2>27</Dahl2>
    <Dahl3>36</Dahl3>
    <Dahl4>45</Dahl4>
    <Dahl5>50</Dahl5>
  </Section>
  <Section>
    <Name>Unique_Weapons.CustomWeap_SemiAutoSniper_KyrosPower</Name>
    <Atlas0>9</Atlas0>
    <Atlas1>18</Atlas1>
    <Atlas2>27</Atlas2>
    <Atlas3>36</Atlas3>
    <Atlas4>45</Atlas4>
    <Atlas5>50</Atlas5>
  </Section>
  <Section>
    <Name>Unique_Weapons.CustomWeap_Repeater_KnoxsGold</Name>
    <SandSMunitions0>9</SandSMunitions0>
    <SandSMunitions1>18</SandSMunitions1>
    <SandSMunitions2>27</SandSMunitions2>
    <SandSMunitions3>36</SandSMunitions3>
    <SandSMunitions4>45</SandSMunitions4>
    <SandSMunitions5>50</SandSMunitions5>
  </Section>
  <Section>
    <Name>Unique_Weapons.CustomWeap_Repeater_ChiquitoAmigo</Name>
    <tediore0>9</tediore0>
    <tediore1>18</tediore1>
    <tediore2>27</tediore2>
    <tediore3>36</tediore3>
    <tediore4>45</tediore4>
    <tediore5>50</tediore5>
  </Section>
  <Section>
    <Name>Unique_Weapons.CustomWeap_Repeater_AthenasWisdom</Name>
    <Hyperion0>9</Hyperion0>
    <Hyperion1>18</Hyperion1>
    <Hyperion2>27</Hyperion2>
    <Hyperion3>36</Hyperion3>
    <Hyperion4>45</Hyperion4>
    <Hyperion5>50</Hyperion5>
  </Section>
  <Section>
    <Name>Pearlescent_Weapons.CustomWeap_SupportMG_SandSSerpens</Name>
    <SandSMunitions0>6</SandSMunitions0>
    <SandSMunitions1>15</SandSMunitions1>
    <SandSMunitions2>24</SandSMunitions2>
    <SandSMunitions3>33</SandSMunitions3>
    <SandSMunitions4>42</SandSMunitions4>
    <SandSMunitions5>50</SandSMunitions5>
  </Section>
  <Section>
    <Name>Pearlescent_Weapons.CustomWeap_SniperRifle_JakobsBessie</Name>
    <Jakobs0>6</Jakobs0>
    <Jakobs1>15</Jakobs1>
    <Jakobs2>24</Jakobs2>
    <Jakobs3>33</Jakobs3>
    <Jakobs4>42</Jakobs4>
    <Jakobs5>50</Jakobs5>
  </Section>
  <Section>
    <Name>Pearlescent_Weapons.CustomWeap_SMG_MaliwanTsunami</Name>
    <Maliwan0>6</Maliwan0>
    <Maliwan1>15</Maliwan1>
    <Maliwan2>24</Maliwan2>
    <Maliwan3>33</Maliwan3>
    <Maliwan4>42</Maliwan4>
    <Maliwan5>50</Maliwan5>
  </Section>
  <Section>
    <Name>Pearlescent_Weapons.CustomWeap_RocketLauncher_TorgueUndertaker</Name>
    <Torgue0>6</Torgue0>
    <Torgue1>15</Torgue1>
    <Torgue2>24</Torgue2>
    <Torgue3>33</Torgue3>
    <Torgue4>42</Torgue4>
    <Torgue5>50</Torgue5>
  </Section>
  <Section>
    <Name>Pearlescent_Weapons.CustomWeap_Revolver_AtlasAries</Name>
    <Atlas0>6</Atlas0>
    <Atlas1>15</Atlas1>
    <Atlas2>24</Atlas2>
    <Atlas3>33</Atlas3>
    <Atlas4>42</Atlas4>
    <Atlas5>50</Atlas5>
  </Section>
  <Section>
    <Name>Pearlescent_Weapons.CustomWeap_Repeater_HyperionNemesis</Name>
    <Hyperion0>6</Hyperion0>
    <Hyperion1>15</Hyperion1>
    <Hyperion2>24</Hyperion2>
    <Hyperion3>33</Hyperion3>
    <Hyperion4>42</Hyperion4>
    <Hyperion5>50</Hyperion5>
  </Section>
  <Section>
    <Name>Pearlescent_Weapons.CustomWeap_MachinePistol_VladofRevenge</Name>
    <Vladof0>6</Vladof0>
    <Vladof1>15</Vladof1>
    <Vladof2>24</Vladof2>
    <Vladof3>33</Vladof3>
    <Vladof4>42</Vladof4>
    <Vladof5>50</Vladof5>
  </Section>
  <Section>
    <Name>Pearlescent_Weapons.CustomWeap_CombatShotgun_DahlJackal</Name>
    <Dahl0>6</Dahl0>
    <Dahl1>15</Dahl1>
    <Dahl2>24</Dahl2>
    <Dahl3>33</Dahl3>
    <Dahl4>42</Dahl4>
    <Dahl5>50</Dahl5>
  </Section>
  <Section>
    <Name>Pearlescent_Weapons.CustomWeap_CombatRifle_TedioreAvenger</Name>
    <tediore0>6</tediore0>
    <tediore1>15</tediore1>
    <tediore2>24</tediore2>
    <tediore3>33</tediore3>
    <tediore4>42</tediore4>
    <tediore5>50</tediore5>
  </Section>
  <Section>
    <Name>Eridan_Weapons.CustomWeap_Eridan_SplatGun</Name>
    <Eridian0>8</Eridian0>
    <Eridian1>15</Eridian1>
    <Eridian2>24</Eridian2>
    <Eridian3>33</Eridian3>
    <Eridian4>42</Eridian4>
    <Eridian5>50</Eridian5>
  </Section>
  <Section>
    <Name>Eridan_Weapons.CustomWeap_Eridan_RifleGun</Name>
    <Eridian0>8</Eridian0>
    <Eridian1>15</Eridian1>
    <Eridian2>24</Eridian2>
    <Eridian3>33</Eridian3>
    <Eridian4>42</Eridian4>
    <Eridian5>50</Eridian5>
  </Section>
  <Section>
    <Name>Eridan_Weapons.CustomWeap_Eridan_MegaCannon</Name>
    <Eridian0>8</Eridian0>
    <Eridian1>15</Eridian1>
    <Eridian2>24</Eridian2>
    <Eridian3>33</Eridian3>
    <Eridian4>42</Eridian4>
    <Eridian5>50</Eridian5>
  </Section>
  <Section>
    <Name>Eridan_Weapons.CustomWeap_Eridan_FlareGun</Name>
    <Eridian0>8</Eridian0>
    <Eridian1>15</Eridian1>
    <Eridian2>24</Eridian2>
    <Eridian3>33</Eridian3>
    <Eridian4>42</Eridian4>
    <Eridian5>50</Eridian5>
  </Section>
</INI>