<?xml version="1.0" encoding="us-ascii"?>
<!--Comment-->
<INI>
  <Section>
    <Name>Weapons_Stock.ItemGrade_Stock_CombatRifle</Name>
    <Stock0>2</Stock0>
    <Stock1>14</Stock1>
    <Stock2>23</Stock2>
    <Stock3>32</Stock3>
    <Stock4>41</Stock4>
    <Stock5>51</Stock5>
  </Section>
  <Section>
    <Name>dlc3_Weapons_Eridan.ItemGrade_Eridan_Rifle_SplatGun</Name>
    <Eridian0>13</Eridian0>
    <Eridian1>21</Eridian1>
    <Eridian2>30</Eridian2>
    <Eridian3>39</Eridian3>
    <Eridian4>48</Eridian4>
    <Eridian5>51</Eridian5>
  </Section>
  <Section>
    <Name>dlc3_Gear.ItemGrade_Gear_LoyaltyDeck_Roland</Name>
    <Vladof0>12</Vladof0>
    <Vladof1>21</Vladof1>
    <Vladof2>30</Vladof2>
    <Vladof3>39</Vladof3>
    <Vladof4>48</Vladof4>
    <Vladof5>50</Vladof5>
    <SandSMunitions0>6</SandSMunitions0>
    <SandSMunitions1>15</SandSMunitions1>
    <SandSMunitions2>24</SandSMunitions2>
    <SandSMunitions3>33</SandSMunitions3>
    <SandSMunitions4>42</SandSMunitions4>
    <SandSMunitions5>50</SandSMunitions5>
    <Atlas0>9</Atlas0>
    <Atlas1>18</Atlas1>
    <Atlas2>27</Atlas2>
    <Atlas3>36</Atlas3>
    <Atlas4>45</Atlas4>
    <Atlas5>50</Atlas5>
  </Section>
  <Section>
    <Name>dlc3_Gear.ItemGrade_Gear_LoyaltyDeck_Mordecai</Name>
    <Anshin0>9</Anshin0>
    <Anshin1>17</Anshin1>
    <Anshin2>27</Anshin2>
    <Anshin3>36</Anshin3>
    <Anshin4>45</Anshin4>
    <Anshin5>50</Anshin5>
    <Jakobs0>6</Jakobs0>
    <Jakobs1>15</Jakobs1>
    <Jakobs2>24</Jakobs2>
    <Jakobs3>33</Jakobs3>
    <Jakobs4>42</Jakobs4>
    <Jakobs5>50</Jakobs5>
    <Hyperion0>8</Hyperion0>
    <Hyperion1>17</Hyperion1>
    <Hyperion2>26</Hyperion2>
    <Hyperion3>35</Hyperion3>
    <Hyperion4>44</Hyperion4>
    <Hyperion5>50</Hyperion5>
  </Section>
  <Section>
    <Name>dlc3_Gear.ItemGrade_Gear_LoyaltyDeck_Lilith</Name>
    <Dahl0>9</Dahl0>
    <Dahl1>18</Dahl1>
    <Dahl2>27</Dahl2>
    <Dahl3>36</Dahl3>
    <Dahl4>45</Dahl4>
    <Dahl5>50</Dahl5>
    <Maliwan0>9</Maliwan0>
    <Maliwan1>17</Maliwan1>
    <Maliwan2>27</Maliwan2>
    <Maliwan3>36</Maliwan3>
    <Maliwan4>45</Maliwan4>
    <Maliwan5>50</Maliwan5>
    <Eridian0>12</Eridian0>
    <Eridian1>21</Eridian1>
    <Eridian2>30</Eridian2>
    <Eridian3>39</Eridian3>
    <Eridian4>48</Eridian4>
    <Eridian5>50</Eridian5>
  </Section>
  <Section>
    <Name>dlc3_Gear.ItemGrade_Gear_LoyaltyDeck_Gearbox</Name>
    <Gearbox0>3</Gearbox0>
    <Gearbox1>15</Gearbox1>
    <Gearbox2>24</Gearbox2>
    <Gearbox3>33</Gearbox3>
    <Gearbox4>42</Gearbox4>
    <Gearbox5>50</Gearbox5>
  </Section>
  <Section>
    <Name>dlc3_Gear.ItemGrade_Gear_LoyaltyDeck_Brick</Name>
    <tediore0>3</tediore0>
    <tediore1>15</tediore1>
    <tediore2>24</tediore2>
    <tediore3>33</tediore3>
    <tediore4>42</tediore4>
    <tediore5>50</tediore5>
    <Torgue0>12</Torgue0>
    <Torgue1>21</Torgue1>
    <Torgue2>30</Torgue2>
    <Torgue3>39</Torgue3>
    <Torgue4>49</Torgue4>
    <Torgue5>50</Torgue5>
    <Pangolin0>9</Pangolin0>
    <Pangolin1>18</Pangolin1>
    <Pangolin2>27</Pangolin2>
    <Pangolin3>36</Pangolin3>
    <Pangolin4>45</Pangolin4>
    <Pangolin5>50</Pangolin5>
  </Section>
  <Section>
    <Name>dlc3_Gear.ItemGrade_Gear_ClassDeck_Mordecai_TW</Name>
  </Section>
</INI>