<?xml version="1.0" encoding="us-ascii"?>
<!--Comment-->
<INI>
  <Section>
    <Name>Title.Title_VladofLoyaltyDeck</Name>
    <PartName>Vladof Enhancement Mod</PartName>
  </Section>
  <Section>
    <Name>Title.Title_TorgueLoyaltyDeck</Name>
    <PartName>Torgue Enhancement Mod</PartName>
  </Section>
  <Section>
    <Name>Title.Title_TedioreLoyaltyDeck</Name>
    <PartName>Tediore Enhancement Mod</PartName>
  </Section>
  <Section>
    <Name>Title.Title_SandSLoyaltyDeck</Name>
    <PartName>S and S Enhancement Mod</PartName>
  </Section>
  <Section>
    <Name>Title.Title_PangolinLoyaltyDeck</Name>
    <PartName>Pangolin Enhancement Mod</PartName>
  </Section>
  <Section>
    <Name>Title.Title_MaliwanLoyaltyDeck</Name>
    <PartName>Maliwan Enhancement Mod</PartName>
  </Section>
  <Section>
    <Name>Title.Title_JakobsLoyaltyDeck</Name>
    <PartName>Jakobs Enhancement Mod</PartName>
  </Section>
  <Section>
    <Name>Title.Title_HyperionLoyaltyDeck</Name>
    <PartName>Hyperion Enhancement Mod</PartName>
  </Section>
  <Section>
    <Name>Title.Title_GearboxLoyaltyDeck</Name>
    <PartName>Gearbox Enhancement Mod</PartName>
  </Section>
  <Section>
    <Name>Title.Title_EridianLoyaltyDeck</Name>
    <PartName>Eridian Enhancement Mod</PartName>
  </Section>
  <Section>
    <Name>Title.Title_DahlLoyaltyDeck</Name>
    <PartName>Dahl Enhancement Mod</PartName>
  </Section>
  <Section>
    <Name>Title.Title_AtlasLoyaltyDeck</Name>
    <PartName>Atlas Enhancement Mod</PartName>
  </Section>
  <Section>
    <Name>Title.Title_AnshinLoyaltyDeck</Name>
    <PartName>Anshin Enhancement Mod</PartName>
  </Section>
  <Section>
    <Name>Prefix.Prefix_Loyalty_Gearbox_Roland</Name>
    <PartName>Gearhead</PartName>
  </Section>
  <Section>
    <Name>Prefix.Prefix_Loyalty_Gearbox_Lilith</Name>
  </Section>
  <Section>
    <Name>Prefix.Prefix_Loyalty_Gearbox</Name>
    <PartName>Badass</PartName>
  </Section>
  <Section>
    <Name>Prefix.Prefix_Loyalty_Eridian_EridianWarrior</Name>
    <PartName>Eridian Warrior</PartName>
  </Section>
  <Section>
    <Name>Prefix.Prefix_Command_Roland_Marine</Name>
    <PartName>Marine</PartName>
  </Section>
  <Section>
    <Name>Prefix.Prefix_Command_Mordecai_TruxicanWrestler</Name>
    <PartName>Truxican Wrestler</PartName>
  </Section>
  <Section>
    <Name>Prefix.Prefix_Command_Lilith_Specter</Name>
    <PartName>Specter</PartName>
  </Section>
  <Section>
    <Name>Prefix.Prefix_Command_Brick_Ogre</Name>
    <PartName>Ogre</PartName>
  </Section>
  <Section>
    <Name>Body_Loyalty.Loyalty_Roland_Vladof</Name>
    <Rarity>2</Rarity>
    <CashValueModifier>gd_Balance_Inventory.Cost_ClassMod.ClassModPartCost2_Uncommon</CashValueModifier>
  </Section>
  <Section>
    <Name>Body_Loyalty.Loyalty_Roland_SandS</Name>
    <Rarity>2</Rarity>
    <CashValueModifier>gd_Balance_Inventory.Cost_ClassMod.ClassModPartCost2_Uncommon</CashValueModifier>
  </Section>
  <Section>
    <Name>Body_Loyalty.Loyalty_Roland_Atlas</Name>
    <Rarity>2</Rarity>
    <CashValueModifier>gd_Balance_Inventory.Cost_ClassMod.ClassModPartCost2_Uncommon</CashValueModifier>
  </Section>
  <Section>
    <Name>Body_Loyalty.Loyalty_Mordecai_Jakobs</Name>
    <Rarity>2</Rarity>
    <CashValueModifier>gd_Balance_Inventory.Cost_ClassMod.ClassModPartCost2_Uncommon</CashValueModifier>
  </Section>
  <Section>
    <Name>Body_Loyalty.Loyalty_Mordecai_Hyperion</Name>
    <Rarity>2</Rarity>
    <CashValueModifier>gd_Balance_Inventory.Cost_ClassMod.ClassModPartCost2_Uncommon</CashValueModifier>
  </Section>
  <Section>
    <Name>Body_Loyalty.Loyalty_Mordecai_Anshin</Name>
    <Rarity>2</Rarity>
    <CashValueModifier>gd_Balance_Inventory.Cost_ClassMod.ClassModPartCost2_Uncommon</CashValueModifier>
  </Section>
  <Section>
    <Name>Body_Loyalty.Loyalty_Lilith_Maliwan</Name>
    <Rarity>2</Rarity>
    <CashValueModifier>gd_Balance_Inventory.Cost_ClassMod.ClassModPartCost2_Uncommon</CashValueModifier>
  </Section>
  <Section>
    <Name>Body_Loyalty.Loyalty_Lilith_Eridian</Name>
    <Rarity>2</Rarity>
    <CashValueModifier>gd_Balance_Inventory.Cost_ClassMod.ClassModPartCost2_Uncommon</CashValueModifier>
  </Section>
  <Section>
    <Name>Body_Loyalty.Loyalty_Lilith_Dahl</Name>
    <Rarity>2</Rarity>
    <CashValueModifier>gd_Balance_Inventory.Cost_ClassMod.ClassModPartCost2_Uncommon</CashValueModifier>
  </Section>
  <Section>
    <Name>Body_Loyalty.Loyalty_Brick_Torgue</Name>
    <Rarity>2</Rarity>
    <CashValueModifier>gd_Balance_Inventory.Cost_ClassMod.ClassModPartCost2_Uncommon</CashValueModifier>
  </Section>
  <Section>
    <Name>Body_Loyalty.Loyalty_Brick_Tediore</Name>
    <Rarity>2</Rarity>
    <CashValueModifier>gd_Balance_Inventory.Cost_ClassMod.ClassModPartCost2_Uncommon</CashValueModifier>
  </Section>
  <Section>
    <Name>Body_Loyalty.Loyalty_Brick_Pangolin</Name>
    <Rarity />
    <CashValueModifier>gd_Balance_Inventory.Cost_ClassMod.ClassModPartCost6_Legendary</CashValueModifier>
  </Section>
  <Section>
    <Name>Body_Loyalty.Loyalty_All_Gearbox</Name>
    <Rarity>2</Rarity>
    <CashValueModifier>gd_Balance_Inventory.Cost_ClassMod.ClassModPartCost2_Uncommon</CashValueModifier>
  </Section>
  <Section>
    <Name>Body_Command.Roland_Dahl_Marine</Name>
    <Rarity>2</Rarity>
    <CashValueModifier>gd_Balance_Inventory.Cost_ClassMod.ClassModPartCost2_Uncommon</CashValueModifier>
  </Section>
  <Section>
    <Name>Body_Command.Mordecai_SandS_Truxican</Name>
    <Rarity>2</Rarity>
    <CashValueModifier>gd_Balance_Inventory.Cost_ClassMod.ClassModPartCost2_Uncommon</CashValueModifier>
  </Section>
  <Section>
    <Name>Body_Command.Lilith_Hyperion_Specter</Name>
    <Rarity>2</Rarity>
    <CashValueModifier>gd_Balance_Inventory.Cost_ClassMod.ClassModPartCost2_Uncommon</CashValueModifier>
  </Section>
  <Section>
    <Name>Body_Command.Brick_Torgue_Ogre</Name>
    <Rarity>2</Rarity>
    <CashValueModifier>gd_Balance_Inventory.Cost_ClassMod.ClassModPartCost2_Uncommon</CashValueModifier>
  </Section>
  <Section>
    <Name>A_Item.Item_LoyaltyDeck_Roland</Name>
    <BaseCashValueModifier>100</BaseCashValueModifier>
  </Section>
  <Section>
    <Name>A_Item.Item_LoyaltyDeck_Mordecai</Name>
    <BaseCashValueModifier>100</BaseCashValueModifier>
  </Section>
  <Section>
    <Name>A_Item.Item_LoyaltyDeck_Lilith</Name>
    <BaseCashValueModifier>100</BaseCashValueModifier>
  </Section>
  <Section>
    <Name>A_Item.Item_LoyaltyDeck_Gearbox</Name>
    <BaseCashValueModifier>100</BaseCashValueModifier>
  </Section>
  <Section>
    <Name>A_Item.Item_LoyaltyDeck_Brick</Name>
    <BaseCashValueModifier>100</BaseCashValueModifier>
  </Section>
  <Section>
    <Name>Shield.body3_Pangolin_Ironclad</Name>
    <Rarity>50</Rarity>
  </Section>
  <Section>
    <Name>Shield.body4_Anshin_Rose</Name>
    <Rarity>50</Rarity>
  </Section>
  <Section>
    <Name>Shield.body4_Atlas_Omega</Name>
    <Rarity>50</Rarity>
  </Section>
  <Section>
    <Name>Title.Title_P_Anshin_Rose</Name>
    <Rarity>50</Rarity>
  </Section>
  <Section>
    <Name>Title.Title_P_Pangolin_Ironclad</Name>
    <Rarity>50</Rarity>
  </Section>
  <Section>
    <Name>Title.Title_U_Atlas_Omega</Name>
    <Rarity>50</Rarity>
  </Section>
  <Section>
    <Name>CombatRifle.TedioreAvenger_Material</Name>
    <Rarity>5</Rarity>
  </Section>
  <Section>
    <Name>CombatRifle.TedioreAvenger_sight5</Name>
    <Rarity>50</Rarity>
  </Section>
  <Section>
    <Name>CombatShotgun.barrel3_DahlJackal</Name>
    <Rarity>50</Rarity>
  </Section>
  <Section>
    <Name>CombatShotgun.DahlJackal_Material</Name>
    <Rarity>3</Rarity>
  </Section>
  <Section>
    <Name>EridanRifle.Cannon.barrel5_MegaCannon</Name>
    <PartNumberAddend>100</PartNumberAddend>
    <Rarity>50</Rarity>
  </Section>
  <Section>
    <Name>EridanRifle.ElementalRifle.barrel2_Fireball</Name>
    <PartNumberAddend>1</PartNumberAddend>
    <Rarity>8</Rarity>
  </Section>
  <Section>
    <Name>EridanRifle.ElementalRifle.barrel2_Firebomb</Name>
    <PartNumberAddend>1</PartNumberAddend>
    <Rarity>50</Rarity>
  </Section>
  <Section>
    <Name>EridanRifle.ElementalRifle.barrel2_Flaregun</Name>
    <PartNumberAddend>1</PartNumberAddend>
    <Rarity>0</Rarity>
  </Section>
  <Section>
    <Name>EridanRifle.ElementalRifle.barrel2_GlobGun</Name>
    <PartNumberAddend>1</PartNumberAddend>
    <Rarity>1</Rarity>
  </Section>
  <Section>
    <Name>EridanRifle.ElementalRifle.barrel2_RollingSpattergun</Name>
    <PartNumberAddend>1</PartNumberAddend>
    <Rarity>5</Rarity>
  </Section>
  <Section>
    <Name>EridanRifle.ElementalRifle.barrel2_Splatgun</Name>
    <PartNumberAddend>1</PartNumberAddend>
    <Rarity>3</Rarity>
  </Section>
  <Section>
    <Name>EridanRifle.ElementalRifle.barrel2_StampedingSpattergun</Name>
    <PartNumberAddend>1</PartNumberAddend>
    <Rarity>50</Rarity>
  </Section>
  <Section>
    <Name>EridanRifle.ElementalRifle.barrel3_Rifle</Name>
    <PartNumberAddend>10</PartNumberAddend>
    <Rarity>0</Rarity>
  </Section>
  <Section>
    <Name>MachinePistol.barrel4_VladofStalker</Name>
    <Rarity>50</Rarity>
  </Section>
  <Section>
    <Name>MachinePistol.VladofStalker_Material</Name>
    <Rarity>5</Rarity>
  </Section>
  <Section>
    <Name>RepeaterPistol.acc5_Shock_HyperionNemesis</Name>
    <PartNumberAddend>88</PartNumberAddend>
    <Rarity>50</Rarity>
  </Section>
  <Section>
    <Name>RepeaterPistol.AthenasWisdom_Material</Name>
    <Rarity>0</Rarity>
  </Section>
  <Section>
    <Name>RepeaterPistol.barrel0_ChiquitoAmigo</Name>
    <Rarity>1</Rarity>
  </Section>
  <Section>
    <Name>RepeaterPistol.barrel5_AthenasWisdom</Name>
    <Rarity>5</Rarity>
  </Section>
  <Section>
    <Name>RepeaterPistol.HyperionNemesis_Material</Name>
    <Rarity>5</Rarity>
  </Section>
  <Section>
    <Name>RepeaterPistol.KnoxsGold_Material</Name>
    <Rarity>3</Rarity>
  </Section>
  <Section>
    <Name>RepeaterPistol.Material_ChiquitoAmigo_3</Name>
    <Rarity>5</Rarity>
  </Section>
  <Section>
    <Name>RevolverPistol.acc5_Heal_AtlasAries</Name>
    <PartNumberAddend>88</PartNumberAddend>
    <Rarity>50</Rarity>
  </Section>
  <Section>
    <Name>RevolverPistol.Material_Aries_3</Name>
    <Rarity>5</Rarity>
  </Section>
  <Section>
    <Name>RocketLauncher.barrel2_TorgueUndertaker</Name>
    <PartNumberAddend>666</PartNumberAddend>
    <Rarity>50</Rarity>
  </Section>
  <Section>
    <Name>RocketLauncher.TorgueUndertaker_Material</Name>
    <Rarity>5</Rarity>
  </Section>
  <Section>
    <Name>SemiAutoSniper.acc2_KyrosPower</Name>
    <Rarity>3</Rarity>
  </Section>
  <Section>
    <Name>SemiAutoSniper.Material_KyrosPower_3</Name>
    <Rarity>5</Rarity>
  </Section>
  <Section>
    <Name>SMG.acc2_Typhoon</Name>
    <Rarity>5</Rarity>
  </Section>
  <Section>
    <Name>SMG.acc3_Maliwan_Tsunami</Name>
    <PartNumberAddend>88</PartNumberAddend>
    <Rarity>50</Rarity>
  </Section>
  <Section>
    <Name>SMG.DahlTyphoon_Material</Name>
    <Rarity>3</Rarity>
  </Section>
  <Section>
    <Name>SMG.MaliwanTsunami_Material</Name>
    <Rarity>5</Rarity>
  </Section>
  <Section>
    <Name>SniperRifle.JakobsBessie_Material</Name>
    <Rarity>3</Rarity>
  </Section>
  <Section>
    <Name>SniperRifle.sight4_Jakobs_Bessie</Name>
    <Rarity>50</Rarity>
  </Section>
  <Section>
    <Name>SupportMachineGun.acc4_SandS_Serpens</Name>
    <PartNumberAddend>4444</PartNumberAddend>
    <Rarity>50</Rarity>
  </Section>
  <Section>
    <Name>SupportMachineGun.acc4_TheChopper</Name>
    <PartNumberAddend>4444</PartNumberAddend>
    <Rarity>8</Rarity>
  </Section>
  <Section>
    <Name>SupportMachineGun.AjaxSpear_Material</Name>
    <Rarity>5</Rarity>
  </Section>
  <Section>
    <Name>SupportMachineGun.barrel5_AjaxSpear</Name>
    <Rarity>5</Rarity>
  </Section>
  <Section>
    <Name>SupportMachineGun.Material_TheChopper_3</Name>
    <Rarity>5</Rarity>
  </Section>
  <Section>
    <Name>SupportMachineGun.SandSSerpens_Material</Name>
    <Rarity>3</Rarity>
  </Section>
  <Section>
    <Name>Title.TitleP_Atlas_Aries</Name>
    <Rarity>50</Rarity>
  </Section>
  <Section>
    <Name>Title.TitleP_Dahl_Jackal</Name>
    <Rarity>50</Rarity>
  </Section>
  <Section>
    <Name>Title.TitleP_Hyperion_Nemesis</Name>
    <Rarity>50</Rarity>
  </Section>
  <Section>
    <Name>Title.TitleP_Jakobs_Bessie</Name>
    <Rarity>50</Rarity>
  </Section>
  <Section>
    <Name>Title.TitleP_Maliwan_Tsunami</Name>
    <Rarity>50</Rarity>
  </Section>
  <Section>
    <Name>Title.TitleP_SandS_Serpens</Name>
    <Rarity>50</Rarity>
  </Section>
  <Section>
    <Name>Title.TitleP_Tediore_Avenger</Name>
    <Rarity>50</Rarity>
  </Section>
  <Section>
    <Name>Title.TitleP_Torgue_Undertaker</Name>
    <Rarity>50</Rarity>
  </Section>
  <Section>
    <Name>Title.TitleP_Vladof_Stalker</Name>
    <Rarity>50</Rarity>
  </Section>
  <Section>
    <Name>Title.TitleU_Repeater_AthenasWisdom</Name>
    <Rarity>5</Rarity>
  </Section>
  <Section>
    <Name>Title.TitleU_Repeater_ChiquitoAmigo</Name>
    <Rarity>5</Rarity>
  </Section>
  <Section>
    <Name>Title.TitleU_Repeater_KnoxsGold</Name>
    <Rarity>5</Rarity>
  </Section>
  <Section>
    <Name>Title.TitleU_SemiAutoSniper_KyrosPower</Name>
    <Rarity>5</Rarity>
  </Section>
  <Section>
    <Name>Title.TitleU_SMG_Typhoon</Name>
    <Rarity>5</Rarity>
  </Section>
  <Section>
    <Name>Title.TitleU_SupportMG_AjaxsSpear</Name>
    <Rarity>5</Rarity>
  </Section>
  <Section>
    <Name>Title.TitleU_SupportMG_TheChopper</Name>
    <Rarity>5</Rarity>
  </Section>
  <Section>
    <Name>Title_Eridan.dlc3_Eridan_Rifle</Name>
    <Rarity>0</Rarity>
  </Section>
  <Section>
    <Name>Title_Eridan.dlc3_Fireball</Name>
    <Rarity>0</Rarity>
  </Section>
  <Section>
    <Name>Title_Eridan.dlc3_Firebomb</Name>
    <Rarity>0</Rarity>
  </Section>
  <Section>
    <Name>Title_Eridan.dlc3_Flaregun</Name>
    <Rarity>0</Rarity>
  </Section>
  <Section>
    <Name>Title_Eridan.dlc3_Globgun</Name>
    <Rarity>0</Rarity>
  </Section>
  <Section>
    <Name>Title_Eridan.dlc3_RollingSpattergun</Name>
    <Rarity>0</Rarity>
  </Section>
  <Section>
    <Name>Title_Eridan.dlc3_Splatgun</Name>
    <Rarity>0</Rarity>
  </Section>
  <Section>
    <Name>Title_Eridan.dlc3_StampedingSpattergun</Name>
    <Rarity>0</Rarity>
  </Section>
  <Section>
    <Name>Title_Eridan.dlc3_SuperBlankMEGAHack</Name>
    <Rarity>0</Rarity>
  </Section>
  <Section>
    <Name>Title_Eridan.Title_MegaCannon</Name>
    <Rarity>50</Rarity>
  </Section>
  <Section>
    <Name>EridanRifle.WeaponType_Eridan_Elementalgun</Name>
    <BaseRarity>5</BaseRarity>
    <Presentation>eridian</Presentation>
  </Section>
</INI>