<?xml version="1.0" encoding="us-ascii"?>
<!--Comment-->
<INI>
  <Section>
    <Name>Items.CustomItem_Shield_Pangolin_Ironclad</Name>
    <Pangolin0>11</Pangolin0>
    <Pangolin1>21</Pangolin1>
    <Pangolin2>31</Pangolin2>
    <Pangolin3>41</Pangolin3>
    <Pangolin4>50</Pangolin4>
  </Section>
  <Section>
    <Name>Items.CustomItem_Shield_Atlas_Omega</Name>
    <Atlas0>11</Atlas0>
    <Atlas1>21</Atlas1>
    <Atlas2>31</Atlas2>
    <Atlas3>41</Atlas3>
    <Atlas4>50</Atlas4>
  </Section>
  <Section>
    <Name>Items.CustomItem_Shield_Anshin_Rose</Name>
    <Anshin0>11</Anshin0>
    <Anshin1>21</Anshin1>
    <Anshin2>31</Anshin2>
    <Anshin3>41</Anshin3>
    <Anshin4>50</Anshin4>
  </Section>
  <Section>
    <Name>Items.CustomItem_GrenadeMOD_Stock_Transfusion</Name>
    <Anshin0>11</Anshin0>
    <Anshin1>21</Anshin1>
    <Anshin2>31</Anshin2>
    <Anshin3>41</Anshin3>
    <Anshin4>50</Anshin4>
  </Section>
  <Section>
    <Name>Items.CustomItem_GrenadeMOD_Stock_Shock</Name>
    <Atlas0>11</Atlas0>
    <Atlas1>21</Atlas1>
    <Atlas2>31</Atlas2>
    <Atlas3>41</Atlas3>
    <Atlas4>50</Atlas4>
  </Section>
  <Section>
    <Name>Items.CustomItem_GrenadeMOD_Stock_Incendiary</Name>
    <Torgue0>11</Torgue0>
    <Torgue1>21</Torgue1>
    <Torgue2>31</Torgue2>
    <Torgue3>41</Torgue3>
    <Torgue4>50</Torgue4>
  </Section>
  <Section>
    <Name>Items.CustomItem_GrenadeMOD_Stock_Corrosive</Name>
    <Vladof0>11</Vladof0>
    <Vladof1>21</Vladof1>
    <Vladof2>31</Vladof2>
    <Vladof3>41</Vladof3>
    <Vladof4>50</Vladof4>
  </Section>
  <Section>
    <Name>Items.CustomItem_Gear_Shield_Shock_DLC3</Name>
    <Maliwan0>9</Maliwan0>
    <Maliwan1>17</Maliwan1>
    <Maliwan2>27</Maliwan2>
    <Maliwan3>36</Maliwan3>
    <Maliwan4>45</Maliwan4>
    <Maliwan5>50</Maliwan5>
    <Atlas0>12</Atlas0>
    <Atlas1>21</Atlas1>
    <Atlas2>30</Atlas2>
    <Atlas3>39</Atlas3>
    <Atlas4>48</Atlas4>
    <Atlas5>50</Atlas5>
  </Section>
  <Section>
    <Name>Items.CustomItem_Gear_Shield_Incendiary_DLC3</Name>
    <Torgue0>12</Torgue0>
    <Torgue1>21</Torgue1>
    <Torgue2>30</Torgue2>
    <Torgue3>39</Torgue3>
    <Torgue4>49</Torgue4>
    <Torgue5>50</Torgue5>
    <Hyperion0>8</Hyperion0>
    <Hyperion1>17</Hyperion1>
    <Hyperion2>26</Hyperion2>
    <Hyperion3>35</Hyperion3>
    <Hyperion4>44</Hyperion4>
    <Hyperion5>50</Hyperion5>
  </Section>
  <Section>
    <Name>Items.CustomItem_Gear_Shield_Corrosive_DLC3</Name>
    <Dahl0>5</Dahl0>
    <Dahl1>18</Dahl1>
    <Dahl2>27</Dahl2>
    <Dahl3>36</Dahl3>
    <Dahl4>45</Dahl4>
    <Dahl5>50</Dahl5>
    <SandSMunitions0>6</SandSMunitions0>
    <SandSMunitions1>15</SandSMunitions1>
    <SandSMunitions2>24</SandSMunitions2>
    <SandSMunitions3>33</SandSMunitions3>
    <SandSMunitions4>42</SandSMunitions4>
    <SandSMunitions5>50</SandSMunitions5>
  </Section>
  <Section>
    <Name>Items.CustomItem_ClassMod_Truxican</Name>
    <SandSMunitions0>11</SandSMunitions0>
    <SandSMunitions1>21</SandSMunitions1>
    <SandSMunitions2>31</SandSMunitions2>
    <SandSMunitions3>41</SandSMunitions3>
    <SandSMunitions4>50</SandSMunitions4>
  </Section>
  <Section>
    <Name>Items.CustomItem_ClassMod_Specter</Name>
    <Hyperion0>11</Hyperion0>
    <Hyperion1>21</Hyperion1>
    <Hyperion2>31</Hyperion2>
    <Hyperion3>41</Hyperion3>
    <Hyperion4>50</Hyperion4>
  </Section>
  <Section>
    <Name>Items.CustomItem_ClassMod_Ogre</Name>
    <Torgue0>11</Torgue0>
    <Torgue1>21</Torgue1>
    <Torgue2>31</Torgue2>
    <Torgue3>41</Torgue3>
    <Torgue4>50</Torgue4>
  </Section>
  <Section>
    <Name>Items.CustomItem_ClassMod_Marine</Name>
    <Dahl0>11</Dahl0>
    <Dahl1>21</Dahl1>
    <Dahl2>31</Dahl2>
    <Dahl3>41</Dahl3>
    <Dahl4>50</Dahl4>
  </Section>
</INI>