<?xml version="1.0" encoding="us-ascii"?>
<!--Comment-->
<INI>
  <Section>
    <Name>Z0_Echos.Bandits.Z0E_BanditPresence01</Name>
    <Subject>???</Subject>
  </Section>
  <Section>
    <Name>Z0_Echos.Bandits.Z0E_BanditPresence02</Name>
    <Subject>???</Subject>
  </Section>
  <Section>
    <Name>Z0_Echos.Bandits.Z0E_BanditPresence03</Name>
    <Subject>???</Subject>
  </Section>
  <Section>
    <Name>Z0_Echos.ClapTrap.Z0E_Badass</Name>
    <Subject>Badasses</Subject>
  </Section>
  <Section>
    <Name>Z0_Echos.ClapTrap.Z0E_CorrosiveWeapons</Name>
    <Subject>Corrosive Weapons</Subject>
  </Section>
  <Section>
    <Name>Z0_Echos.ClapTrap.Z0E_EnemyLevels</Name>
    <Subject>Enemy Status Display</Subject>
  </Section>
  <Section>
    <Name>Z0_Echos.ClapTrap.Z0E_ExplosiveWeapons</Name>
    <Subject>Explosive Weapons</Subject>
  </Section>
  <Section>
    <Name>Z0_Echos.ClapTrap.Z0E_GrenadeMods</Name>
    <Subject>Grenade Mods</Subject>
  </Section>
  <Section>
    <Name>Z0_Echos.ClapTrap.Z0E_IncendiaryWeapons</Name>
    <Subject>Incendiary Weapons</Subject>
  </Section>
  <Section>
    <Name>Z0_Echos.ClapTrap.Z0E_IntroFakeEcho</Name>
    <Subject />
  </Section>
  <Section>
    <Name>Z0_Echos.ClapTrap.Z0E_MoreMissionsFyrestone</Name>
    <Subject>Fyrestone Bounty Board</Subject>
  </Section>
  <Section>
    <Name>Z0_Echos.ClapTrap.Z0E_MoreMissionsGroaning</Name>
    <Subject>Groaning Hollow Bounty Board</Subject>
  </Section>
  <Section>
    <Name>Z0_Echos.ClapTrap.Z0E_MoreMissionsShep</Name>
    <Subject>Shep Has More Missions</Subject>
  </Section>
  <Section>
    <Name>Z0_Echos.ClapTrap.Z0E_MoreMissionsZed</Name>
    <Subject>Dr. Zed Has More Missions</Subject>
  </Section>
  <Section>
    <Name>Z0_Echos.ClapTrap.Z0E_Revolver</Name>
    <Subject>Revolvers</Subject>
  </Section>
  <Section>
    <Name>Z0_Echos.ClapTrap.Z0E_ShockWeapons</Name>
    <Subject>Shock Weapons</Subject>
  </Section>
  <Section>
    <Name>Z0_Echos.ClapTrap.Z0E_StorageDeckUpgrade</Name>
    <Subject>Storage Deck Upgrade</Subject>
  </Section>
  <Section>
    <Name>Z0_Echos.Flynt.Z0E_KilledMyMan</Name>
    <Subject>You Killed My Man</Subject>
  </Section>
  <Section>
    <Name>Z0_Echos.Helena.Z0E_GuideToFirestone</Name>
    <Subject>Guide To Fyrestone</Subject>
  </Section>
  <Section>
    <Name>Z0_Echos.Helena.Z0E_IntroducingHelena</Name>
    <Subject>Introducing Helena</Subject>
  </Section>
  <Section>
    <Name>Z0_Echos.Helena.Z0E_RoadToNewHaven</Name>
    <Subject>The Road To New Haven Is Open</Subject>
  </Section>
  <Section>
    <Name>Z0_Echos.Helena.Z0E_TannisBelieves</Name>
    <Subject>Tannis Believes It's Real</Subject>
  </Section>
  <Section>
    <Name>Z0_Echos.Helena.Z0E_VaultIsAMyth</Name>
    <Subject>The Vault is a Myth</Subject>
  </Section>
  <Section>
    <Name>Z0_Echos.Helena.Z0E_VaultIsReal</Name>
    <Subject>The Vault is Real?</Subject>
  </Section>
  <Section>
    <Name>Z0_Echos.Markus.Z0E_IntroducingMarkus</Name>
    <Subject>Introducing Marcus</Subject>
  </Section>
  <Section>
    <Name>Z0_Echos.Markus.Z0E_OpeningFyrestone</Name>
    <Subject>Fyrestone Store Open</Subject>
  </Section>
  <Section>
    <Name>Z0_Echos.Markus.Z0E_TannisOpportunity</Name>
    <Subject>Tannis Brings Opportunity</Subject>
  </Section>
  <Section>
    <Name>Z0_Echos.Markus.Z0E_VaultRumorsProfit</Name>
    <Subject>Vault Rumors Mean Profit</Subject>
  </Section>
  <Section>
    <Name>Z0_Echos.Scooter.Z0E_IntroducingScooter</Name>
    <Subject>Introducing Scooter</Subject>
  </Section>
  <Section>
    <Name>Z0_Echos.Scooter.Z0E_JumpedPissWash</Name>
    <Subject>That Was Awesome!</Subject>
  </Section>
  <Section>
    <Name>Z0_Echos.Scooter.Z0E_SummonedVehicle</Name>
    <Subject>That Runner's A Beaut'</Subject>
  </Section>
  <Section>
    <Name>Z0_Echos.Scooter.Z0E_TakeALookAtVSS</Name>
    <Subject>Check Out The Catch-A-Ride</Subject>
  </Section>
  <Section>
    <Name>Z0_Echos.Steele.Z0E_IntroducingSteele</Name>
    <Subject>Introducing Steele</Subject>
  </Section>
  <Section>
    <Name>Z0_Echos.Steele.Z0E_NotfoolingAnyone</Name>
    <Subject>You're Not Fooling Anyone</Subject>
  </Section>
  <Section>
    <Name>Z0_Echos.Tannis.Z0E_INeedYourSupport</Name>
    <Subject>I Need Your Support</Subject>
  </Section>
  <Section>
    <Name>Z0_Echos.Tannis.Z0E_IntroducingTannis</Name>
    <Subject>Introducing Tannis</Subject>
  </Section>
  <Section>
    <Name>Z0_Echos.TKBaha.Z0E_KillNineToes</Name>
    <Subject>I Heard That!</Subject>
  </Section>
  <Section>
    <Name>Z0_Echos.VoG.Z0E_Claptrap_Down</Name>
    <Subject>Give Him A Hand</Subject>
  </Section>
  <Section>
    <Name>Z0_Echos.VoG.Z0E_Claptrap_GotBetter</Name>
    <Subject>He Seems To Be Okay</Subject>
  </Section>
  <Section>
    <Name>Z0_Echos.VoG.Z0E_EstablishingTalk01</Name>
    <Subject>A Moment Of Your Time</Subject>
  </Section>
  <Section>
    <Name>Z0_Echos.VoG.Z0E_EstablishingTalk02</Name>
    <Subject>You're On Your Way</Subject>
  </Section>
  <Section>
    <Name>Z0_Echos.VoG.Z0E_FirstRealChallenge</Name>
    <Subject>Your First Real Challenge</Subject>
  </Section>
  <Section>
    <Name>Z0_Echos.VoG.Z0E_FirstStepComplete</Name>
    <Subject>Completed Your First Step</Subject>
  </Section>
  <Section>
    <Name>Z0_Echos.VoG.Z0E_GenericPraise01</Name>
    <Subject />
  </Section>
  <Section>
    <Name>Z0_Echos.VoG.Z0E_GenericPraise02</Name>
    <Subject />
  </Section>
  <Section>
    <Name>Z0_Echos.VoG.Z0E_GetOffTheBus</Name>
    <Subject>Get Off The Bus</Subject>
  </Section>
  <Section>
    <Name>Z0_Echos.VoG.Z0E_HelpingDrZed</Name>
    <Subject>Help Dr. Zed</Subject>
  </Section>
  <Section>
    <Name>Z0_Echos.VoG.Z0E_HopefulKillSteele</Name>
    <Subject>Sledge Has Something We Need</Subject>
  </Section>
  <Section>
    <Name>Z0_Echos.VoG.Z0E_IAmHopeful</Name>
    <Subject>Don't Be Alarmed</Subject>
  </Section>
  <Section>
    <Name>Z0_Echos.VoG.Z0E_OnYourWay</Name>
    <Subject>You're Well On Your Way</Subject>
  </Section>
  <Section>
    <Name>Z0_Echos.VoG.Z0E_Sledge_Approach</Name>
    <Subject>This One Is A Brute</Subject>
  </Section>
  <Section>
    <Name>Z0_Echos.VoG.Z0E_Sledge_FirstKey</Name>
    <Subject>First Piece Of The Key</Subject>
  </Section>
  <Section>
    <Name>Z0_Echos.VoG.Z0E_Sledge_GotKey</Name>
    <Subject>Sledge Has Something We Need</Subject>
  </Section>
  <Section>
    <Name>Z0_Echos.VoG.Z0E_Sledge_GotMission</Name>
    <Subject>Nothing Stands In Your Way</Subject>
  </Section>
  <Section>
    <Name>Z0_Echos.VoG.Z0E_Sledge_OpenedMine</Name>
    <Subject>A Real Challenge</Subject>
  </Section>
  <Section>
    <Name>Z0_Echos.VoG.Z0E_Sledge_ShieldDown</Name>
    <Subject>His Shield Is Down!</Subject>
  </Section>
  <Section>
    <Name>Z0_Echos.VoG.Z0E_SoHappy</Name>
    <Subject>I'm So Happy</Subject>
  </Section>
  <Section>
    <Name>Z0_Echos.VoG.Z0E_VenturingOut</Name>
    <Subject>Venturing Out?</Subject>
  </Section>
  <Section>
    <Name>Z0_Echos.VoG.Z0E_VeryHappy</Name>
    <Subject>I'm Very Happy</Subject>
  </Section>
  <Section>
    <Name>Z0_Echos.VoG.Z0E_VoG_FyrestoneCustom01</Name>
    <Subject>I Knew You Were The Right Choice</Subject>
  </Section>
  <Section>
    <Name>Z0_Echos.VoG.Z0E_VoG_GenericAffirmation</Name>
    <Subject />
  </Section>
  <Section>
    <Name>Z0_Echos.VoG.Z0E_VoG_GenericContact</Name>
    <Subject />
  </Section>
  <Section>
    <Name>Z0_Echos.VoG.Z0E_VoG_GenericEncourage</Name>
    <Subject />
  </Section>
  <Section>
    <Name>Z0_Echos.VoG.Z0E_VoG_GenericPrompt</Name>
    <Subject />
  </Section>
  <Section>
    <Name>Z0_Echos.VoG.Z0E_VoG_GenericResponse</Name>
    <Subject />
  </Section>
  <Section>
    <Name>Z0_Echos.VoG.Z0E_VoG_GenericStatement</Name>
    <Subject />
  </Section>
  <Section>
    <Name>Z0_Echos.VoG.Z0E_VoG_GenericView</Name>
    <Subject />
  </Section>
  <Section>
    <Name>Z0_Echos.VoG.Z0E_WellDone</Name>
    <Subject>The Robot Needs Our Help</Subject>
  </Section>
  <Section>
    <Name>Z0_Echos.VoG.Z0E_Wonderful</Name>
    <Subject>Think Of Me As Your Guardian Angel</Subject>
  </Section>
  <Section>
    <Name>Z0_Echos.VoG.Z0E_YouWon</Name>
    <Subject>You Won!</Subject>
  </Section>
  <Section>
    <Name>Z0_Echos.Zed.Z0E_ComeOnBack</Name>
    <Subject>Come On Back</Subject>
  </Section>
  <Section>
    <Name>Z0_Echos.Zed.Z0E_IntroducingZed</Name>
    <Subject>Introducing Zed</Subject>
  </Section>
  <Section>
    <Name>Z0_Echos.Zed.Z0E_LetMeOut</Name>
    <Subject>Let Me Out</Subject>
  </Section>
  <Section>
    <Name>Z0_Echos.Zed.Z0E_ThatOughtToDoIt</Name>
    <Subject>That Ought To Do It</Subject>
  </Section>
  <Section>
    <Name>Z0_Echos.Zed.Z0E_UnderNineToesSkin</Name>
    <Subject>Under Nine-Toes Skin</Subject>
  </Section>
  <Section>
    <Name>Z1_Echos.ClapTrap.Z1E_ClassMod</Name>
    <Subject>Class Mods</Subject>
  </Section>
  <Section>
    <Name>Z1_Echos.ClapTrap.Z1E_MoreMissionsEarl</Name>
    <Subject>Crazy Earl Has More Missions</Subject>
  </Section>
  <Section>
    <Name>Z1_Echos.ClapTrap.Z1E_MoreMissionsErnest</Name>
    <Subject>Ernest Has More Missions</Subject>
  </Section>
  <Section>
    <Name>Z1_Echos.ClapTrap.Z1E_MoreMissionsHelena</Name>
    <Subject>Helena Has More Missions</Subject>
  </Section>
  <Section>
    <Name>Z1_Echos.ClapTrap.Z1E_MoreMissionsLucky</Name>
    <Subject>Lucky's Bounty Board</Subject>
  </Section>
  <Section>
    <Name>Z1_Echos.ClapTrap.Z1E_MoreMissionsMON</Name>
    <Subject>Middle Of Nowhere Bounty Board</Subject>
  </Section>
  <Section>
    <Name>Z1_Echos.ClapTrap.Z1E_MoreMissionsNewHaven</Name>
    <Subject>New Haven Bounty Board</Subject>
  </Section>
  <Section>
    <Name>Z1_Echos.ClapTrap.Z1E_MoreMissionsScooter</Name>
    <Subject>Scooter Has More Missions</Subject>
  </Section>
  <Section>
    <Name>Z1_Echos.ClapTrap.Z1E_MoreMissionsScrapyard</Name>
    <Subject>Scrapyard Bounty Board</Subject>
  </Section>
  <Section>
    <Name>Z1_Echos.ClapTrap.Z1E_MoreMissionsTannis</Name>
    <Subject>Tannis Has More Missions</Subject>
  </Section>
  <Section>
    <Name>Z1_Echos.Earl.Z1E_IsThisThingOn</Name>
    <Subject>Is This Thing On?</Subject>
  </Section>
  <Section>
    <Name>Z1_Echos.Earl.Z1E_KeepItTheHellAway</Name>
    <Subject>Keep It The Hell Away</Subject>
  </Section>
  <Section>
    <Name>Z1_Echos.Earl.Z1E_KromStoleIt</Name>
    <Subject>Krom Stole It</Subject>
  </Section>
  <Section>
    <Name>Z1_Echos.Flynt.Z1E_Taunt_01</Name>
    <Subject>Let You Live Too Long</Subject>
  </Section>
  <Section>
    <Name>Z1_Echos.Flynt.Z1E_Taunt_02</Name>
    <Subject>Been Looking Forward To This</Subject>
  </Section>
  <Section>
    <Name>Z1_Echos.Flynt.Z1E_Taunt_03</Name>
    <Subject>Beaten A Path To My Door</Subject>
  </Section>
  <Section>
    <Name>Z1_Echos.Flynt.Z1E_Taunt_04</Name>
    <Subject>Make Yourself At Home</Subject>
  </Section>
  <Section>
    <Name>Z1_Echos.Flynt.Z1E_YouMustBePunished</Name>
    <Subject>Top Of My Hit List</Subject>
  </Section>
  <Section>
    <Name>Z1_Echos.Helena.Z1E_BargainsWithBandits</Name>
    <Subject>Bargains With Bandits?</Subject>
  </Section>
  <Section>
    <Name>Z1_Echos.Helena.Z1E_IWasThinking</Name>
    <Subject>I Was Thinking</Subject>
  </Section>
  <Section>
    <Name>Z1_Echos.Helena.Z1E_SanctuaryClosed</Name>
    <Subject>The Road to Sanctuary is Closed</Subject>
  </Section>
  <Section>
    <Name>Z1_Echos.Helena.Z1E_StrangeInterference</Name>
    <Subject>Strange Interference</Subject>
  </Section>
  <Section>
    <Name>Z1_Echos.Helena.Z1E_WhatTheHell</Name>
    <Subject>What The Hell Happened?</Subject>
  </Section>
  <Section>
    <Name>Z1_Echos.Markus.Z1E_AboutTannis</Name>
    <Subject>About Tannis</Subject>
  </Section>
  <Section>
    <Name>Z1_Echos.Markus.Z1E_AnOutrage</Name>
    <Subject>It's An Outrage!</Subject>
  </Section>
  <Section>
    <Name>Z1_Echos.Markus.Z1E_DontForgetMyStores</Name>
    <Subject>Remember The Commerce Grid</Subject>
  </Section>
  <Section>
    <Name>Z1_Echos.Markus.Z1E_ECHOGlitching</Name>
    <Subject>So You Killed Flynt</Subject>
  </Section>
  <Section>
    <Name>Z1_Echos.Markus.Z1E_MoreAboutTannis</Name>
    <Subject>More About Tannis</Subject>
  </Section>
  <Section>
    <Name>Z1_Echos.Markus.Z1E_NextTimeYouSeeTannis</Name>
    <Subject>The Next Time You See Tannis</Subject>
  </Section>
  <Section>
    <Name>Z1_Echos.Markus.Z1E_SellingIsDifficult</Name>
    <Subject>Selling Is Very Difficult Work</Subject>
  </Section>
  <Section>
    <Name>Z1_Echos.Markus.Z1E_TellYouWhat</Name>
    <Subject>Tell You What</Subject>
  </Section>
  <Section>
    <Name>Z1_Echos.Markus.Z1E_VaultIsReal</Name>
    <Subject>The Right Partner</Subject>
  </Section>
  <Section>
    <Name>Z1_Echos.Scooter.Z1E_BlowingUpRides01</Name>
    <Subject>Blowing Up My Rides</Subject>
  </Section>
  <Section>
    <Name>Z1_Echos.Scooter.Z1E_BlowingUpRides02</Name>
    <Subject>Still Blowing Up My Rides</Subject>
  </Section>
  <Section>
    <Name>Z1_Echos.Scooter.Z1E_GoingToLucky</Name>
    <Subject>My Old Buddy Lucky</Subject>
  </Section>
  <Section>
    <Name>Z1_Echos.Scooter.Z1E_MadMel_Victory</Name>
    <Subject>Mad Mel Is Gone</Subject>
  </Section>
  <Section>
    <Name>Z1_Echos.Scooter.Z1E_MadMel_Warning</Name>
    <Subject>This Mad Mel Guy</Subject>
  </Section>
  <Section>
    <Name>Z1_Echos.Scooter.Z1E_ThanksForSavingLucky</Name>
    <Subject>Thanks For Saving Lucky</Subject>
  </Section>
  <Section>
    <Name>Z1_Echos.Steele.Z1E_GeneralAnnounce</Name>
    <Subject>General Announcement</Subject>
  </Section>
  <Section>
    <Name>Z1_Echos.Steele.Z1E_TannisIsWithUs</Name>
    <Subject>Tannis Is With Us</Subject>
  </Section>
  <Section>
    <Name>Z1_Echos.Steele.Z1E_WhatAreYouUpToNow</Name>
    <Subject>What Are You Up To Now?</Subject>
  </Section>
  <Section>
    <Name>Z1_Echos.Tannis.Z1E_AnInterestingFind</Name>
    <Subject>An Interesting Find</Subject>
  </Section>
  <Section>
    <Name>Z1_Echos.Tannis.Z1E_AWhileAgo</Name>
    <Subject>A While Ago</Subject>
  </Section>
  <Section>
    <Name>Z1_Echos.Tannis.Z1E_CrimsonLance</Name>
    <Subject>Diminishing Returns</Subject>
  </Section>
  <Section>
    <Name>Z1_Echos.Tannis.Z1E_DidYouFindit</Name>
    <Subject>Did You Find It?</Subject>
  </Section>
  <Section>
    <Name>Z1_Echos.Tannis.Z1E_FlyntWasAnEmployee</Name>
    <Subject>Baron Flynt</Subject>
  </Section>
  <Section>
    <Name>Z1_Echos.Tannis.Z1E_HaveYouManaged</Name>
    <Subject>You Should Go Faster</Subject>
  </Section>
  <Section>
    <Name>Z1_Echos.Tannis.Z1E_IfTheLanceAre</Name>
    <Subject>A Lot More Dangerous</Subject>
  </Section>
  <Section>
    <Name>Z1_Echos.Tannis.Z1E_IfYouStillHave</Name>
    <Subject>Bring The Vault Key To Me</Subject>
  </Section>
  <Section>
    <Name>Z1_Echos.Tannis.Z1E_IWasAbleToEscape</Name>
    <Subject>I Escaped</Subject>
  </Section>
  <Section>
    <Name>Z1_Echos.Tannis.Z1E_IWastedMyWholeLife</Name>
    <Subject>I Wasted My Whole Life</Subject>
  </Section>
  <Section>
    <Name>Z1_Echos.Tannis.Z1E_KilledTheUglyOne</Name>
    <Subject>Killed The Ugly One</Subject>
  </Section>
  <Section>
    <Name>Z1_Echos.Tannis.Z1E_LastDayOfChildhood</Name>
    <Subject>Steele Is On Her Way</Subject>
  </Section>
  <Section>
    <Name>Z1_Echos.Tannis.Z1E_LookingForWork</Name>
    <Subject>Looking For Work?</Subject>
  </Section>
  <Section>
    <Name>Z1_Echos.Tannis.Z1E_MyInstrumentReadings</Name>
    <Subject>My Instrument Readings</Subject>
  </Section>
  <Section>
    <Name>Z1_Echos.Tannis.Z1E_PierceWasExplaining</Name>
    <Subject>Pierce Was Explaining</Subject>
  </Section>
  <Section>
    <Name>Z1_Echos.Tannis.Z1E_TheseDirtyCriminals</Name>
    <Subject>These Dirty Criminals</Subject>
  </Section>
  <Section>
    <Name>Z1_Echos.Tannis.Z1E_UnknownTransmission</Name>
    <Subject>Garbled Transmission</Subject>
  </Section>
  <Section>
    <Name>Z1_Echos.Tannis.Z1E_WhoBetrayedWhom</Name>
    <Subject>Steele Is On Her Way</Subject>
  </Section>
  <Section>
    <Name>Z1_Echos.TannisLogs.Z1E_TannisLogDay01</Name>
    <Subject>Day 1</Subject>
  </Section>
  <Section>
    <Name>Z1_Echos.TannisLogs.Z1E_TannisLogDay09</Name>
    <Subject>Day 43</Subject>
  </Section>
  <Section>
    <Name>Z1_Echos.TannisLogs.Z1E_TannisLogDay116</Name>
    <Subject>Day 481</Subject>
  </Section>
  <Section>
    <Name>Z1_Echos.TannisLogs.Z1E_TannisLogDay129</Name>
    <Subject>Day 493</Subject>
  </Section>
  <Section>
    <Name>Z1_Echos.TannisLogs.Z1E_TannisLogDay132</Name>
    <Subject>Day 578</Subject>
  </Section>
  <Section>
    <Name>Z1_Echos.TannisLogs.Z1E_TannisLogDay135</Name>
    <Subject>Day 616</Subject>
  </Section>
  <Section>
    <Name>Z1_Echos.TannisLogs.Z1E_TannisLogDay141</Name>
    <Subject>Day 653</Subject>
  </Section>
  <Section>
    <Name>Z1_Echos.TannisLogs.Z1E_TannisLogDay158</Name>
    <Subject>Day 684</Subject>
  </Section>
  <Section>
    <Name>Z1_Echos.TannisLogs.Z1E_TannisLogDay181</Name>
    <Subject>Day 718</Subject>
  </Section>
  <Section>
    <Name>Z1_Echos.TannisLogs.Z1E_TannisLogDay21</Name>
    <Subject>Day 76</Subject>
  </Section>
  <Section>
    <Name>Z1_Echos.TannisLogs.Z1E_TannisLogDay37</Name>
    <Subject>Day 119</Subject>
  </Section>
  <Section>
    <Name>Z1_Echos.TannisLogs.Z1E_TannisLogDay53</Name>
    <Subject>Day 172</Subject>
  </Section>
  <Section>
    <Name>Z1_Echos.TannisLogs.Z1E_TannisLogDay64</Name>
    <Subject>Day 224</Subject>
  </Section>
  <Section>
    <Name>Z1_Echos.TannisLogs.Z1E_TannisLogDay81</Name>
    <Subject>Day 321</Subject>
  </Section>
  <Section>
    <Name>Z1_Echos.TannisLogs.Z1E_TannisLogDay96</Name>
    <Subject>Day 457</Subject>
  </Section>
  <Section>
    <Name>Z1_Echos.VoG.Z1E_AnotherSurprise</Name>
    <Subject>Another Surprise</Subject>
  </Section>
  <Section>
    <Name>Z1_Echos.VoG.Z1E_Got2ndKeyPiece</Name>
    <Subject>You Found Another Piece</Subject>
  </Section>
  <Section>
    <Name>Z1_Echos.VoG.Z1E_HardLesson</Name>
    <Subject>A Hard Lesson</Subject>
  </Section>
  <Section>
    <Name>Z1_Echos.VoG.Z1E_IAmBlind</Name>
    <Subject>I'm Blind!</Subject>
  </Section>
  <Section>
    <Name>Z1_Echos.VoG.Z1E_IAmCurious</Name>
    <Subject>I Am Curious</Subject>
  </Section>
  <Section>
    <Name>Z1_Echos.VoG.Z1E_IAmImpressed</Name>
    <Subject>I'm Impressed</Subject>
  </Section>
  <Section>
    <Name>Z1_Echos.VoG.Z1E_RakkHive_ShootEyes</Name>
    <Subject>The Eyes Might Be Vulnerable</Subject>
  </Section>
  <Section>
    <Name>Z1_Echos.VoG.Z1E_RakkHive_Victory</Name>
    <Subject>Prepare Yourself</Subject>
  </Section>
  <Section>
    <Name>Z1_Echos.VoG.Z1E_RakkHive_Warning</Name>
    <Subject>Prepare Yourself</Subject>
  </Section>
  <Section>
    <Name>Z1_Echos.VoG.Z1E_SeekOutTannis</Name>
    <Subject>An Archaeologist</Subject>
  </Section>
  <Section>
    <Name>Z1_Echos.VoG.Z1E_SellTheKey</Name>
    <Subject>You Did Well</Subject>
  </Section>
  <Section>
    <Name>Z1_Echos.VoG.Z1E_StillTrustMe</Name>
    <Subject>You Must Still Trust Me</Subject>
  </Section>
  <Section>
    <Name>Z1_Echos.VoG.Z1E_Vault_BeforeOpening</Name>
    <Subject>This Is It</Subject>
  </Section>
  <Section>
    <Name>Z1_Echos.VoG.Z1E_Vault_ClosingTheGateway</Name>
    <Subject>Closing The Vault</Subject>
  </Section>
  <Section>
    <Name>Z1_Echos.VoG.Z1E_Vault_DestroyTheHost</Name>
    <Subject>Destroy The Host</Subject>
  </Section>
  <Section>
    <Name>Z1_Echos.VoG.Z1E_Vault_LoosenItsGrip</Name>
    <Subject>Loosen Its Grip</Subject>
  </Section>
  <Section>
    <Name>Z1_Echos.VoG.Z1E_Vault_PostOpening</Name>
    <Subject>It Can Be Hurt</Subject>
  </Section>
  <Section>
    <Name>Z1_Echos.VoG.Z1E_VaultPush_Hourglass</Name>
    <Subject>Last Few Grains Of Sand</Subject>
  </Section>
  <Section>
    <Name>Z1_Echos.VoG.Z1E_VaultPush_NoTimeLeft</Name>
    <Subject>No Time Left</Subject>
  </Section>
  <Section>
    <Name>Z1_Echos.VoG.Z1E_VoGBlinded01</Name>
    <Subject>An Unpleasant Discovery</Subject>
  </Section>
  <Section>
    <Name>Z1_Echos.VoG.Z1E_VoGBlinded02</Name>
    <Subject>Can You See Me?</Subject>
  </Section>
  <Section>
    <Name>Z1_Echos.VoG.Z1E_VoGBlinded03</Name>
    <Subject>You're In Real Danger Now</Subject>
  </Section>
  <Section>
    <Name>Z1_Echos.VoG.Z1E_VoGBlinded04</Name>
    <Subject>Time Is Running Out</Subject>
  </Section>
  <Section>
    <Name>Z1_Echos.VoG.Z1E_VoGBlinded05</Name>
    <Subject>You Must Be Dead</Subject>
  </Section>
  <Section>
    <Name>Z1_Echos.VoG.Z1E_VoGCanSee</Name>
    <Subject>I Can See Again</Subject>
  </Section>
  <Section>
    <Name>Z1_Echos.VoG.Z1E_WontHurtHimDirectly</Name>
    <Subject>You Can't Hurt Him Directly</Subject>
  </Section>
  <Section>
    <Name>Z2_Echos.Markus.Z2E_GetOnBus</Name>
    <Subject>You Did It!</Subject>
  </Section>
  <Section>
    <Name>Z2_Echos.Markus.Z2E_NetworkIsBack</Name>
    <Subject>The ECHO Network Is Back</Subject>
  </Section>
  <Section>
    <Name>Z2_Echos.Markus.Z2E_StaticSignal</Name>
    <Subject>There's Only One Person</Subject>
  </Section>
  <Section>
    <Name>Z2_Echos.Steele.Z2E_MartialLaw</Name>
    <Subject>Martial Law</Subject>
  </Section>
  <Section>
    <Name>Z2_Echos.Tannis.Z2E_BewareGuardians</Name>
    <Subject>Guardians</Subject>
  </Section>
  <Section>
    <Name>Z2_Echos.Tannis.Z2E_ExcellentWork</Name>
    <Subject>Excellent Work</Subject>
  </Section>
  <Section>
    <Name>Z2_Echos.Tannis.Z2E_Static</Name>
    <Subject>Static</Subject>
  </Section>
  <Section>
    <Name>Z2_Echos.VoG.Z2E_AllOverAgain</Name>
    <Subject>To Do It All Over Again</Subject>
  </Section>
  <Section>
    <Name>Z2_Echos.VoG.Z2E_FeelingWeek</Name>
    <Subject>I'm Feeling Weak</Subject>
  </Section>
  <Section>
    <Name>Z2_Echos.VoG.Z2E_IAmBlind</Name>
    <Subject>I Am Blind</Subject>
  </Section>
  <Section>
    <Name>Z2_Echos.VoG.Z2E_ICanSee</Name>
    <Subject>I Can See!</Subject>
  </Section>
  <Section>
    <Name>Z2_Echos.VoG.Z2E_IFeelLost</Name>
    <Subject>I Feel Lost</Subject>
  </Section>
  <Section>
    <Name>Z2_Echos.VoG.Z2E_ItCanBeBeaten</Name>
    <Subject>You Can Beat It!</Subject>
  </Section>
  <Section>
    <Name>Z2_Echos.VoG.Z2E_KillTheHost</Name>
    <Subject>Kill The Host!</Subject>
  </Section>
  <Section>
    <Name>Z2_Echos.VoG.Z2E_LoosenItsGrip</Name>
    <Subject>Loosen Its Grip!</Subject>
  </Section>
  <Section>
    <Name>Z2_Echos.VoG.Z2E_NoHope</Name>
    <Subject>There's No Hope</Subject>
  </Section>
  <Section>
    <Name>Z2_Echos.VoG.Z2E_TimeToFight</Name>
    <Subject>It's Time To Fight</Subject>
  </Section>
  <Section>
    <Name>Z2_Echos.VoG.Z2E_VaultIsSealed</Name>
    <Subject>That's It!</Subject>
  </Section>
  <Section>
    <Name>Z2_Echos.VoG.Z2E_YouveInjuredIt</Name>
    <Subject>It's Time To Fight</Subject>
  </Section>
  <Section>
    <Name>Z2_Echos.VoG.Z2E_YouWon</Name>
    <Subject>You Did It!</Subject>
  </Section>
  <Section>
    <Name>dlc1_echos.Adventurer01.dlc1E_JoeGamerski_Echo01</Name>
    <Subject>Digital Bearing Module</Subject>
  </Section>
  <Section>
    <Name>dlc1_echos.Adventurer02.dlc1E_JethroShedd_Echo01</Name>
    <Subject>Zombie Killin'</Subject>
  </Section>
  <Section>
    <Name>dlc1_echos.Adventurer02.dlc1E_JethroShedd_Echo02</Name>
    <Subject>Heyo</Subject>
  </Section>
  <Section>
    <Name>dlc1_echos.Adventurer03.dlc1E_JackieOcallahan_Echo01</Name>
    <Subject>Arse Kicking</Subject>
  </Section>
  <Section>
    <Name>dlc1_echos.Adventurer03.dlc1E_JackieOcallahan_Echo02</Name>
    <Subject>Nicked in the Neck</Subject>
  </Section>
  <Section>
    <Name>dlc1_echos.Adventurer04.dlc1E_Shag_Echo01</Name>
    <Subject>Haunted Forest?</Subject>
  </Section>
  <Section>
    <Name>dlc1_echos.Adventurer04.dlc1E_Shag_Echo02</Name>
    <Subject>Zombie masks?</Subject>
  </Section>
  <Section>
    <Name>dlc1_echos.Adventurer05.dlc1E_DirkSmallwood_Echo01</Name>
    <Subject>Here to Save the Day</Subject>
  </Section>
  <Section>
    <Name>dlc1_echos.CallerIDs.dlc1_ECID_Claptrap_NedsClaptrap</Name>
    <CallerName>Ned's Claptrap</CallerName>
  </Section>
  <Section>
    <Name>dlc1_echos.CallerIDs.dlc1_ECID_DirkSmallwood_adv05</Name>
    <CallerName>Dirk Smallwood</CallerName>
  </Section>
  <Section>
    <Name>dlc1_echos.CallerIDs.dlc1_ECID_HankReiss_worker</Name>
    <CallerName>Hank Reiss</CallerName>
  </Section>
  <Section>
    <Name>dlc1_echos.CallerIDs.dlc1_ECID_HankReiss_worker_hat</Name>
    <CallerName>Hank Reiss</CallerName>
  </Section>
  <Section>
    <Name>dlc1_echos.CallerIDs.dlc1_ECID_JackieOcallahan_adv03</Name>
    <CallerName>Jackie O' Callahan</CallerName>
  </Section>
  <Section>
    <Name>dlc1_echos.CallerIDs.dlc1_ECID_JakobsCorp_compVoice</Name>
    <CallerName>Jakobs Corp</CallerName>
  </Section>
  <Section>
    <Name>dlc1_echos.CallerIDs.dlc1_ECID_JethroShedd_adv02</Name>
    <CallerName>Jethro Shedd</CallerName>
  </Section>
  <Section>
    <Name>dlc1_echos.CallerIDs.dlc1_ECID_JoeGamerski_adv01</Name>
    <CallerName>Joe Gamerski</CallerName>
  </Section>
  <Section>
    <Name>dlc1_echos.CallerIDs.dlc1_ECID_MedClaptrap</Name>
    <CallerName>Claptrap</CallerName>
  </Section>
  <Section>
    <Name>dlc1_echos.CallerIDs.dlc1_ECID_Ned</Name>
    <CallerName>Dr. Ned</CallerName>
  </Section>
  <Section>
    <Name>dlc1_echos.CallerIDs.dlc1_ECID_Shag_adv04</Name>
    <CallerName>Harry</CallerName>
  </Section>
  <Section>
    <Name>dlc1_echos.ClapTrap.dlc1E_Claptrap_NewMissions</Name>
    <Subject>New Missions</Subject>
  </Section>
  <Section>
    <Name>dlc1_echos.CompJakobs.dlc1E_CompJakobs_DropPod01</Name>
    <Subject>Inbound Transport</Subject>
  </Section>
  <Section>
    <Name>dlc1_echos.CompJakobs.dlc1E_CompJakobs_DropPod02</Name>
    <Subject>Clerical Error</Subject>
  </Section>
  <Section>
    <Name>dlc1_echos.CompJakobs.dlc1E_CompJakobs_DropPod03</Name>
    <Subject>Humorous Story</Subject>
  </Section>
  <Section>
    <Name>dlc1_echos.CompJakobs.dlc1E_CompJakobs_DropPod04</Name>
    <Subject>Transport Almost There</Subject>
  </Section>
  <Section>
    <Name>dlc1_echos.CompJakobs.dlc1E_CompJakobs_DropPod05</Name>
    <Subject>Sorry for the Wait</Subject>
  </Section>
  <Section>
    <Name>dlc1_echos.CompJakobs.dlc1E_CompJakobs_ReturnToIsland01</Name>
    <Subject>Show of Gratitude</Subject>
  </Section>
  <Section>
    <Name>dlc1_echos.Ned.dlc1E_Bill01</Name>
    <Subject>Frank isn't Bill</Subject>
  </Section>
  <Section>
    <Name>dlc1_echos.Ned.dlc1E_Bill02</Name>
    <Subject>Frank'n'bill</Subject>
  </Section>
  <Section>
    <Name>dlc1_echos.Ned.dlc1E_LiftSequence1</Name>
    <Subject>As Fast As I Can (1)</Subject>
  </Section>
  <Section>
    <Name>dlc1_echos.Ned.dlc1E_LiftSequence2</Name>
    <Subject>As Fast As I Can (2)</Subject>
  </Section>
  <Section>
    <Name>dlc1_echos.Ned.dlc1E_LiftSequence3</Name>
    <Subject>As Fast As I Can (3)</Subject>
  </Section>
  <Section>
    <Name>dlc1_echos.Ned.dlc1E_LiftSequence4</Name>
    <Subject>As Fast As I Can (4)</Subject>
  </Section>
  <Section>
    <Name>dlc1_echos.Ned.dlc1E_LiftSequence5</Name>
    <Subject>As Fast As I Can (5)</Subject>
  </Section>
  <Section>
    <Name>dlc1_echos.Ned.dlc1E_LiftSequence6</Name>
    <Subject>As Fast As I Can (6)</Subject>
  </Section>
  <Section>
    <Name>dlc1_echos.Ned.dlc1E_LiftSequence8</Name>
    <Subject>As Fast As I Can (7)</Subject>
  </Section>
  <Section>
    <Name>dlc1_echos.Ned.dlc1E_LiftSequenceStart</Name>
    <Subject>The Lift</Subject>
  </Section>
  <Section>
    <Name>dlc1_echos.Ned.dlc1E_MakingZombies1</Name>
    <Subject>Life Extension</Subject>
  </Section>
  <Section>
    <Name>dlc1_echos.Ned.dlc1E_MakingZombies2</Name>
    <Subject>Hungry for raisins</Subject>
  </Section>
  <Section>
    <Name>dlc1_echos.Ned.dlc1E_MakingZombies3</Name>
    <Subject>Poor Bill</Subject>
  </Section>
  <Section>
    <Name>dlc1_echos.Ned.dlc1E_Taunt01</Name>
    <Subject>Girl Parts</Subject>
  </Section>
  <Section>
    <Name>dlc1_echos.Ned.dlc1E_Taunt02</Name>
    <Subject>Zombies Cut Deep</Subject>
  </Section>
  <Section>
    <Name>dlc1_echos.Ned.dlc1E_Taunt03</Name>
    <Subject>Entertainment Tonight</Subject>
  </Section>
  <Section>
    <Name>dlc1_echos.Ned.dlc1E_Taunt04</Name>
    <Subject>Mmm, Brownies</Subject>
  </Section>
  <Section>
    <Name>dlc1_echos.Ned.dlc1E_Taunt04_alt</Name>
    <Subject>Mmm, Brownies</Subject>
  </Section>
  <Section>
    <Name>dlc1_echos.Ned.dlc1E_Taunt05</Name>
    <Subject>Re-zombify</Subject>
  </Section>
  <Section>
    <Name>dlc1_echos.Ned.dlc1E_Taunt06</Name>
    <Subject>Recreational Zombies</Subject>
  </Section>
  <Section>
    <Name>dlc1_echos.Ned.dlc1E_Taunt07</Name>
    <Subject>I'm Comfy, Dangit</Subject>
  </Section>
  <Section>
    <Name>dlc1_echos.Ned.dlc1E_Taunt07_alt</Name>
    <Subject>I'm Comfy, Dangit</Subject>
  </Section>
  <Section>
    <Name>dlc1_echos.Ned.dlc1E_Taunt08</Name>
    <Subject>Slipper Love</Subject>
  </Section>
  <Section>
    <Name>dlc1_echos.Worker.dlc1E_HankReiss_Echo01</Name>
    <Subject>Dearest Anna</Subject>
  </Section>
  <Section>
    <Name>dlc1_echos.Worker.dlc1E_HankReiss_Echo02</Name>
    <Subject>I Love My Hat</Subject>
  </Section>
  <Section>
    <Name>dlc1_echos.Worker.dlc1E_HankReiss_Echo03</Name>
    <Subject>Illness</Subject>
  </Section>
  <Section>
    <Name>dlc1_echos.Worker.dlc1E_HankReiss_Echo04</Name>
    <Subject>Walking Dead</Subject>
  </Section>
  <Section>
    <Name>dlc1_echos.Worker.dlc1E_HankReiss_Echo05</Name>
    <Subject>Blessed Filthy Skags</Subject>
  </Section>
  <Section>
    <Name>dlc3_echos.Athena.dlc1E_Athena_OmegaOrder</Name>
    <Subject>Omega order</Subject>
  </Section>
  <Section>
    <Name>dlc3_echos.Athena.dlc3E_Athena_5_4_3</Name>
    <Subject>5...4...3...</Subject>
  </Section>
  <Section>
    <Name>dlc3_echos.Athena.dlc3E_Athena_Armory</Name>
    <Subject>Atlas armory</Subject>
  </Section>
  <Section>
    <Name>dlc3_echos.Athena.dlc3E_Athena_ControlRoom</Name>
    <Subject>Find the control room</Subject>
  </Section>
  <Section>
    <Name>dlc3_echos.Athena.dlc3E_Athena_DetonatorReady</Name>
    <Subject>Progress report</Subject>
  </Section>
  <Section>
    <Name>dlc3_echos.Athena.dlc3E_Athena_ExposeMunitions</Name>
    <Subject>Expose the munitions</Subject>
  </Section>
  <Section>
    <Name>dlc3_echos.Athena.dlc3E_Athena_FiveMinutes</Name>
    <Subject>Five minutes</Subject>
  </Section>
  <Section>
    <Name>dlc3_echos.Athena.dlc3E_Athena_FourMinutes</Name>
    <Subject>Four minutes</Subject>
  </Section>
  <Section>
    <Name>dlc3_echos.Athena.dlc3E_Athena_MaleEnhancement</Name>
    <Subject>Pick up the pace</Subject>
  </Section>
  <Section>
    <Name>dlc3_echos.Athena.dlc3E_Athena_MeetScooter</Name>
    <Subject>See the mechanic</Subject>
  </Section>
  <Section>
    <Name>dlc3_echos.Athena.dlc3E_Athena_MissionAccomplished</Name>
    <Subject>Mission accomplished</Subject>
  </Section>
  <Section>
    <Name>dlc3_echos.Athena.dlc3E_Athena_OneMinute</Name>
    <Subject>One minute</Subject>
  </Section>
  <Section>
    <Name>dlc3_echos.Athena.dlc3E_Athena_PickUpPace</Name>
    <Subject>Pick up the pace</Subject>
  </Section>
  <Section>
    <Name>dlc3_echos.Athena.dlc3E_Athena_PlaceDetonator</Name>
    <Subject>Placing the detonator will start the timer</Subject>
  </Section>
  <Section>
    <Name>dlc3_echos.Athena.dlc3E_Athena_ReturnToScooter</Name>
    <Subject>Return to Scooter's</Subject>
  </Section>
  <Section>
    <Name>dlc3_echos.Athena.dlc3E_Athena_SideEntrance</Name>
    <Subject>Side entrance</Subject>
  </Section>
  <Section>
    <Name>dlc3_echos.Athena.dlc3E_Athena_TenSeconds</Name>
    <Subject>Ten seconds</Subject>
  </Section>
  <Section>
    <Name>dlc3_echos.Athena.dlc3E_Athena_ThirtySeconds</Name>
    <Subject>Thirty seconds</Subject>
  </Section>
  <Section>
    <Name>dlc3_echos.Athena.dlc3E_Athena_TwoMinutes</Name>
    <Subject>Two minutes</Subject>
  </Section>
  <Section>
    <Name>dlc3_echos.CallerIDs.dlc3_ECID_Athena</Name>
    <CallerName>Athena</CallerName>
  </Section>
  <Section>
    <Name>dlc3_echos.CallerIDs.dlc3_ECID_Informant_Hitman01</Name>
    <CallerName>Informant</CallerName>
  </Section>
  <Section>
    <Name>dlc3_echos.CallerIDs.dlc3_ECID_Knoxx</Name>
    <CallerName>General Knoxx</CallerName>
  </Section>
  <Section>
    <Name>dlc3_echos.CallerIDs.dlc3_ECID_LanceSoldier</Name>
    <CallerName>Soldiers</CallerName>
  </Section>
  <Section>
    <Name>dlc3_echos.CallerIDs.dlc3_ECID_Moxxi</Name>
    <CallerName>Moxxi</CallerName>
  </Section>
  <Section>
    <Name>dlc3_echos.CallerIDs.dlc3_ECID_MrShank</Name>
    <CallerName>Mr. Shank</CallerName>
  </Section>
  <Section>
    <Name>dlc3_echos.ClapTrap.dlc3E_Claptrap_NewMissions</Name>
    <Subject>New missions available!</Subject>
  </Section>
  <Section>
    <Name>dlc3_echos.Informant.dlc3E_Informant_Hitman_Echo01</Name>
    <Subject>Hitman 01</Subject>
  </Section>
  <Section>
    <Name>dlc3_echos.Knoxx.dlc3E_Knoxx_Code</Name>
    <Subject>Todays code - BYCO</Subject>
  </Section>
  <Section>
    <Name>dlc3_echos.Knoxx.dlc3E_Knoxx_ECHO1</Name>
    <Subject>Expecting orders</Subject>
  </Section>
  <Section>
    <Name>dlc3_echos.Knoxx.dlc3E_Knoxx_ECHO2</Name>
    <Subject>Re: New orders</Subject>
  </Section>
  <Section>
    <Name>dlc3_echos.Knoxx.dlc3E_Knoxx_ECHO3</Name>
    <Subject>Orders please!</Subject>
  </Section>
  <Section>
    <Name>dlc3_echos.Knoxx.dlc3E_Knoxx_ECHO4</Name>
    <Subject>No more orders</Subject>
  </Section>
  <Section>
    <Name>dlc3_echos.Knoxx.dlc3E_Knoxx_ECHO5</Name>
    <Subject>Resignation</Subject>
  </Section>
  <Section>
    <Name>dlc3_echos.Knoxx.dlc3E_Knoxx_Taunt1</Name>
    <Subject>Hemmoroids wrapped in bacon</Subject>
  </Section>
  <Section>
    <Name>dlc3_echos.Knoxx.dlc3E_Knoxx_Taunt2</Name>
    <Subject>Nepotism</Subject>
  </Section>
  <Section>
    <Name>dlc3_echos.Knoxx.dlc3E_Knoxx_Taunt3</Name>
    <Subject>Birthday card</Subject>
  </Section>
  <Section>
    <Name>dlc3_echos.Knoxx.dlc3E_Knoxx_Taunt4</Name>
    <Subject>French toast</Subject>
  </Section>
  <Section>
    <Name>dlc3_echos.LanceSoldier.dlc3E_LanceSoldier_LostCode</Name>
    <Subject>Uh oh...</Subject>
  </Section>
  <Section>
    <Name>dlc3_echos.Marcus.dlc3E_Marcus_NewMissions</Name>
    <Subject>Opportunity for you!</Subject>
  </Section>
  <Section>
    <Name>dlc3_echos.Moxxi.dlc3E_Moxxi_BusJumpMiss1</Name>
    <Subject>Tricky</Subject>
  </Section>
  <Section>
    <Name>dlc3_echos.Moxxi.dlc3E_Moxxi_BusJumpMiss2</Name>
    <Subject>Little tip for ya</Subject>
  </Section>
  <Section>
    <Name>dlc3_echos.Moxxi.dlc3E_Moxxi_BusJumpMiss3</Name>
    <Subject>Again</Subject>
  </Section>
  <Section>
    <Name>dlc3_echos.Moxxi.dlc3E_Moxxi_BusJumpMiss4</Name>
    <Subject>Remain locked down I think</Subject>
  </Section>
  <Section>
    <Name>dlc3_echos.Moxxi.dlc3E_Moxxi_BusJumpMiss5</Name>
    <Subject>No skill</Subject>
  </Section>
  <Section>
    <Name>dlc3_echos.Moxxi.dlc3E_Moxxi_BusJumpMiss6</Name>
    <Subject>Conjugal visit in your future</Subject>
  </Section>
  <Section>
    <Name>dlc3_echos.Moxxi.dlc3E_Moxxi_FindAnEcho</Name>
    <Subject>Call me</Subject>
  </Section>
  <Section>
    <Name>dlc3_echos.Moxxi.dlc3E_Moxxi_GetInside</Name>
    <Subject>Get inside</Subject>
  </Section>
  <Section>
    <Name>dlc3_echos.Moxxi.dlc3E_Moxxi_HoopJumpMiss1</Name>
    <Subject>Not going to cut it</Subject>
  </Section>
  <Section>
    <Name>dlc3_echos.Moxxi.dlc3E_Moxxi_HoopJumpMiss2</Name>
    <Subject>That's no good</Subject>
  </Section>
  <Section>
    <Name>dlc3_echos.Moxxi.dlc3E_Moxxi_HoopJumpMiss3</Name>
    <Subject>Wheelman or gunman?</Subject>
  </Section>
  <Section>
    <Name>dlc3_echos.Moxxi.dlc3E_Moxxi_HoopJumpMiss4</Name>
    <Subject>Might need a new plan</Subject>
  </Section>
  <Section>
    <Name>dlc3_echos.Moxxi.dlc3E_Moxxi_HoopJumpMiss5</Name>
    <Subject>Above your paygrade?</Subject>
  </Section>
  <Section>
    <Name>dlc3_echos.Moxxi.dlc3E_Moxxi_InsideWalls</Name>
    <Subject>Contact me.</Subject>
  </Section>
  <Section>
    <Name>dlc3_echos.Moxxi.dlc3E_Moxxi_IntercomGreet</Name>
    <Subject>Come on in.</Subject>
  </Section>
  <Section>
    <Name>dlc3_echos.Moxxi.dlc3E_Moxxi_KingDick</Name>
    <Subject>World class stunt driver</Subject>
  </Section>
  <Section>
    <Name>dlc3_echos.Moxxi.dlc3E_Moxxi_LockdownPalace</Name>
    <Subject>Lockdown Palace</Subject>
  </Section>
  <Section>
    <Name>dlc3_echos.Moxxi.dlc3E_Moxxi_NewMissions</Name>
    <Subject>Wanna work for me?</Subject>
  </Section>
  <Section>
    <Name>dlc3_echos.Moxxi.dlc3E_Moxxi_PourOneOut</Name>
    <Subject>Pour one out, would ya?</Subject>
  </Section>
  <Section>
    <Name>dlc3_echos.Moxxi.dlc3E_Moxxi_Racer</Name>
    <Subject>The Racer</Subject>
  </Section>
  <Section>
    <Name>dlc3_echos.Moxxi.dlc3E_Moxxi_RingOfFire</Name>
    <Subject>Ring of fire!</Subject>
  </Section>
  <Section>
    <Name>dlc3_echos.Moxxi.dlc3E_Moxxi_RiskMyNeck</Name>
    <Subject>Risking my neck</Subject>
  </Section>
  <Section>
    <Name>dlc3_echos.Moxxi.dlc3E_Moxxi_Showtime</Name>
    <Subject>It's showtime!</Subject>
  </Section>
  <Section>
    <Name>dlc3_echos.Moxxi.dlc3E_Moxxi_SpectacularFeat</Name>
    <Subject>My schtick</Subject>
  </Section>
  <Section>
    <Name>dlc3_echos.Moxxi.dlc3E_Moxxi_Teleporter</Name>
    <Subject>Little teleporter</Subject>
  </Section>
  <Section>
    <Name>dlc3_echos.Moxxi.dlc3E_Moxxi_YouKilledHim</Name>
    <Subject>You killed him?!</Subject>
  </Section>
  <Section>
    <Name>dlc3_echos.MrShank.dlc3E_MrShank_Taunt1</Name>
    <Subject>No more reruns</Subject>
  </Section>
  <Section>
    <Name>dlc3_echos.MrShank.dlc3E_MrShank_Taunt2</Name>
    <Subject>Death on your head</Subject>
  </Section>
  <Section>
    <Name>dlc3_echos.MrShank.dlc3E_MrShank_Taunt3</Name>
    <Subject>Jerome is dead.</Subject>
  </Section>
  <Section>
    <Name>dlc3_echos.Scooter.dlc3E_Scooter_CarParts</Name>
    <Subject>Here's what I need</Subject>
  </Section>
  <Section>
    <Name>dlc3_echos.Scooter.dlc3E_Scooter_Fathoms</Name>
    <Subject>The Parched Fathoms</Subject>
  </Section>
  <Section>
    <Name>dlc3_echos.Scooter.dlc3E_Scooter_GetExhaust</Name>
    <Subject>The whatcha-ma-jigger-thingy-doodle</Subject>
  </Section>
  <Section>
    <Name>dlc3_echos.Scooter.dlc3E_Scooter_GetNitrous</Name>
    <Subject>Gotta get rid of the passenger seat</Subject>
  </Section>
  <Section>
    <Name>dlc3_echos.Scooter.dlc3E_Scooter_GetSupercharger</Name>
    <Subject>Sweet!</Subject>
  </Section>
  <Section>
    <Name>dlc3_echos.Scooter.dlc3E_Scooter_GotAllParts</Name>
    <Subject>Resourceful type</Subject>
  </Section>
  <Section>
    <Name>dlc3_echos.Scooter.dlc3E_Scooter_LeaveTownNeedVehicle1</Name>
    <Subject>Get back here to Catch-A-Ride!</Subject>
  </Section>
  <Section>
    <Name>dlc3_echos.Scooter.dlc3E_Scooter_LeaveTownNeedVehicle2</Name>
    <Subject>Wheels or monster bribe</Subject>
  </Section>
  <Section>
    <Name>dlc3_echos.Scooter.dlc3E_Scooter_LeaveTownNeedVehicle3</Name>
    <Subject>Need to be drivin'</Subject>
  </Section>
  <Section>
    <Name>dlc3_echos.Scooter.dlc3E_Scooter_LeaveTownNeedVehicle4</Name>
    <Subject>Are you from a planet full of morons?</Subject>
  </Section>
  <Section>
    <Name>dlc3_echos.Scooter.dlc3E_Scooter_LeaveTownNeverHadVehicle</Name>
    <Subject>Can't leave without car</Subject>
  </Section>
  <Section>
    <Name>dlc3_echos.Scooter.dlc3E_Scooter_MoxxiIntro</Name>
    <Subject>Moxxi</Subject>
  </Section>
  <Section>
    <Name>dlc3_echos.Scooter.dlc3E_Scooter_NewMissions</Name>
    <Subject>Job for ya</Subject>
  </Section>
  <Section>
    <Name>dlc3_echos.Scooter.dlc3E_Scooter_Racer</Name>
    <Subject>Racer is ready</Subject>
  </Section>
  <Section>
    <Name>dlc3_echos.Scooter.dlc3E_Scooter_Roadblocks</Name>
    <Subject>Roadblocks</Subject>
  </Section>
  <Section>
    <Name>dlc4_Echoes.INAC_GenericSpeeches.01_Entitled_Sweat_Brow</Name>
    <Subject>Is a man not entitled to the sweat on his brow...</Subject>
  </Section>
  <Section>
    <Name>dlc4_Echoes.Tartarus_Loudspeakers.01_If_You_Play_Dead</Name>
    <Subject>If you play dead</Subject>
  </Section>
  <Section>
    <Name>dlc4_Echoes.Blake.01_Introduction_Summoning</Name>
    <Subject>Introduction and summoning</Subject>
  </Section>
  <Section>
    <Name>dlc4_Echoes.Tartarus_Loudspeakers.02_Bandit_Infestation_Cleared</Name>
    <Subject>Bandit infestation cleared</Subject>
  </Section>
  <Section>
    <Name>dlc4_Echoes.INAC_GenericSpeeches.02_Liberty_Equality_And_Fratenity</Name>
    <Subject>Liberty, equality and fratenity</Subject>
  </Section>
  <Section>
    <Name>dlc4_Echoes.Tartarus_Loudspeakers.03_Missions_Available_HTI_Board</Name>
    <Subject>Missions available at the HTI board</Subject>
  </Section>
  <Section>
    <Name>dlc4_Echoes.INAC_GenericSpeeches.03_Will_Not_Be_Televised</Name>
    <Subject>Will_Not_Be_Televised</Subject>
  </Section>
  <Section>
    <Name>dlc4_Echoes.INAC_GenericSpeeches.04_Better_Than_You_Stinking_Fleshbags</Name>
    <Subject>Better than you stinking fleshbags</Subject>
  </Section>
  <Section>
    <Name>dlc4_Echoes.Blake.05_Outstanding_You_Managed</Name>
    <Subject>Outstanding you managed</Subject>
  </Section>
  <Section>
    <Name>dlc4_Echoes.INAC_GenericSpeeches.05_Potato_Salad</Name>
    <Subject>Potato Salad</Subject>
  </Section>
  <Section>
    <Name>dlc4_Echoes.INAC_PlotCritical.06_Introduction_Speech</Name>
    <Subject>Introduction speech</Subject>
  </Section>
  <Section>
    <Name>dlc4_Echoes.INAC_PlotCritical.07_His_Warranty_Just_Expired</Name>
    <Subject>His warranty just expired</Subject>
  </Section>
  <Section>
    <Name>dlc4_Echoes.Marcus_MissionAvailable.08_Got_A_Job_For_You</Name>
    <Subject>Got a job for you</Subject>
  </Section>
  <Section>
    <Name>dlc4_Echoes.INAC_Epilogue.08_So_Many_Things_I_Wanted_To_Do</Name>
    <Subject>Epilogue: So many things I wanted to do</Subject>
  </Section>
  <Section>
    <Name>dlc4_Echoes.Marcus_MissionAvailable.09_Got_Another_Job</Name>
    <Subject>Got another job for you</Subject>
  </Section>
  <Section>
    <Name>dlc4_Echoes.Blake.09_Quashed_The_Rebellion</Name>
    <Subject>Quashed the rebellion</Subject>
  </Section>
  <Section>
    <Name>dlc4_Echoes.INAC_Epilogue.09_Youll_Never_Take_Me_Alive</Name>
    <Subject>Epilogue: You'll never take me alive</Subject>
  </Section>
  <Section>
    <Name>dlc4_Echoes.INAC_Epilogue.10_Flesh_Jaunty</Name>
    <Subject>Epilogue: Flesh Jaunty</Subject>
  </Section>
  <Section>
    <Name>dlc4_Echoes.Marcus_SalesPitch.10_Not_Hyperion_Probably_Already_Dead</Name>
    <Subject>Not Hyperion, you're probably already dead</Subject>
  </Section>
  <Section>
    <Name>dlc4_Echoes.INAC_Epilogue.11_Brothers_And_Sisters</Name>
    <Subject>Epilogue: Brothers and Sisters</Subject>
  </Section>
  <Section>
    <Name>dlc4_Echoes.Marcus_SalesPitch.11_Hyperion_Been_Shot_Face</Name>
    <Subject>Not Hyperion, No I've been shot in the face</Subject>
  </Section>
  <Section>
    <Name>dlc4_Echoes.Blake.11_Little_Band_Of_Corporate_Raiders</Name>
    <Subject>Little band of corporate raiders</Subject>
  </Section>
  <Section>
    <Name>dlc4_Echoes.Marcus_SalesPitch.12_Hyperion_Murder_Them_Absolute_Best</Name>
    <Subject>Hyperion, murder them with the absolute best</Subject>
  </Section>
  <Section>
    <Name>dlc4_Echoes.INAC_Epilogue.12_Murder_Death_Kill_Shuts_Down</Name>
    <Subject>Epilogue: Murder, death, kill.... shuts down</Subject>
  </Section>
  <Section>
    <Name>dlc4_Echoes.INAC_Epilogue.13_Whats_Happening_To_Me</Name>
    <Subject>Epilogue: Whats happening to me</Subject>
  </Section>
  <Section>
    <Name>dlc4_Echoes.INAC_Epilogue.14_Im_Afraid</Name>
    <Subject>Epilogue: I'm afraid</Subject>
  </Section>
  <Section>
    <Name>dlc4_Echoes.INAC_Epilogue.15_Hello_Traveller</Name>
    <Subject>Epilogue: Hello traveller</Subject>
  </Section>
  <Section>
    <Name>dlc4_Echoes.INAC_GenericSpeeches.16_Built_a_Dam_or_Something</Name>
    <Subject>Unless you built a Dam or something...</Subject>
  </Section>
  <Section>
    <Name>dlc4_Echoes.INAC_GenericSpeeches.17_We_Are_Legion</Name>
    <Subject>We are Legion</Subject>
  </Section>
  <Section>
    <Name>dlc4_Echoes.INAC_GenericSpeeches.18_I_Read_It_In_A_Book</Name>
    <Subject>I read it in a book</Subject>
  </Section>
  <Section>
    <Name>dlc4_Echoes.INAC_PlotCritical.19_Defeated_Ned_Trap_Shut_Down_Factory</Name>
    <Subject>Defeated Ned-Trap, shut down the factory</Subject>
  </Section>
  <Section>
    <Name>dlc4_Echoes.INAC_GenericSpeeches.20_We_Dont_Technically_Have_Feet</Name>
    <Subject>We don't technically have feet</Subject>
  </Section>
  <Section>
    <Name>dlc4_Echoes.INAC_PlotCritical.21_Theyve_Got_The_WIRED_Device</Name>
    <Subject>They've got the WIRED Device</Subject>
  </Section>
  <Section>
    <Name>dlc4_Echoes.INAC_GenericSpeeches.22_Firewalls_Of_Oppression</Name>
    <Subject>Firewalls of oppression</Subject>
  </Section>
  <Section>
    <Name>dlc4_Echoes.INAC_PlotCritical.23_A_Minor_Setback</Name>
    <Subject>A minor setback</Subject>
  </Section>
  <Section>
    <Name>dlc4_Echoes.INAC_GenericSpeeches.24_Children_Of_The_Robolution</Name>
    <Subject>Children of the Robolution</Subject>
  </Section>
  <Section>
    <Name>dlc4_Echoes.INAC_PlotCritical.25_A_Slightly_Larger_Setback</Name>
    <Subject>A slightly larger setback</Subject>
  </Section>
  <Section>
    <Name>dlc4_Echoes.INAC_PlotCritical.26_Introduce_Steele</Name>
    <Subject>Introduce Steele</Subject>
  </Section>
  <Section>
    <Name>dlc4_Echoes.INAC_PlotCritical.27_Final_Confrontation</Name>
    <Subject>Final confrontation</Subject>
  </Section>
  <Section>
    <Name>dlc4_Echoes.INAC_PlotCritical.28_Entering_Sanders_Gorge</Name>
    <Subject>Entering Sanders Gorge</Subject>
  </Section>
  <Section>
    <Name>dlc4_Echoes.INAC_GenericSpeeches.29_Eat_Corporate_Lackeys_Breakfast</Name>
    <Subject>Eat corporate lackeys like you for breakfast</Subject>
  </Section>
  <Section>
    <Name>dlc4_Echoes.INAC_GenericSpeeches.30_Never_Have_To_Pee_Again</Name>
    <Subject>Never have to pee again</Subject>
  </Section>
  <Section>
    <Name>dlc4_Echoes.INAC_GenericSpeeches.31_Youre_Not_A_Robot_Suck_It</Name>
    <Subject>You're not a robot, suck it</Subject>
  </Section>
  <Section>
    <Name>dlc4_Echoes.INAC_PlotCritical.32_Prepare_Face_Fury_Of_INAC</Name>
    <Subject>Prepare to face the fury of the INAC</Subject>
  </Section>
  <Section>
    <Name>dlc4_Echoes.INAC_Epilogue.33_Dont_Let_It_End_Like_This</Name>
    <Subject>Epilogue: Don't let it end like this</Subject>
  </Section>
</INI>