<?xml version="1.0" encoding="us-ascii"?>
<!--Comment-->
<INI>
  <Section>
    <Name>Pickups.AmmoDrop_Assault_Rifle_Bullets</Name>
    <Presentation>ammo_ar</Presentation>
  </Section>
  <Section>
    <Name>Pickups.AmmoDrop_Combat_Shotgun_Shells</Name>
    <Presentation>ammo_shotgun</Presentation>
  </Section>
  <Section>
    <Name>Pickups.AmmoDrop_Grenade_Protean</Name>
    <Presentation>grenade</Presentation>
  </Section>
  <Section>
    <Name>Pickups.AmmoDrop_Patrol_SMG_Clip</Name>
    <Presentation>ammo_smg</Presentation>
  </Section>
  <Section>
    <Name>Pickups.AmmoDrop_Repeater_Pistol_Clip</Name>
    <Presentation>ammo_repeater</Presentation>
  </Section>
  <Section>
    <Name>Pickups.AmmoDrop_Revolver_Pistol_Rounds</Name>
    <Presentation>ammo_revolver</Presentation>
  </Section>
  <Section>
    <Name>Pickups.AmmoDrop_Rocket_Launcher</Name>
    <Presentation>ammo_rockets</Presentation>
  </Section>
  <Section>
    <Name>Pickups.AmmoDrop_Sniper_Rifle_Cartridges</Name>
    <Presentation>ammo_sniper</Presentation>
  </Section>
  <Section>
    <Name>Shop.AmmoShop_Assault_Rifle_Bullets</Name>
    <Presentation>ammo_ar</Presentation>
  </Section>
  <Section>
    <Name>Shop.AmmoShop_Combat_Shotgun_Shells</Name>
    <Presentation>ammo_shotgun</Presentation>
  </Section>
  <Section>
    <Name>Shop.AmmoShop_Grenade_Protean</Name>
    <Presentation>grenade</Presentation>
  </Section>
  <Section>
    <Name>Shop.AmmoShop_Patrol_SMG_Clip</Name>
    <Presentation>ammo_smg</Presentation>
  </Section>
  <Section>
    <Name>Shop.AmmoShop_Repeater_Pistol_Clip</Name>
    <Presentation>ammo_repeater</Presentation>
  </Section>
  <Section>
    <Name>Shop.AmmoShop_Revolver_Pistol_Rounds</Name>
    <Presentation>ammo_revolver</Presentation>
  </Section>
  <Section>
    <Name>Shop.AmmoShop_Rocket_Launcher</Name>
    <Presentation>ammo_rockets</Presentation>
  </Section>
  <Section>
    <Name>Shop.AmmoShop_Sniper_Rifle_Cartridges</Name>
    <Presentation>ammo_sniper</Presentation>
  </Section>
  <Section>
    <Name>TestDrops.FullAmmo</Name>
    <Presentation>ammo</Presentation>
  </Section>
</INI>