<?xml version="1.0" encoding="us-ascii"?>
<!--Comment-->
<INI>
  <Section>
    <Name>Weapons.CustomWeap_SupportMG_TheMeatGrinder</Name>
    <Torgue0>12</Torgue0>
    <Torgue1>21</Torgue1>
    <Torgue2>30</Torgue2>
    <Torgue3>39</Torgue3>
    <Torgue4>49</Torgue4>
    <Torgue5>50</Torgue5>
  </Section>
  <Section>
    <Name>Weapons.CustomWeap_Sniper_ShepsElephantGun</Name>
    <Jakobs0>6</Jakobs0>
    <Jakobs1>15</Jakobs1>
    <Jakobs2>24</Jakobs2>
    <Jakobs3>33</Jakobs3>
    <Jakobs4>42</Jakobs4>
    <Jakobs5>50</Jakobs5>
  </Section>
  <Section>
    <Name>Weapons.CustomWeap_SMG_BoneShredder</Name>
    <tediore0>5</tediore0>
    <tediore1>17</tediore1>
    <tediore2>26</tediore2>
    <tediore3>35</tediore3>
    <tediore4>44</tediore4>
    <tediore5>50</tediore5>
  </Section>
  <Section>
    <Name>Weapons.CustomWeap_SemiAutoSniper_ReaversEdge</Name>
    <Dahl0>7</Dahl0>
    <Dahl1>18</Dahl1>
    <Dahl2>27</Dahl2>
    <Dahl3>36</Dahl3>
    <Dahl4>45</Dahl4>
    <Dahl5>50</Dahl5>
  </Section>
  <Section>
    <Name>Weapons.CustomWeap_RocketLauncher_TheRoaster</Name>
    <Maliwan0>9</Maliwan0>
    <Maliwan1>17</Maliwan1>
    <Maliwan2>27</Maliwan2>
    <Maliwan3>36</Maliwan3>
    <Maliwan4>45</Maliwan4>
    <Maliwan5>50</Maliwan5>
  </Section>
  <Section>
    <Name>Weapons.CustomWeap_Revolver_Madjack</Name>
    <Maliwan0>8</Maliwan0>
    <Maliwan1>17</Maliwan1>
    <Maliwan2>27</Maliwan2>
    <Maliwan3>36</Maliwan3>
    <Maliwan4>45</Maliwan4>
    <Maliwan5>50</Maliwan5>
  </Section>
  <Section>
    <Name>Weapons.CustomWeap_RepeaterPistol_Tech</Name>
  </Section>
  <Section>
    <Name>Weapons.CustomWeap_Repeater_LadiesFinger</Name>
    <Hyperion0>4</Hyperion0>
    <Hyperion1>17</Hyperion1>
    <Hyperion2>26</Hyperion2>
    <Hyperion3>35</Hyperion3>
    <Hyperion4>44</Hyperion4>
    <Hyperion5>50</Hyperion5>
  </Section>
  <Section>
    <Name>Weapons.CustomWeap_Repeater_KromsSidearm</Name>
    <Atlas0>12</Atlas0>
    <Atlas1>25</Atlas1>
    <Atlas2>33</Atlas2>
    <Atlas3>39</Atlas3>
    <Atlas4>48</Atlas4>
    <Atlas5>50</Atlas5>
  </Section>
  <Section>
    <Name>Weapons.CustomWeap_MachinePistol_TheClipper</Name>
    <Vladof0>4</Vladof0>
    <Vladof1>14</Vladof1>
    <Vladof2>24</Vladof2>
    <Vladof3>34</Vladof3>
    <Vladof4>44</Vladof4>
    <Vladof5>50</Vladof5>
  </Section>
  <Section>
    <Name>Weapons.CustomWeap_GrenadeLauncher_NineToes_BigToe</Name>
    <Dahl0>7</Dahl0>
    <Dahl1>18</Dahl1>
    <Dahl2>27</Dahl2>
    <Dahl3>36</Dahl3>
    <Dahl4>45</Dahl4>
    <Dahl5>50</Dahl5>
  </Section>
  <Section>
    <Name>Weapons.CustomWeap_EridanCannon_MegaCannon</Name>
    <Eridian0>12</Eridian0>
    <Eridian1>21</Eridian1>
    <Eridian2>30</Eridian2>
    <Eridian3>39</Eridian3>
    <Eridian4>48</Eridian4>
    <Eridian5>50</Eridian5>
  </Section>
  <Section>
    <Name>Weapons.CustomWeap_CombatShotgun_TKsWave</Name>
    <Dahl0>7</Dahl0>
    <Dahl1>20</Dahl1>
    <Dahl2>29</Dahl2>
    <Dahl3>38</Dahl3>
    <Dahl4>47</Dahl4>
    <Dahl5>50</Dahl5>
  </Section>
  <Section>
    <Name>Weapons.CustomWeap_CombatShotgun_SledgesShotgun</Name>
    <Jakobs0>6</Jakobs0>
    <Jakobs1>15</Jakobs1>
    <Jakobs2>24</Jakobs2>
    <Jakobs3>33</Jakobs3>
    <Jakobs4>42</Jakobs4>
    <Jakobs5>50</Jakobs5>
  </Section>
  <Section>
    <Name>Weapons.CustomWeap_CombatShotgun_BoomStick</Name>
    <Torgue0>12</Torgue0>
    <Torgue1>21</Torgue1>
    <Torgue2>30</Torgue2>
    <Torgue3>39</Torgue3>
    <Torgue4>49</Torgue4>
    <Torgue5>50</Torgue5>
  </Section>
  <Section>
    <Name>Weapons.CustomWeap_CombatRifle_Shock</Name>
  </Section>
  <Section>
    <Name>Weapons.CustomWeap_CombatRifle_Incendiary</Name>
  </Section>
  <Section>
    <Name>Weapons.CustomWeap_CombatRifle_Corrosive</Name>
  </Section>
  <Section>
    <Name>Reward_Weapons.CustomWeap_reward_SupportMachineGun</Name>
  </Section>
  <Section>
    <Name>Reward_Weapons.CustomWeap_reward_SniperRifle</Name>
  </Section>
  <Section>
    <Name>Reward_Weapons.CustomWeap_reward_SemiAutoSniperRifle</Name>
    <Dahl0>6</Dahl0>
    <Dahl1>18</Dahl1>
    <Dahl2>27</Dahl2>
    <Dahl3>36</Dahl3>
    <Dahl4>45</Dahl4>
    <Dahl5>50</Dahl5>
    <SandSMunitions0>6</SandSMunitions0>
    <SandSMunitions1>15</SandSMunitions1>
    <SandSMunitions2>24</SandSMunitions2>
    <SandSMunitions3>33</SandSMunitions3>
    <SandSMunitions4>42</SandSMunitions4>
    <SandSMunitions5>50</SandSMunitions5>
    <Torgue0>12</Torgue0>
    <Torgue1>21</Torgue1>
    <Torgue2>30</Torgue2>
    <Torgue3>39</Torgue3>
    <Torgue4>49</Torgue4>
    <Torgue5>50</Torgue5>
    <Hyperion0>8</Hyperion0>
    <Hyperion1>17</Hyperion1>
    <Hyperion2>26</Hyperion2>
    <Hyperion3>35</Hyperion3>
    <Hyperion4>44</Hyperion4>
    <Hyperion5>50</Hyperion5>
  </Section>
  <Section>
    <Name>Reward_Weapons.CustomWeap_reward_RevolverPistol</Name>
  </Section>
  <Section>
    <Name>Reward_Weapons.CustomWeap_reward_RepeaterPistol</Name>
  </Section>
  <Section>
    <Name>Reward_Weapons.CustomWeap_reward_PatrolSMG</Name>
  </Section>
  <Section>
    <Name>Reward_Weapons.CustomWeap_reward_MachinePistol</Name>
  </Section>
  <Section>
    <Name>Reward_Weapons.CustomWeap_reward_Launcher_Rocket</Name>
  </Section>
  <Section>
    <Name>Reward_Weapons.CustomWeap_reward_CombatShotgun</Name>
  </Section>
  <Section>
    <Name>Reward_Weapons.CustomWeap_reward_CombatRifle</Name>
  </Section>
  <Section>
    <Name>Reward_Weapons.CustomWeap_reward_AssaultShotgun</Name>
  </Section>
  <Section>
    <Name>Retail_Weapons.CustomWeap_Sniper_Rider</Name>
    <Gearbox0>5</Gearbox0>
    <Gearbox1>14</Gearbox1>
    <Gearbox2>23</Gearbox2>
    <Gearbox3>32</Gearbox3>
    <Gearbox4>41</Gearbox4>
    <Gearbox5>50</Gearbox5>
  </Section>
  <Section>
    <Name>Retail_Weapons.CustomWeap_Sniper_Nailer</Name>
    <Dahl0>6</Dahl0>
    <Dahl1>18</Dahl1>
    <Dahl2>27</Dahl2>
    <Dahl3>36</Dahl3>
    <Dahl4>45</Dahl4>
    <Dahl5>50</Dahl5>
  </Section>
  <Section>
    <Name>Retail_Weapons.CustomWeap_SMG_TheSpy</Name>
    <Hyperion0>8</Hyperion0>
    <Hyperion1>17</Hyperion1>
    <Hyperion2>26</Hyperion2>
    <Hyperion3>35</Hyperion3>
    <Hyperion4>44</Hyperion4>
    <Hyperion5>50</Hyperion5>
  </Section>
  <Section>
    <Name>Retail_Weapons.CustomWeap_RocketLauncher_Leviathan</Name>
    <Torgue0>12</Torgue0>
    <Torgue1>21</Torgue1>
    <Torgue2>30</Torgue2>
    <Torgue3>39</Torgue3>
    <Torgue4>49</Torgue4>
    <Torgue5>50</Torgue5>
  </Section>
  <Section>
    <Name>Retail_Weapons.CustomWeap_Revolver_Patton</Name>
    <Atlas0>12</Atlas0>
    <Atlas1>21</Atlas1>
    <Atlas2>30</Atlas2>
    <Atlas3>39</Atlas3>
    <Atlas4>48</Atlas4>
    <Atlas5>50</Atlas5>
  </Section>
  <Section>
    <Name>Retail_Weapons.CustomWeap_repeater_TheDove</Name>
    <Dahl0>4</Dahl0>
    <Dahl1>18</Dahl1>
    <Dahl2>27</Dahl2>
    <Dahl3>36</Dahl3>
    <Dahl4>45</Dahl4>
    <Dahl5>50</Dahl5>
  </Section>
  <Section>
    <Name>Retail_Weapons.CustomWeap_CombatShotgun_Blister</Name>
    <Torgue0>12</Torgue0>
    <Torgue1>21</Torgue1>
    <Torgue2>30</Torgue2>
    <Torgue3>39</Torgue3>
    <Torgue4>49</Torgue4>
    <Torgue5>50</Torgue5>
  </Section>
  <Section>
    <Name>Retail_Weapons.CustomWeap_CombatRifle_Sentinel</Name>
    <Hyperion0>8</Hyperion0>
    <Hyperion1>17</Hyperion1>
    <Hyperion2>26</Hyperion2>
    <Hyperion3>35</Hyperion3>
    <Hyperion4>44</Hyperion4>
    <Hyperion5>50</Hyperion5>
  </Section>
  <Section>
    <Name>GunPack_Weapons.CustomWeap_Gunpack_SMG</Name>
    <Gearbox0>5</Gearbox0>
    <Gearbox1>14</Gearbox1>
    <Gearbox2>23</Gearbox2>
    <Gearbox3>32</Gearbox3>
    <Gearbox4>41</Gearbox4>
    <Gearbox5>50</Gearbox5>
  </Section>
  <Section>
    <Name>GunPack_Weapons.CustomWeap_Gunpack_SemiAutoSniperRifle</Name>
    <Gearbox0>5</Gearbox0>
    <Gearbox1>14</Gearbox1>
    <Gearbox2>23</Gearbox2>
    <Gearbox3>32</Gearbox3>
    <Gearbox4>41</Gearbox4>
    <Gearbox5>50</Gearbox5>
  </Section>
  <Section>
    <Name>GunPack_Weapons.CustomWeap_Gunpack_Repeater_Roland</Name>
    <Gearbox0>5</Gearbox0>
    <Gearbox1>14</Gearbox1>
    <Gearbox2>23</Gearbox2>
    <Gearbox3>32</Gearbox3>
    <Gearbox4>41</Gearbox4>
    <Gearbox5>50</Gearbox5>
  </Section>
  <Section>
    <Name>GunPack_Weapons.CustomWeap_Gunpack_Repeater_Mordecai</Name>
    <Gearbox0>5</Gearbox0>
    <Gearbox1>14</Gearbox1>
    <Gearbox2>23</Gearbox2>
    <Gearbox3>32</Gearbox3>
    <Gearbox4>41</Gearbox4>
    <Gearbox5>50</Gearbox5>
  </Section>
  <Section>
    <Name>GunPack_Weapons.CustomWeap_Gunpack_Repeater_Lilith</Name>
    <Gearbox0>5</Gearbox0>
    <Gearbox1>14</Gearbox1>
    <Gearbox2>23</Gearbox2>
    <Gearbox3>32</Gearbox3>
    <Gearbox4>41</Gearbox4>
    <Gearbox5>50</Gearbox5>
  </Section>
  <Section>
    <Name>GunPack_Weapons.CustomWeap_Gunpack_Repeater_Brick</Name>
    <Gearbox0>5</Gearbox0>
    <Gearbox1>14</Gearbox1>
    <Gearbox2>23</Gearbox2>
    <Gearbox3>32</Gearbox3>
    <Gearbox4>41</Gearbox4>
    <Gearbox5>50</Gearbox5>
  </Section>
  <Section>
    <Name>GunPack_Weapons.CustomWeap_Gunpack_CombatRifle</Name>
    <Gearbox0>5</Gearbox0>
    <Gearbox1>14</Gearbox1>
    <Gearbox2>23</Gearbox2>
    <Gearbox3>32</Gearbox3>
    <Gearbox4>41</Gearbox4>
    <Gearbox5>50</Gearbox5>
  </Section>
  <Section>
    <Name>GunPack_Weapons.CustomWeap_Gunpack_AssaultShotgun</Name>
    <Gearbox0>5</Gearbox0>
    <Gearbox1>14</Gearbox1>
    <Gearbox2>23</Gearbox2>
    <Gearbox3>32</Gearbox3>
    <Gearbox4>41</Gearbox4>
    <Gearbox5>50</Gearbox5>
  </Section>
  <Section>
    <Name>Gunpack_PartCollections.PartCollection_Gunpack_SMG</Name>
  </Section>
  <Section>
    <Name>Gunpack_PartCollections.PartCollection_Gunpack_SemiAutoSniperRifle</Name>
  </Section>
  <Section>
    <Name>Gunpack_PartCollections.PartCollection_Gunpack_Repeater_Roland</Name>
  </Section>
  <Section>
    <Name>Gunpack_PartCollections.PartCollection_Gunpack_Repeater_Mordecai</Name>
  </Section>
  <Section>
    <Name>Gunpack_PartCollections.PartCollection_Gunpack_Repeater_Lilith</Name>
  </Section>
  <Section>
    <Name>Gunpack_PartCollections.PartCollection_Gunpack_Repeater_Brick</Name>
  </Section>
  <Section>
    <Name>Gunpack_PartCollections.PartCollection_Gunpack_CombatRifle</Name>
  </Section>
  <Section>
    <Name>Gunpack_PartCollections.PartCollection_Gunpack_AssaultShotgun</Name>
  </Section>
  <Section>
    <Name>GBX_Weapons.CustomWeap_Gearbox_SupportMachineGun</Name>
    <Gearbox0>5</Gearbox0>
    <Gearbox1>14</Gearbox1>
    <Gearbox2>23</Gearbox2>
    <Gearbox3>32</Gearbox3>
    <Gearbox4>41</Gearbox4>
    <Gearbox5>50</Gearbox5>
  </Section>
  <Section>
    <Name>GBX_Weapons.CustomWeap_Gearbox_SniperRifle</Name>
    <Gearbox0>5</Gearbox0>
    <Gearbox1>14</Gearbox1>
    <Gearbox2>23</Gearbox2>
    <Gearbox3>32</Gearbox3>
    <Gearbox4>41</Gearbox4>
    <Gearbox5>50</Gearbox5>
  </Section>
  <Section>
    <Name>GBX_Weapons.CustomWeap_Gearbox_SMG</Name>
    <Gearbox0>5</Gearbox0>
    <Gearbox1>14</Gearbox1>
    <Gearbox2>23</Gearbox2>
    <Gearbox3>32</Gearbox3>
    <Gearbox4>41</Gearbox4>
    <Gearbox5>50</Gearbox5>
  </Section>
  <Section>
    <Name>GBX_Weapons.CustomWeap_Gearbox_SemiAutoSniperRifle</Name>
    <Gearbox0>5</Gearbox0>
    <Gearbox1>14</Gearbox1>
    <Gearbox2>23</Gearbox2>
    <Gearbox3>32</Gearbox3>
    <Gearbox4>41</Gearbox4>
    <Gearbox5>50</Gearbox5>
  </Section>
  <Section>
    <Name>GBX_Weapons.CustomWeap_Gearbox_Revolver</Name>
    <Gearbox0>5</Gearbox0>
    <Gearbox1>14</Gearbox1>
    <Gearbox2>23</Gearbox2>
    <Gearbox3>32</Gearbox3>
    <Gearbox4>41</Gearbox4>
    <Gearbox5>50</Gearbox5>
  </Section>
  <Section>
    <Name>GBX_Weapons.CustomWeap_Gearbox_Repeater</Name>
    <Gearbox0>5</Gearbox0>
    <Gearbox1>14</Gearbox1>
    <Gearbox2>23</Gearbox2>
    <Gearbox3>32</Gearbox3>
    <Gearbox4>41</Gearbox4>
    <Gearbox5>50</Gearbox5>
  </Section>
  <Section>
    <Name>GBX_Weapons.CustomWeap_Gearbox_MachinePistol</Name>
    <Gearbox0>5</Gearbox0>
    <Gearbox1>14</Gearbox1>
    <Gearbox2>23</Gearbox2>
    <Gearbox3>32</Gearbox3>
    <Gearbox4>41</Gearbox4>
    <Gearbox5>50</Gearbox5>
  </Section>
  <Section>
    <Name>GBX_Weapons.CustomWeap_Gearbox_Launcher_Rocket</Name>
    <Gearbox0>5</Gearbox0>
    <Gearbox1>14</Gearbox1>
    <Gearbox2>23</Gearbox2>
    <Gearbox3>32</Gearbox3>
    <Gearbox4>41</Gearbox4>
    <Gearbox5>50</Gearbox5>
  </Section>
  <Section>
    <Name>GBX_Weapons.CustomWeap_Gearbox_Launcher_Grenade</Name>
    <Gearbox0>5</Gearbox0>
    <Gearbox1>14</Gearbox1>
    <Gearbox2>23</Gearbox2>
    <Gearbox3>32</Gearbox3>
    <Gearbox4>41</Gearbox4>
    <Gearbox5>50</Gearbox5>
  </Section>
  <Section>
    <Name>GBX_Weapons.CustomWeap_Gearbox_CombatShotgun</Name>
    <Gearbox0>5</Gearbox0>
    <Gearbox1>14</Gearbox1>
    <Gearbox2>23</Gearbox2>
    <Gearbox3>32</Gearbox3>
    <Gearbox4>41</Gearbox4>
    <Gearbox5>50</Gearbox5>
  </Section>
  <Section>
    <Name>GBX_Weapons.CustomWeap_Gearbox_CombatRifle</Name>
    <Gearbox0>5</Gearbox0>
    <Gearbox1>14</Gearbox1>
    <Gearbox2>23</Gearbox2>
    <Gearbox3>32</Gearbox3>
    <Gearbox4>41</Gearbox4>
    <Gearbox5>50</Gearbox5>
  </Section>
  <Section>
    <Name>GBX_Weapons.CustomWeap_Gearbox_AssaultShotgun</Name>
    <Gearbox0>5</Gearbox0>
    <Gearbox1>14</Gearbox1>
    <Gearbox2>23</Gearbox2>
    <Gearbox3>32</Gearbox3>
    <Gearbox4>41</Gearbox4>
    <Gearbox5>50</Gearbox5>
  </Section>
  <Section>
    <Name>Custom_Starters.CustomWeap_repeater_starter_strong</Name>
    <Torgue0>2</Torgue0>
  </Section>
  <Section>
    <Name>Custom_Starters.CustomWeap_repeater_starter_magsize</Name>
    <SandSMunitions0>2</SandSMunitions0>
  </Section>
  <Section>
    <Name>Custom_Starters.CustomWeap_repeater_starter_fast</Name>
    <Vladof0>2</Vladof0>
  </Section>
  <Section>
    <Name>Custom_Starters.CustomWeap_repeater_starter_accurate</Name>
    <Hyperion0>2</Hyperion0>
  </Section>
</INI>