<?xml version="1.0" encoding="us-ascii"?>
<!--Comment-->
<INI>
  <Section>
    <Name>BigMoney.BigMoney_08</Name>
    <Rarity>2</Rarity>
  </Section>
  <Section>
    <Name>BigMoney.BigMoney_09</Name>
    <Rarity>2</Rarity>
  </Section>
  <Section>
    <Name>A_Item.Bobblehead</Name>
    <BaseRarity>180</BaseRarity>
    <Presentation>money</Presentation>
  </Section>
  <Section>
    <Name>A_Item.Currency</Name>
    <BaseRarity>180</BaseRarity>
    <Presentation>money</Presentation>
  </Section>
  <Section>
    <Name>A_Item.Currency_big</Name>
    <BaseRarity>180</BaseRarity>
    <Presentation>money</Presentation>
  </Section>
  <Section>
    <Name>A_Item.Currency_PrizeFighter</Name>
    <BaseRarity>180</BaseRarity>
    <Presentation>money</Presentation>
  </Section>
  <Section>
    <Name>A_Item.SkagPearl</Name>
    <BaseRarity>180</BaseRarity>
    <Presentation>money</Presentation>
  </Section>
</INI>