<?xml version="1.0" encoding="us-ascii"?>
<!--Comment-->
<INI>
  <Section>
    <Name>A_Item.Item_CommandDeck_Brick</Name>
    <UseFailureCharacterMessage>You must be a %s to use this item.</UseFailureCharacterMessage>
    <ItemName>Class Mod</ItemName>
    <PickupMessage />
    <PickupMessageWithLevel>You got %s (Level %d)</PickupMessageWithLevel>
    <UseFailureLevelMessage>You must be at least level %d to use this item.</UseFailureLevelMessage>
    <UseFailureConstraintsMessage>You cannot use this item.</UseFailureConstraintsMessage>
    <NoManufacturerName>Generic</NoManufacturerName>
    <BaseRarity>6</BaseRarity>
    <Presentation>comm</Presentation>
  </Section>
  <Section>
    <Name>A_Item.Item_CommandDeck_Lilith</Name>
    <UseFailureCharacterMessage>You must be a %s to use this item.</UseFailureCharacterMessage>
    <ItemName>Class Mod</ItemName>
    <PickupMessage />
    <PickupMessageWithLevel>You got %s (Level %d)</PickupMessageWithLevel>
    <UseFailureLevelMessage>You must be at least level %d to use this item.</UseFailureLevelMessage>
    <UseFailureConstraintsMessage>You cannot use this item.</UseFailureConstraintsMessage>
    <NoManufacturerName>Generic</NoManufacturerName>
    <BaseRarity>6</BaseRarity>
    <Presentation>comm</Presentation>
  </Section>
  <Section>
    <Name>A_Item.Item_CommandDeck_Loyalty</Name>
    <UseFailureCharacterMessage>You must be a %s to use this item.</UseFailureCharacterMessage>
    <ItemName>Command Deck</ItemName>
    <PickupMessage />
    <PickupMessageWithLevel>You got %s (Level %d)</PickupMessageWithLevel>
    <UseFailureLevelMessage>You must be at least level %d to use this item.</UseFailureLevelMessage>
    <UseFailureConstraintsMessage>You cannot use this item.</UseFailureConstraintsMessage>
    <NoManufacturerName>Generic</NoManufacturerName>
    <BaseRarity>6</BaseRarity>
    <Presentation>comm</Presentation>
  </Section>
  <Section>
    <Name>A_Item.Item_CommandDeck_Mordecai</Name>
    <UseFailureCharacterMessage>You must be a %s to use this item.</UseFailureCharacterMessage>
    <ItemName>Class Mod</ItemName>
    <PickupMessage />
    <PickupMessageWithLevel>You got %s (Level %d)</PickupMessageWithLevel>
    <UseFailureLevelMessage>You must be at least level %d to use this item.</UseFailureLevelMessage>
    <UseFailureConstraintsMessage>You cannot use this item.</UseFailureConstraintsMessage>
    <NoManufacturerName>Generic</NoManufacturerName>
    <BaseRarity>6</BaseRarity>
    <Presentation>comm</Presentation>
  </Section>
  <Section>
    <Name>A_Item.Item_CommandDeck_Roland</Name>
    <UseFailureCharacterMessage>You must be a %s to use this item.</UseFailureCharacterMessage>
    <ItemName>Class Mod</ItemName>
    <PickupMessage />
    <PickupMessageWithLevel>You got %s (Level %d)</PickupMessageWithLevel>
    <UseFailureLevelMessage>You must be at least level %d to use this item.</UseFailureLevelMessage>
    <UseFailureConstraintsMessage>You cannot use this item.</UseFailureConstraintsMessage>
    <NoManufacturerName>Generic</NoManufacturerName>
    <BaseRarity>6</BaseRarity>
    <Presentation>comm</Presentation>
  </Section>
  <Section>
    <Name>Body_Brick.Brick_Berskerker</Name>
    <PartName />
    <Rarity>2</Rarity>
  </Section>
  <Section>
    <Name>Body_Brick.Brick_BlastMaster</Name>
    <PartName />
    <Rarity>2</Rarity>
  </Section>
  <Section>
    <Name>Body_Brick.Brick_Bombardier</Name>
    <PartName />
    <Rarity>2</Rarity>
  </Section>
  <Section>
    <Name>Body_Brick.Brick_Centurion</Name>
    <PartName />
    <Rarity>2</Rarity>
  </Section>
  <Section>
    <Name>Body_Brick.Brick_Skirmisher</Name>
    <PartName />
    <Rarity>2</Rarity>
  </Section>
  <Section>
    <Name>Body_Brick.Brick_Titan</Name>
    <PartName />
    <Rarity>2</Rarity>
  </Section>
  <Section>
    <Name>Body_Brick.Brick_Warmonger</Name>
    <PartName />
    <Rarity>2</Rarity>
  </Section>
  <Section>
    <Name>Body_Lilith.Lilith_Catalyst</Name>
    <PartName />
    <Rarity>2</Rarity>
  </Section>
  <Section>
    <Name>Body_Lilith.Lilith_Defender</Name>
    <PartName />
    <Rarity>2</Rarity>
  </Section>
  <Section>
    <Name>Body_Lilith.Lilith_Firefly</Name>
    <PartName />
    <Rarity>2</Rarity>
  </Section>
  <Section>
    <Name>Body_Lilith.Lilith_Mercenary</Name>
    <PartName />
    <Rarity>2</Rarity>
  </Section>
  <Section>
    <Name>Body_Lilith.Lilith_Plaguebearer</Name>
    <PartName />
    <Rarity>2</Rarity>
  </Section>
  <Section>
    <Name>Body_Lilith.Lilith_Tempest</Name>
    <PartName />
    <Rarity>2</Rarity>
  </Section>
  <Section>
    <Name>Body_Lilith.Lilith_Tormentor</Name>
    <PartName />
    <Rarity>2</Rarity>
  </Section>
  <Section>
    <Name>Body_Loyalty.Loyalty_Anshin</Name>
    <PartName />
    <Rarity>2</Rarity>
  </Section>
  <Section>
    <Name>Body_Loyalty.Loyalty_Atlas</Name>
    <PartName />
    <Rarity>2</Rarity>
  </Section>
  <Section>
    <Name>Body_Loyalty.Loyalty_Dahl</Name>
    <PartName />
    <Rarity>2</Rarity>
  </Section>
  <Section>
    <Name>Body_Loyalty.Loyalty_Gearbox</Name>
    <PartName />
    <Rarity>2</Rarity>
  </Section>
  <Section>
    <Name>Body_Loyalty.Loyalty_Hyperion</Name>
    <PartName />
    <Rarity>2</Rarity>
  </Section>
  <Section>
    <Name>Body_Loyalty.Loyalty_Jakobs</Name>
    <PartName />
    <Rarity>2</Rarity>
  </Section>
  <Section>
    <Name>Body_Loyalty.Loyalty_Maliwan</Name>
    <PartName />
    <Rarity>2</Rarity>
  </Section>
  <Section>
    <Name>Body_Loyalty.Loyalty_Pangolin</Name>
    <PartName />
    <Rarity>2</Rarity>
  </Section>
  <Section>
    <Name>Body_Loyalty.Loyalty_SandS</Name>
    <PartName />
    <Rarity>2</Rarity>
  </Section>
  <Section>
    <Name>Body_Loyalty.Loyalty_Tediore</Name>
    <PartName />
    <Rarity>2</Rarity>
  </Section>
  <Section>
    <Name>Body_Loyalty.Loyalty_Torgue</Name>
    <PartName />
    <Rarity>2</Rarity>
  </Section>
  <Section>
    <Name>Body_Loyalty.Loyalty_Vladof</Name>
    <PartName />
    <Rarity>2</Rarity>
  </Section>
  <Section>
    <Name>Body_Mordecai.Mordecai_Assassin</Name>
    <PartName />
    <Rarity>2</Rarity>
  </Section>
  <Section>
    <Name>Body_Mordecai.Mordecai_Gunslinger</Name>
    <PartName />
    <Rarity>2</Rarity>
  </Section>
  <Section>
    <Name>Body_Mordecai.Mordecai_Hunter</Name>
    <PartName />
    <Rarity>2</Rarity>
  </Section>
  <Section>
    <Name>Body_Mordecai.Mordecai_Ranger</Name>
    <PartName />
    <Rarity>2</Rarity>
  </Section>
  <Section>
    <Name>Body_Mordecai.Mordecai_Scavenger</Name>
    <PartName />
    <Rarity>2</Rarity>
  </Section>
  <Section>
    <Name>Body_Mordecai.Mordecai_Sniper</Name>
    <PartName />
    <Rarity>2</Rarity>
  </Section>
  <Section>
    <Name>Body_Mordecai.Mordecai_Survivor</Name>
    <PartName />
    <Rarity>2</Rarity>
  </Section>
  <Section>
    <Name>Body_Roland.Roland_Commando</Name>
    <PartName />
    <Rarity>2</Rarity>
  </Section>
  <Section>
    <Name>Body_Roland.Roland_HeavyGunner</Name>
    <PartName />
    <Rarity>2</Rarity>
  </Section>
  <Section>
    <Name>Body_Roland.Roland_Leader</Name>
    <PartName />
    <Rarity>2</Rarity>
  </Section>
  <Section>
    <Name>Body_Roland.Roland_Rifleman</Name>
    <PartName />
    <Rarity>2</Rarity>
  </Section>
  <Section>
    <Name>Body_Roland.Roland_ShockTrooper</Name>
    <PartName />
    <Rarity>2</Rarity>
  </Section>
  <Section>
    <Name>Body_Roland.Roland_SupportGunner</Name>
    <PartName />
    <Rarity>2</Rarity>
  </Section>
  <Section>
    <Name>Body_Roland.Roland_Tactician</Name>
    <PartName />
    <Rarity>2</Rarity>
  </Section>
  <Section>
    <Name>LeftSide.leftside0</Name>
    <PartName />
    <Rarity>0</Rarity>
  </Section>
  <Section>
    <Name>LeftSide.leftside1</Name>
    <PartNumberAddend>1</PartNumberAddend>
    <PartName />
    <Rarity>2</Rarity>
  </Section>
  <Section>
    <Name>LeftSide.leftside1b</Name>
    <PartNumberAddend>1</PartNumberAddend>
    <PartName />
    <Rarity>2</Rarity>
  </Section>
  <Section>
    <Name>LeftSide.leftside1c</Name>
    <PartNumberAddend>1</PartNumberAddend>
    <PartName />
    <Rarity>2</Rarity>
  </Section>
  <Section>
    <Name>LeftSide.leftside2</Name>
    <PartNumberAddend>2</PartNumberAddend>
    <PartName />
    <Rarity>2</Rarity>
  </Section>
  <Section>
    <Name>LeftSide.leftside2b</Name>
    <PartNumberAddend>2</PartNumberAddend>
    <PartName />
    <Rarity>2</Rarity>
  </Section>
  <Section>
    <Name>LeftSide.leftside2c</Name>
    <PartNumberAddend>2</PartNumberAddend>
    <PartName />
    <Rarity>2</Rarity>
  </Section>
  <Section>
    <Name>LeftSide.leftside3</Name>
    <PartNumberAddend>3</PartNumberAddend>
    <PartName />
    <Rarity>2</Rarity>
  </Section>
  <Section>
    <Name>LeftSide.leftside3b</Name>
    <PartNumberAddend>3</PartNumberAddend>
    <PartName />
    <Rarity>2</Rarity>
  </Section>
  <Section>
    <Name>LeftSide.leftside3c</Name>
    <PartNumberAddend>3</PartNumberAddend>
    <PartName />
    <Rarity>2</Rarity>
  </Section>
  <Section>
    <Name>LeftSide.leftside4</Name>
    <PartNumberAddend>4</PartNumberAddend>
    <PartName />
    <Rarity>4</Rarity>
  </Section>
  <Section>
    <Name>LeftSide.leftside4b</Name>
    <PartNumberAddend>4</PartNumberAddend>
    <PartName />
    <Rarity>4</Rarity>
  </Section>
  <Section>
    <Name>LeftSide.leftside4c</Name>
    <PartNumberAddend>4</PartNumberAddend>
    <PartName />
    <Rarity>4</Rarity>
  </Section>
  <Section>
    <Name>LeftSide.leftside5</Name>
    <PartNumberAddend>5</PartNumberAddend>
    <PartName />
    <Rarity>4</Rarity>
  </Section>
  <Section>
    <Name>LeftSide.leftside5b</Name>
    <PartNumberAddend>5</PartNumberAddend>
    <PartName />
    <Rarity>4</Rarity>
  </Section>
  <Section>
    <Name>LeftSide.leftside5c</Name>
    <PartNumberAddend>5</PartNumberAddend>
    <PartName />
    <Rarity>4</Rarity>
  </Section>
  <Section>
    <Name>LeftSide.leftside6</Name>
    <PartNumberAddend>6</PartNumberAddend>
    <PartName />
    <Rarity>8</Rarity>
  </Section>
  <Section>
    <Name>LeftSide.leftside6b</Name>
    <PartNumberAddend>6</PartNumberAddend>
    <PartName />
    <Rarity>8</Rarity>
  </Section>
  <Section>
    <Name>LeftSide.leftside6c</Name>
    <PartNumberAddend>6</PartNumberAddend>
    <PartName />
    <Rarity>8</Rarity>
  </Section>
  <Section>
    <Name>RightSide.rightside1</Name>
    <PartNumberAddend>10</PartNumberAddend>
    <PartName />
    <Rarity>0</Rarity>
  </Section>
  <Section>
    <Name>RightSide.rightside2</Name>
    <PartNumberAddend>20</PartNumberAddend>
    <PartName />
    <Rarity>2</Rarity>
  </Section>
  <Section>
    <Name>RightSide.rightside3</Name>
    <PartNumberAddend>20</PartNumberAddend>
    <PartName />
    <Rarity>2</Rarity>
  </Section>
  <Section>
    <Name>RightSide.rightside4</Name>
    <PartNumberAddend>30</PartNumberAddend>
    <PartName />
    <Rarity>4</Rarity>
  </Section>
  <Section>
    <Name>RightSide.rightside5</Name>
    <PartNumberAddend>50</PartNumberAddend>
    <PartName />
    <Rarity>4</Rarity>
  </Section>
  <Section>
    <Name>RightSide.rightside6</Name>
    <PartNumberAddend>60</PartNumberAddend>
    <PartName />
    <Rarity>4</Rarity>
  </Section>
  <Section>
    <Name>RightSide.rightsidenone</Name>
    <PartName />
    <Rarity>2</Rarity>
  </Section>
  <Section>
    <Name>ManufacturerMaterials.Material_Anshin_1</Name>
    <PartName />
  </Section>
  <Section>
    <Name>ManufacturerMaterials.Material_Anshin_2</Name>
    <PartName />
  </Section>
  <Section>
    <Name>ManufacturerMaterials.Material_Anshin_3</Name>
    <PartName />
  </Section>
  <Section>
    <Name>ManufacturerMaterials.Material_Atlas_1</Name>
    <PartName />
  </Section>
  <Section>
    <Name>ManufacturerMaterials.Material_Atlas_2</Name>
    <PartName />
  </Section>
  <Section>
    <Name>ManufacturerMaterials.Material_Atlas_3</Name>
    <PartName />
  </Section>
  <Section>
    <Name>ManufacturerMaterials.Material_Dahl_1</Name>
    <PartName />
  </Section>
  <Section>
    <Name>ManufacturerMaterials.Material_Dahl_2</Name>
    <PartName />
  </Section>
  <Section>
    <Name>ManufacturerMaterials.Material_Dahl_3</Name>
    <PartName />
  </Section>
  <Section>
    <Name>ManufacturerMaterials.Material_Hyperion_1</Name>
    <PartName />
  </Section>
  <Section>
    <Name>ManufacturerMaterials.Material_Hyperion_2</Name>
    <PartName />
  </Section>
  <Section>
    <Name>ManufacturerMaterials.Material_Hyperion_3</Name>
    <PartName />
  </Section>
  <Section>
    <Name>ManufacturerMaterials.Material_Jakobs_1</Name>
    <PartName />
  </Section>
  <Section>
    <Name>ManufacturerMaterials.Material_Jakobs_2</Name>
    <PartName />
  </Section>
  <Section>
    <Name>ManufacturerMaterials.Material_Jakobs_3</Name>
    <PartName />
  </Section>
  <Section>
    <Name>ManufacturerMaterials.Material_Maliwan_1</Name>
    <PartName />
  </Section>
  <Section>
    <Name>ManufacturerMaterials.Material_Maliwan_2</Name>
    <PartName />
  </Section>
  <Section>
    <Name>ManufacturerMaterials.Material_Maliwan_3</Name>
    <PartName />
  </Section>
  <Section>
    <Name>ManufacturerMaterials.Material_Pangolin_1</Name>
    <PartName />
  </Section>
  <Section>
    <Name>ManufacturerMaterials.Material_Pangolin_2</Name>
    <PartName />
  </Section>
  <Section>
    <Name>ManufacturerMaterials.Material_Pangolin_3</Name>
    <PartName />
  </Section>
  <Section>
    <Name>ManufacturerMaterials.Material_SandS_1</Name>
    <PartName />
  </Section>
  <Section>
    <Name>ManufacturerMaterials.Material_SandS_2</Name>
    <PartName />
  </Section>
  <Section>
    <Name>ManufacturerMaterials.Material_SandS_3</Name>
    <PartName />
  </Section>
  <Section>
    <Name>ManufacturerMaterials.Material_Tediore_1</Name>
    <PartName />
  </Section>
  <Section>
    <Name>ManufacturerMaterials.Material_Tediore_2</Name>
    <PartName />
  </Section>
  <Section>
    <Name>ManufacturerMaterials.Material_Tediore_3</Name>
    <PartName />
  </Section>
  <Section>
    <Name>ManufacturerMaterials.Material_Torgue_1</Name>
    <PartName />
  </Section>
  <Section>
    <Name>ManufacturerMaterials.Material_Torgue_2</Name>
    <PartName />
  </Section>
  <Section>
    <Name>ManufacturerMaterials.Material_Torgue_3</Name>
    <PartName />
  </Section>
  <Section>
    <Name>ManufacturerMaterials.Material_Vladof_1</Name>
    <PartName />
  </Section>
  <Section>
    <Name>ManufacturerMaterials.Material_Vladof_2</Name>
    <PartName />
  </Section>
  <Section>
    <Name>ManufacturerMaterials.Material_Vladof_3</Name>
    <PartName />
  </Section>
  <Section>
    <Name>Prefix.Prefix_Brick_Berserker</Name>
    <PartName>Berserker</PartName>
  </Section>
  <Section>
    <Name>Prefix.Prefix_Brick_BlastMaster</Name>
    <PartName>Blast Master</PartName>
  </Section>
  <Section>
    <Name>Prefix.Prefix_Brick_Bombardier</Name>
    <PartName>Bombardier</PartName>
  </Section>
  <Section>
    <Name>Prefix.Prefix_Brick_Centurion</Name>
    <PartName>Centurion</PartName>
  </Section>
  <Section>
    <Name>Prefix.Prefix_Brick_Skirmisher</Name>
    <PartName>Skirmisher</PartName>
  </Section>
  <Section>
    <Name>Prefix.Prefix_Brick_Titan</Name>
    <PartName>Titan</PartName>
  </Section>
  <Section>
    <Name>Prefix.Prefix_Brick_Warmonger</Name>
    <PartName>Warmonger</PartName>
  </Section>
  <Section>
    <Name>Prefix.Prefix_Lilith_Catalyst</Name>
    <PartName>Catalyst</PartName>
  </Section>
  <Section>
    <Name>Prefix.Prefix_Lilith_Defender</Name>
    <PartName>Defender</PartName>
  </Section>
  <Section>
    <Name>Prefix.Prefix_Lilith_Firefly</Name>
    <PartName>Firefly</PartName>
  </Section>
  <Section>
    <Name>Prefix.Prefix_Lilith_Mercenary</Name>
    <PartName>Mercenary</PartName>
  </Section>
  <Section>
    <Name>Prefix.Prefix_Lilith_PlagueBearer</Name>
    <PartName>Plaguebearer</PartName>
  </Section>
  <Section>
    <Name>Prefix.Prefix_Lilith_Tempest</Name>
    <PartName>Tempest</PartName>
  </Section>
  <Section>
    <Name>Prefix.Prefix_Lilith_Tormentor</Name>
    <PartName>Tormentor</PartName>
  </Section>
  <Section>
    <Name>Prefix.Prefix_Loyalty_Anshin_PeaceKeeper</Name>
    <PartName>Peace Keeper</PartName>
  </Section>
  <Section>
    <Name>Prefix.Prefix_Loyalty_Atlas_Champion</Name>
    <PartName>Champion</PartName>
  </Section>
  <Section>
    <Name>Prefix.Prefix_Loyalty_Dahl_Professional</Name>
    <PartName>Professional</PartName>
  </Section>
  <Section>
    <Name>Prefix.Prefix_Loyalty_Hyperion_Sharpshooter</Name>
    <PartName>Sharpshooter</PartName>
  </Section>
  <Section>
    <Name>Prefix.Prefix_Loyalty_Jakobs_Gunfighter</Name>
    <PartName>Gunfighter</PartName>
  </Section>
  <Section>
    <Name>Prefix.Prefix_Loyalty_Maliwan_Specialist</Name>
    <PartName>Specialist</PartName>
  </Section>
  <Section>
    <Name>Prefix.Prefix_Loyalty_Pangolin_Tank</Name>
    <PartName>Tank</PartName>
  </Section>
  <Section>
    <Name>Prefix.Prefix_Loyalty_SandS_GunMan</Name>
    <PartName>Gunman</PartName>
  </Section>
  <Section>
    <Name>Prefix.Prefix_Loyalty_Tediore_CommonMan</Name>
    <PartName>Common Man</PartName>
  </Section>
  <Section>
    <Name>Prefix.Prefix_Loyalty_Torgue_BadAss</Name>
    <PartName>Bad Ass</PartName>
  </Section>
  <Section>
    <Name>Prefix.Prefix_Loyalty_Vladof_Patriot</Name>
    <PartName>Patriot</PartName>
  </Section>
  <Section>
    <Name>Prefix.Prefix_Mordecai_Assassin</Name>
    <PartName>Assassin</PartName>
  </Section>
  <Section>
    <Name>Prefix.Prefix_Mordecai_Gunslinger</Name>
    <PartName>Gunslinger</PartName>
  </Section>
  <Section>
    <Name>Prefix.Prefix_Mordecai_Hunter</Name>
    <PartName>Hunter</PartName>
  </Section>
  <Section>
    <Name>Prefix.Prefix_Mordecai_Ranger</Name>
    <PartName>Ranger</PartName>
  </Section>
  <Section>
    <Name>Prefix.Prefix_Mordecai_Scavenger</Name>
    <PartName>Scavenger</PartName>
  </Section>
  <Section>
    <Name>Prefix.Prefix_Mordecai_Sniper</Name>
    <PartName>Sniper</PartName>
  </Section>
  <Section>
    <Name>Prefix.Prefix_Mordecai_Survivor</Name>
    <PartName>Survivor</PartName>
  </Section>
  <Section>
    <Name>Prefix.Prefix_Roland_Commando</Name>
    <PartName>Commando</PartName>
  </Section>
  <Section>
    <Name>Prefix.Prefix_Roland_HeavyGunner</Name>
    <PartName>Heavy Gunner</PartName>
  </Section>
  <Section>
    <Name>Prefix.Prefix_Roland_Leader</Name>
    <PartName>Leader</PartName>
  </Section>
  <Section>
    <Name>Prefix.Prefix_Roland_Rifleman</Name>
    <PartName>Rifleman</PartName>
  </Section>
  <Section>
    <Name>Prefix.Prefix_Roland_ShockTrooper</Name>
    <PartName>Shock Trooper</PartName>
  </Section>
  <Section>
    <Name>Prefix.Prefix_Roland_SupportGunner</Name>
    <PartName>Support Gunner</PartName>
  </Section>
  <Section>
    <Name>Prefix.Prefix_Roland_Tactician</Name>
    <PartName>Tactician</PartName>
  </Section>
  <Section>
    <Name>Title.Title_ComDeck</Name>
    <PartName>Class Mod</PartName>
  </Section>
  <Section>
    <Name>Title.Title_ComDeckBrick</Name>
    <PartName>Class Mod</PartName>
  </Section>
  <Section>
    <Name>Title.Title_ComDeckLilith</Name>
    <PartName>Class Mod</PartName>
  </Section>
  <Section>
    <Name>Title.Title_ComDeckMordecai</Name>
    <PartName>Class Mod</PartName>
  </Section>
  <Section>
    <Name>Title.Title_ComDeckRoland</Name>
    <PartName>Class Mod</PartName>
  </Section>
  <Section>
    <Name>Title.Title_LoyaltyDeck</Name>
    <PartName>Loyalty Mod</PartName>
  </Section>
</INI>