<?xml version="1.0" encoding="us-ascii"?>
<!--Comment-->
<INI>
  <Section>
    <Name>Items.CustomItem_StarterShield</Name>
  </Section>
  <Section>
    <Name>Items.CustomItem_StarterGear_GrenadeMOD_MIRV</Name>
    <Torgue0>3</Torgue0>
    <Torgue1>16</Torgue1>
    <Torgue2>26</Torgue2>
    <Torgue3>36</Torgue3>
    <Torgue4>46</Torgue4>
    <Torgue5>50</Torgue5>
  </Section>
  <Section>
    <Name>Items.CustomItem_StarterGear_ComDeck_Roland</Name>
    <Vladof0>5</Vladof0>
    <Vladof1>15</Vladof1>
    <Vladof2>25</Vladof2>
    <Vladof3>35</Vladof3>
    <Vladof4>45</Vladof4>
    <Vladof5>50</Vladof5>
  </Section>
  <Section>
    <Name>Items.CustomItem_StarterGear_ComDeck_Mordecai</Name>
    <Pangolin0>5</Pangolin0>
    <Pangolin1>15</Pangolin1>
    <Pangolin2>25</Pangolin2>
    <Pangolin3>35</Pangolin3>
    <Pangolin4>45</Pangolin4>
    <Pangolin5>50</Pangolin5>
  </Section>
  <Section>
    <Name>Items.CustomItem_StarterGear_ComDeck_Lilith</Name>
    <Pangolin0>5</Pangolin0>
    <Pangolin1>15</Pangolin1>
    <Pangolin2>25</Pangolin2>
    <Pangolin3>35</Pangolin3>
    <Pangolin4>45</Pangolin4>
    <Pangolin5>50</Pangolin5>
  </Section>
  <Section>
    <Name>Items.CustomItem_StarterGear_ComDeck_Brick</Name>
    <Pangolin0>5</Pangolin0>
    <Pangolin1>15</Pangolin1>
    <Pangolin2>25</Pangolin2>
    <Pangolin3>35</Pangolin3>
    <Pangolin4>45</Pangolin4>
    <Pangolin5>50</Pangolin5>
  </Section>
  <Section>
    <Name>Items.CustomItem_Shield_KingWeeWee</Name>
    <Pangolin0>9</Pangolin0>
    <Pangolin1>18</Pangolin1>
    <Pangolin2>27</Pangolin2>
    <Pangolin3>36</Pangolin3>
    <Pangolin4>45</Pangolin4>
    <Pangolin5>50</Pangolin5>
  </Section>
  <Section>
    <Name>Items.CustomItem_Shield_CrackedSash</Name>
    <Anshin0>6</Anshin0>
    <Anshin1>15</Anshin1>
    <Anshin2>24</Anshin2>
    <Anshin3>33</Anshin3>
    <Anshin4>42</Anshin4>
    <Anshin5>50</Anshin5>
  </Section>
  <Section>
    <Name>Items.CustomItem_reward_shield</Name>
  </Section>
  <Section>
    <Name>Items.CustomItem_GrenadeMOD_Shock</Name>
  </Section>
  <Section>
    <Name>Items.CustomItem_Gear_Shield_Shock</Name>
  </Section>
  <Section>
    <Name>Items.CustomItem_Gear_Shield_Incendiary</Name>
  </Section>
  <Section>
    <Name>Items.CustomItem_Gear_Shield_Corrosive</Name>
  </Section>
  <Section>
    <Name>Items.CustomItem_Elemental_Roland_Shock</Name>
  </Section>
  <Section>
    <Name>Items.CustomItem_Elemental_Roland_Incendiary</Name>
  </Section>
  <Section>
    <Name>Items.CustomItem_Elemental_Roland_Explosive</Name>
  </Section>
  <Section>
    <Name>Items.CustomItem_Elemental_Roland_Corrosive</Name>
  </Section>
  <Section>
    <Name>Items.CustomItem_Elemental_Mordecai_Shock</Name>
  </Section>
  <Section>
    <Name>Items.CustomItem_Elemental_Mordecai_Incendiary</Name>
  </Section>
  <Section>
    <Name>Items.CustomItem_Elemental_Mordecai_Explosive</Name>
  </Section>
  <Section>
    <Name>Items.CustomItem_Elemental_Mordecai_Corrosive</Name>
  </Section>
  <Section>
    <Name>Items.CustomItem_Elemental_Lilith_Shock</Name>
  </Section>
  <Section>
    <Name>Items.CustomItem_Elemental_Lilith_Incendiary</Name>
  </Section>
  <Section>
    <Name>Items.CustomItem_Elemental_Lilith_Explosive</Name>
  </Section>
  <Section>
    <Name>Items.CustomItem_Elemental_Lilith_Corrosive</Name>
  </Section>
  <Section>
    <Name>Items.CustomItem_Elemental_Brick_Shock</Name>
  </Section>
  <Section>
    <Name>Items.CustomItem_Elemental_Brick_Incendiary</Name>
  </Section>
  <Section>
    <Name>Items.CustomItem_Elemental_Brick_Explosive</Name>
  </Section>
  <Section>
    <Name>Items.CustomItem_Elemental_Brick_Corrosive</Name>
  </Section>
  <Section>
    <Name>Items.CustomItem_AmmoSDU_SniperRifle_NextLvl</Name>
  </Section>
  <Section>
    <Name>Items.CustomItem_AmmoSDU_SniperRifle</Name>
  </Section>
  <Section>
    <Name>Items.CustomItem_AmmoSDU_SMG_NextLvl</Name>
  </Section>
  <Section>
    <Name>Items.CustomItem_AmmoSDU_SMG</Name>
  </Section>
  <Section>
    <Name>Items.CustomItem_AmmoSDU_Shotgun_NextLvl</Name>
  </Section>
  <Section>
    <Name>Items.CustomItem_AmmoSDU_Shotgun</Name>
  </Section>
  <Section>
    <Name>Items.CustomItem_AmmoSDU_Revolver_NextLvl</Name>
  </Section>
  <Section>
    <Name>Items.CustomItem_AmmoSDU_Revolver</Name>
  </Section>
  <Section>
    <Name>Items.CustomItem_AmmoSDU_RepeaterPistol_NextLvl</Name>
  </Section>
  <Section>
    <Name>Items.CustomItem_AmmoSDU_RepeaterPistol</Name>
  </Section>
  <Section>
    <Name>Items.CustomItem_AmmoSDU_Launcher_NextLvl</Name>
  </Section>
  <Section>
    <Name>Items.CustomItem_AmmoSDU_Launcher</Name>
  </Section>
  <Section>
    <Name>Items.CustomItem_AmmoSDU_Grenades_NextLvl</Name>
  </Section>
  <Section>
    <Name>Items.CustomItem_AmmoSDU_Grenades</Name>
  </Section>
  <Section>
    <Name>Items.CustomItem_AmmoSDU_CombatRifle_NextLvl</Name>
  </Section>
  <Section>
    <Name>Items.CustomItem_AmmoSDU_CombatRifle</Name>
  </Section>
</INI>