<?xml version="1.0" encoding="us-ascii"?>
<!--Comment-->
<INI>
  <Section>
    <Name>A_Item.HealthPack_1</Name>
    <UseFailureCharacterMessage>You must be a %s to use this item.</UseFailureCharacterMessage>
    <ItemName>Minor Healing Kit</ItemName>
    <PickupMessage>You got %s</PickupMessage>
    <PickupMessageWithLevel>You got %s (Level %d)</PickupMessageWithLevel>
    <UseFailureLevelMessage>You must be at least level %d to use this item.</UseFailureLevelMessage>
    <UseFailureConstraintsMessage>You can't use this right now!</UseFailureConstraintsMessage>
    <NoManufacturerName>Generic</NoManufacturerName>
    <Description>Can be carried in your Storage Deck.</Description>
    <NoConstraintText />
    <Suffix />
    <Description>Regain 60 health over 10 seconds.</Description>
    <NoConstraintText />
    <Suffix />
    <SkillName />
    <SkillDescription />
    <LockedSkillDetailStr>&lt;Locked&gt;</LockedSkillDetailStr>
    <BaseRarity>171</BaseRarity>
    <Presentation>health</Presentation>
  </Section>
  <Section>
    <Name>A_Item.HealthPack_2</Name>
    <UseFailureCharacterMessage>You must be a %s to use this item.</UseFailureCharacterMessage>
    <ItemName>Light Healing Kit</ItemName>
    <PickupMessage>You got %s</PickupMessage>
    <PickupMessageWithLevel>You got %s (Level %d)</PickupMessageWithLevel>
    <UseFailureLevelMessage>You must be at least level %d to use this item.</UseFailureLevelMessage>
    <UseFailureConstraintsMessage>You can't use this right now!</UseFailureConstraintsMessage>
    <NoManufacturerName>Generic</NoManufacturerName>
    <Description>Can be carried in your Storage Deck.</Description>
    <NoConstraintText />
    <Suffix />
    <Description>Regain 100 health over 10 seconds.</Description>
    <NoConstraintText />
    <Suffix />
    <SkillName />
    <SkillDescription />
    <LockedSkillDetailStr>&lt;Locked&gt;</LockedSkillDetailStr>
    <BaseRarity>171</BaseRarity>
    <Presentation>health</Presentation>
  </Section>
  <Section>
    <Name>A_Item.HealthPack_3</Name>
    <UseFailureCharacterMessage>You must be a %s to use this item.</UseFailureCharacterMessage>
    <ItemName>Healing Kit</ItemName>
    <PickupMessage>You got %s</PickupMessage>
    <PickupMessageWithLevel>You got %s (Level %d)</PickupMessageWithLevel>
    <UseFailureLevelMessage>You must be at least level %d to use this item.</UseFailureLevelMessage>
    <UseFailureConstraintsMessage>You can't use this right now!</UseFailureConstraintsMessage>
    <NoManufacturerName>Generic</NoManufacturerName>
    <Description>Regain 180 health over 10 seconds.</Description>
    <NoConstraintText />
    <Suffix />
    <Description>Can be carried in your Storage Deck.</Description>
    <NoConstraintText />
    <Suffix />
    <SkillName />
    <SkillDescription />
    <LockedSkillDetailStr>&lt;Locked&gt;</LockedSkillDetailStr>
    <BaseRarity>171</BaseRarity>
    <Presentation>health</Presentation>
  </Section>
  <Section>
    <Name>A_Item.HealthPack_4</Name>
    <UseFailureCharacterMessage>You must be a %s to use this item.</UseFailureCharacterMessage>
    <ItemName>Greater Healing Kit</ItemName>
    <PickupMessage>You got %s</PickupMessage>
    <PickupMessageWithLevel>You got %s (Level %d)</PickupMessageWithLevel>
    <UseFailureLevelMessage>You must be at least level %d to use this item.</UseFailureLevelMessage>
    <UseFailureConstraintsMessage>You can't use this right now!</UseFailureConstraintsMessage>
    <NoManufacturerName>Generic</NoManufacturerName>
    <Description>Regain 300 health over 10 seconds.</Description>
    <NoConstraintText />
    <Suffix />
    <Description>Can be carried in your Storage Deck.</Description>
    <NoConstraintText />
    <Suffix />
    <SkillName />
    <SkillDescription />
    <LockedSkillDetailStr>&lt;Locked&gt;</LockedSkillDetailStr>
    <BaseRarity>171</BaseRarity>
    <Presentation>health</Presentation>
  </Section>
  <Section>
    <Name>A_Item.HealthPack_5</Name>
    <UseFailureCharacterMessage>You must be a %s to use this item.</UseFailureCharacterMessage>
    <ItemName>Super Healing Kit</ItemName>
    <PickupMessage>You got %s</PickupMessage>
    <PickupMessageWithLevel>You got %s (Level %d)</PickupMessageWithLevel>
    <UseFailureLevelMessage>You must be at least level %d to use this item.</UseFailureLevelMessage>
    <UseFailureConstraintsMessage>You can't use this right now!</UseFailureConstraintsMessage>
    <NoManufacturerName>Generic</NoManufacturerName>
    <Description>Regain 500 health over 10 seconds.</Description>
    <NoConstraintText />
    <Suffix />
    <Description>Can be carried in your Storage Deck.</Description>
    <NoConstraintText />
    <Suffix />
    <SkillName />
    <SkillDescription />
    <LockedSkillDetailStr>&lt;Locked&gt;</LockedSkillDetailStr>
    <BaseRarity>171</BaseRarity>
    <Presentation>health</Presentation>
  </Section>
  <Section>
    <Name>A_Item.HealthVial_1</Name>
    <UseFailureCharacterMessage>You must be a %s to use this item.</UseFailureCharacterMessage>
    <ItemName>Minor Insta-Health Vial</ItemName>
    <PickupMessage>You got %s</PickupMessage>
    <PickupMessageWithLevel>You got %s (Level %d)</PickupMessageWithLevel>
    <UseFailureLevelMessage>You must be at least level %d to use this item.</UseFailureLevelMessage>
    <UseFailureConstraintsMessage>Health at Maxmium</UseFailureConstraintsMessage>
    <NoManufacturerName>Generic</NoManufacturerName>
    <Description>Quickly regain 20 health.</Description>
    <NoConstraintText />
    <Suffix />
    <Description>Used when picked up.</Description>
    <NoConstraintText />
    <Suffix />
    <SkillName />
    <SkillDescription />
    <LockedSkillDetailStr>&lt;Locked&gt;</LockedSkillDetailStr>
    <BaseRarity>171</BaseRarity>
    <Presentation>health</Presentation>
  </Section>
  <Section>
    <Name>A_Item.HealthVial_2</Name>
    <UseFailureCharacterMessage>You must be a %s to use this item.</UseFailureCharacterMessage>
    <ItemName>Light Insta-Health Vial</ItemName>
    <PickupMessage>You got %s</PickupMessage>
    <PickupMessageWithLevel>You got %s (Level %d)</PickupMessageWithLevel>
    <UseFailureLevelMessage>You must be at least level %d to use this item.</UseFailureLevelMessage>
    <UseFailureConstraintsMessage>Health at Maxmium</UseFailureConstraintsMessage>
    <NoManufacturerName>Generic</NoManufacturerName>
    <Description>Quickly regain 40 health.</Description>
    <NoConstraintText />
    <Suffix />
    <Description>Used when picked up.</Description>
    <NoConstraintText />
    <Suffix />
    <SkillName />
    <SkillDescription />
    <LockedSkillDetailStr>&lt;Locked&gt;</LockedSkillDetailStr>
    <BaseRarity>171</BaseRarity>
    <Presentation>health</Presentation>
  </Section>
  <Section>
    <Name>A_Item.HealthVial_3</Name>
    <UseFailureCharacterMessage>You must be a %s to use this item.</UseFailureCharacterMessage>
    <ItemName>Insta-Health Vial</ItemName>
    <PickupMessage>You got %s</PickupMessage>
    <PickupMessageWithLevel>You got %s (Level %d)</PickupMessageWithLevel>
    <UseFailureLevelMessage>You must be at least level %d to use this item.</UseFailureLevelMessage>
    <UseFailureConstraintsMessage>Health at Maxmium</UseFailureConstraintsMessage>
    <NoManufacturerName>Generic</NoManufacturerName>
    <Description>Quickly regain 80 health.</Description>
    <NoConstraintText />
    <Suffix />
    <Description>Used when picked up.</Description>
    <NoConstraintText />
    <Suffix />
    <SkillName />
    <SkillDescription />
    <LockedSkillDetailStr>&lt;Locked&gt;</LockedSkillDetailStr>
    <BaseRarity>171</BaseRarity>
    <Presentation>health</Presentation>
  </Section>
  <Section>
    <Name>A_Item.HealthVial_4</Name>
    <UseFailureCharacterMessage>You must be a %s to use this item.</UseFailureCharacterMessage>
    <ItemName>Greater Insta-Health Vial</ItemName>
    <PickupMessage>You got %s</PickupMessage>
    <PickupMessageWithLevel>You got %s (Level %d)</PickupMessageWithLevel>
    <UseFailureLevelMessage>You must be at least level %d to use this item.</UseFailureLevelMessage>
    <UseFailureConstraintsMessage>Health at Maxmium</UseFailureConstraintsMessage>
    <NoManufacturerName>Generic</NoManufacturerName>
    <Description>Quickly regain 120 health.</Description>
    <NoConstraintText />
    <Suffix />
    <Description>Used when picked up.</Description>
    <NoConstraintText />
    <Suffix />
    <SkillName />
    <SkillDescription />
    <LockedSkillDetailStr>&lt;Locked&gt;</LockedSkillDetailStr>
    <BaseRarity>171</BaseRarity>
    <Presentation>health</Presentation>
  </Section>
  <Section>
    <Name>A_Item.HealthVial_5</Name>
    <UseFailureCharacterMessage>You must be a %s to use this item.</UseFailureCharacterMessage>
    <ItemName>Super Insta-Health Vial</ItemName>
    <PickupMessage>You got %s</PickupMessage>
    <PickupMessageWithLevel>You got %s (Level %d)</PickupMessageWithLevel>
    <UseFailureLevelMessage>You must be at least level %d to use this item.</UseFailureLevelMessage>
    <UseFailureConstraintsMessage>Health at Maxmium</UseFailureConstraintsMessage>
    <NoManufacturerName>Generic</NoManufacturerName>
    <Description>Quickly regain 200 health.</Description>
    <NoConstraintText />
    <Suffix />
    <Description>Used when picked up.</Description>
    <NoConstraintText />
    <Suffix />
    <SkillName />
    <SkillDescription />
    <LockedSkillDetailStr>&lt;Locked&gt;</LockedSkillDetailStr>
    <BaseRarity>171</BaseRarity>
    <Presentation>health</Presentation>
  </Section>
</INI>