<?xml version="1.0" encoding="us-ascii"?>
<!--Comment-->
<INI>
  <Section>
    <Name>Weapons_Stock.ItemGrade_Stock_SupportMG</Name>
    <Stock0>2</Stock0>
    <Stock1>14</Stock1>
    <Stock2>23</Stock2>
    <Stock3>32</Stock3>
    <Stock4>41</Stock4>
    <Stock5>51</Stock5>
  </Section>
  <Section>
    <Name>Weapons_Stock.ItemGrade_Stock_SMG</Name>
    <Stock0>2</Stock0>
    <Stock1>14</Stock1>
    <Stock2>23</Stock2>
    <Stock3>32</Stock3>
    <Stock4>41</Stock4>
    <Stock5>51</Stock5>
  </Section>
  <Section>
    <Name>Weapons_Stock.ItemGrade_Stock_RepeaterPistol</Name>
    <Stock0>2</Stock0>
    <Stock1>14</Stock1>
    <Stock2>23</Stock2>
    <Stock3>32</Stock3>
    <Stock4>41</Stock4>
    <Stock5>51</Stock5>
  </Section>
  <Section>
    <Name>Weapons_Stock.ItemGrade_Stock_MachinePistol</Name>
    <Stock0>2</Stock0>
    <Stock1>14</Stock1>
    <Stock2>23</Stock2>
    <Stock3>32</Stock3>
    <Stock4>41</Stock4>
    <Stock5>51</Stock5>
  </Section>
  <Section>
    <Name>Weapons_Stock.ItemGrade_Stock_CombatShotgun</Name>
    <Stock0>2</Stock0>
    <Stock1>14</Stock1>
    <Stock2>23</Stock2>
    <Stock3>32</Stock3>
    <Stock4>41</Stock4>
    <Stock5>51</Stock5>
  </Section>
  <Section>
    <Name>Weapons_Eridan.ItemGrade_Eridan_Sniper_Railgun</Name>
    <Eridian0>13</Eridian0>
    <Eridian1>21</Eridian1>
    <Eridian2>30</Eridian2>
    <Eridian3>39</Eridian3>
    <Eridian4>48</Eridian4>
    <Eridian5>51</Eridian5>
  </Section>
  <Section>
    <Name>Weapons_Eridan.ItemGrade_Eridan_SMG_Blaster</Name>
    <Eridian0>13</Eridian0>
    <Eridian1>21</Eridian1>
    <Eridian2>30</Eridian2>
    <Eridian3>39</Eridian3>
    <Eridian4>48</Eridian4>
    <Eridian5>51</Eridian5>
  </Section>
  <Section>
    <Name>Weapons_Eridan.ItemGrade_Eridan_Shotgun_ThunderStorm</Name>
    <Eridian0>13</Eridian0>
    <Eridian1>21</Eridian1>
    <Eridian2>30</Eridian2>
    <Eridian3>39</Eridian3>
    <Eridian4>48</Eridian4>
    <Eridian5>51</Eridian5>
  </Section>
  <Section>
    <Name>Weapons_Eridan.ItemGrade_Eridan_Cannon</Name>
    <Eridian0>13</Eridian0>
    <Eridian1>21</Eridian1>
    <Eridian2>30</Eridian2>
    <Eridian3>39</Eridian3>
    <Eridian4>48</Eridian4>
    <Eridian5>51</Eridian5>
  </Section>
  <Section>
    <Name>Weapons.ItemGrade_Weapon_SupportMachineGun</Name>
    <Vladof0>6</Vladof0>
    <Vladof1>21</Vladof1>
    <Vladof2>30</Vladof2>
    <Vladof3>39</Vladof3>
    <Vladof4>48</Vladof4>
    <Vladof5>50</Vladof5>
    <SandSMunitions0>8</SandSMunitions0>
    <SandSMunitions1>15</SandSMunitions1>
    <SandSMunitions2>24</SandSMunitions2>
    <SandSMunitions3>33</SandSMunitions3>
    <SandSMunitions4>42</SandSMunitions4>
    <SandSMunitions5>50</SandSMunitions5>
    <Torgue0>12</Torgue0>
    <Torgue1>21</Torgue1>
    <Torgue2>30</Torgue2>
    <Torgue3>39</Torgue3>
    <Torgue4>49</Torgue4>
    <Torgue5>50</Torgue5>
    <Atlas0>12</Atlas0>
    <Atlas1>21</Atlas1>
    <Atlas2>30</Atlas2>
    <Atlas3>39</Atlas3>
    <Atlas4>48</Atlas4>
    <Atlas5>50</Atlas5>
  </Section>
  <Section>
    <Name>Weapons.ItemGrade_Weapon_SniperRifle</Name>
    <Vladof0>7</Vladof0>
    <Vladof1>21</Vladof1>
    <Vladof2>30</Vladof2>
    <Vladof3>39</Vladof3>
    <Vladof4>48</Vladof4>
    <Vladof5>50</Vladof5>
    <Maliwan0>9</Maliwan0>
    <Maliwan1>17</Maliwan1>
    <Maliwan2>27</Maliwan2>
    <Maliwan3>36</Maliwan3>
    <Maliwan4>45</Maliwan4>
    <Maliwan5>50</Maliwan5>
    <Jakobs0>6</Jakobs0>
    <Jakobs1>15</Jakobs1>
    <Jakobs2>24</Jakobs2>
    <Jakobs3>33</Jakobs3>
    <Jakobs4>42</Jakobs4>
    <Jakobs5>50</Jakobs5>
    <Atlas0>12</Atlas0>
    <Atlas1>21</Atlas1>
    <Atlas2>30</Atlas2>
    <Atlas3>39</Atlas3>
    <Atlas4>48</Atlas4>
    <Atlas5>50</Atlas5>
  </Section>
  <Section>
    <Name>Weapons.ItemGrade_Weapon_SemiAutoSniperRifle</Name>
    <Dahl0>6</Dahl0>
    <Dahl1>18</Dahl1>
    <Dahl2>27</Dahl2>
    <Dahl3>36</Dahl3>
    <Dahl4>45</Dahl4>
    <Dahl5>50</Dahl5>
    <SandSMunitions0>6</SandSMunitions0>
    <SandSMunitions1>15</SandSMunitions1>
    <SandSMunitions2>24</SandSMunitions2>
    <SandSMunitions3>33</SandSMunitions3>
    <SandSMunitions4>42</SandSMunitions4>
    <SandSMunitions5>50</SandSMunitions5>
    <Torgue0>12</Torgue0>
    <Torgue1>21</Torgue1>
    <Torgue2>30</Torgue2>
    <Torgue3>39</Torgue3>
    <Torgue4>49</Torgue4>
    <Torgue5>50</Torgue5>
    <Hyperion0>8</Hyperion0>
    <Hyperion1>17</Hyperion1>
    <Hyperion2>26</Hyperion2>
    <Hyperion3>35</Hyperion3>
    <Hyperion4>44</Hyperion4>
    <Hyperion5>50</Hyperion5>
  </Section>
  <Section>
    <Name>Weapons.ItemGrade_Weapon_Scorpio</Name>
  </Section>
  <Section>
    <Name>Weapons.ItemGrade_Weapon_RevolverPistol</Name>
    <tediore0>0</tediore0>
    <tediore1>15</tediore1>
    <tediore2>24</tediore2>
    <tediore3>33</tediore3>
    <tediore4>42</tediore4>
    <tediore5>50</tediore5>
    <Dahl0>0</Dahl0>
    <Dahl1>18</Dahl1>
    <Dahl2>27</Dahl2>
    <Dahl3>36</Dahl3>
    <Dahl4>45</Dahl4>
    <Dahl5>50</Dahl5>
    <Maliwan0>0</Maliwan0>
    <Maliwan1>17</Maliwan1>
    <Maliwan2>27</Maliwan2>
    <Maliwan3>36</Maliwan3>
    <Maliwan4>45</Maliwan4>
    <Maliwan5>50</Maliwan5>
    <Jakobs0>0</Jakobs0>
    <Jakobs1>15</Jakobs1>
    <Jakobs2>24</Jakobs2>
    <Jakobs3>33</Jakobs3>
    <Jakobs4>42</Jakobs4>
    <Jakobs5>50</Jakobs5>
    <Atlas0>0</Atlas0>
    <Atlas1>21</Atlas1>
    <Atlas2>30</Atlas2>
    <Atlas3>39</Atlas3>
    <Atlas4>48</Atlas4>
    <Atlas5>50</Atlas5>
  </Section>
  <Section>
    <Name>Weapons.ItemGrade_Weapon_RepeaterPistol</Name>
    <tediore0>3</tediore0>
    <tediore1>15</tediore1>
    <tediore2>24</tediore2>
    <tediore3>33</tediore3>
    <tediore4>42</tediore4>
    <tediore5>50</tediore5>
    <Dahl0>4</Dahl0>
    <Dahl1>18</Dahl1>
    <Dahl2>27</Dahl2>
    <Dahl3>36</Dahl3>
    <Dahl4>45</Dahl4>
    <Dahl5>50</Dahl5>
    <Vladof0>12</Vladof0>
    <Vladof1>21</Vladof1>
    <Vladof2>30</Vladof2>
    <Vladof3>39</Vladof3>
    <Vladof4>48</Vladof4>
    <Vladof5>50</Vladof5>
    <SandSMunitions0>6</SandSMunitions0>
    <SandSMunitions1>15</SandSMunitions1>
    <SandSMunitions2>24</SandSMunitions2>
    <SandSMunitions3>33</SandSMunitions3>
    <SandSMunitions4>42</SandSMunitions4>
    <SandSMunitions5>50</SandSMunitions5>
    <Maliwan0>9</Maliwan0>
    <Maliwan1>17</Maliwan1>
    <Maliwan2>27</Maliwan2>
    <Maliwan3>36</Maliwan3>
    <Maliwan4>45</Maliwan4>
    <Maliwan5>50</Maliwan5>
    <Torgue0>12</Torgue0>
    <Torgue1>21</Torgue1>
    <Torgue2>30</Torgue2>
    <Torgue3>39</Torgue3>
    <Torgue4>49</Torgue4>
    <Torgue5>50</Torgue5>
    <Hyperion0>8</Hyperion0>
    <Hyperion1>17</Hyperion1>
    <Hyperion2>26</Hyperion2>
    <Hyperion3>35</Hyperion3>
    <Hyperion4>44</Hyperion4>
    <Hyperion5>50</Hyperion5>
    <Atlas0>12</Atlas0>
    <Atlas1>21</Atlas1>
    <Atlas2>30</Atlas2>
    <Atlas3>39</Atlas3>
    <Atlas4>48</Atlas4>
    <Atlas5>50</Atlas5>
  </Section>
  <Section>
    <Name>Weapons.ItemGrade_Weapon_PatrolSMG</Name>
    <tediore0>3</tediore0>
    <tediore1>15</tediore1>
    <tediore2>24</tediore2>
    <tediore3>33</tediore3>
    <tediore4>42</tediore4>
    <tediore5>50</tediore5>
    <Dahl0>6</Dahl0>
    <Dahl1>18</Dahl1>
    <Dahl2>27</Dahl2>
    <Dahl3>36</Dahl3>
    <Dahl4>45</Dahl4>
    <Dahl5>50</Dahl5>
    <Maliwan0>9</Maliwan0>
    <Maliwan1>17</Maliwan1>
    <Maliwan2>27</Maliwan2>
    <Maliwan3>36</Maliwan3>
    <Maliwan4>45</Maliwan4>
    <Maliwan5>50</Maliwan5>
    <Torgue0>12</Torgue0>
    <Torgue1>21</Torgue1>
    <Torgue2>30</Torgue2>
    <Torgue3>39</Torgue3>
    <Torgue4>49</Torgue4>
    <Torgue5>50</Torgue5>
    <Hyperion0>8</Hyperion0>
    <Hyperion1>17</Hyperion1>
    <Hyperion2>26</Hyperion2>
    <Hyperion3>35</Hyperion3>
    <Hyperion4>44</Hyperion4>
    <Hyperion5>50</Hyperion5>
  </Section>
  <Section>
    <Name>Weapons.ItemGrade_Weapon_MachinePistol</Name>
    <Vladof0>12</Vladof0>
    <Vladof1>21</Vladof1>
    <Vladof2>30</Vladof2>
    <Vladof3>39</Vladof3>
    <Vladof4>48</Vladof4>
    <Vladof5>50</Vladof5>
    <SandSMunitions0>6</SandSMunitions0>
    <SandSMunitions1>15</SandSMunitions1>
    <SandSMunitions2>24</SandSMunitions2>
    <SandSMunitions3>33</SandSMunitions3>
    <SandSMunitions4>42</SandSMunitions4>
    <SandSMunitions5>50</SandSMunitions5>
    <Hyperion0>8</Hyperion0>
    <Hyperion1>17</Hyperion1>
    <Hyperion2>26</Hyperion2>
    <Hyperion3>35</Hyperion3>
    <Hyperion4>44</Hyperion4>
    <Hyperion5>50</Hyperion5>
  </Section>
  <Section>
    <Name>Weapons.ItemGrade_Weapon_Launcher_Rocket</Name>
    <Vladof0>11</Vladof0>
    <Vladof1>21</Vladof1>
    <Vladof2>30</Vladof2>
    <Vladof3>39</Vladof3>
    <Vladof4>48</Vladof4>
    <Vladof5>50</Vladof5>
    <Maliwan0>9</Maliwan0>
    <Maliwan1>17</Maliwan1>
    <Maliwan2>27</Maliwan2>
    <Maliwan3>36</Maliwan3>
    <Maliwan4>45</Maliwan4>
    <Maliwan5>50</Maliwan5>
    <Torgue0>12</Torgue0>
    <Torgue1>21</Torgue1>
    <Torgue2>30</Torgue2>
    <Torgue3>39</Torgue3>
    <Torgue4>49</Torgue4>
    <Torgue5>50</Torgue5>
    <Hyperion0>8</Hyperion0>
    <Hyperion1>17</Hyperion1>
    <Hyperion2>26</Hyperion2>
    <Hyperion3>35</Hyperion3>
    <Hyperion4>44</Hyperion4>
    <Hyperion5>50</Hyperion5>
  </Section>
  <Section>
    <Name>Weapons.ItemGrade_Weapon_Launcher_Grenade</Name>
    <Dahl0>7</Dahl0>
    <Dahl1>18</Dahl1>
    <Dahl2>27</Dahl2>
    <Dahl3>36</Dahl3>
    <Dahl4>45</Dahl4>
    <Dahl5>50</Dahl5>
    <SandSMunitions0>6</SandSMunitions0>
    <SandSMunitions1>15</SandSMunitions1>
    <SandSMunitions2>24</SandSMunitions2>
    <SandSMunitions3>33</SandSMunitions3>
    <SandSMunitions4>42</SandSMunitions4>
    <SandSMunitions5>50</SandSMunitions5>
    <Jakobs0>6</Jakobs0>
    <Jakobs1>15</Jakobs1>
    <Jakobs2>24</Jakobs2>
    <Jakobs3>33</Jakobs3>
    <Jakobs4>42</Jakobs4>
    <Jakobs5>50</Jakobs5>
    <Atlas0>12</Atlas0>
    <Atlas1>21</Atlas1>
    <Atlas2>30</Atlas2>
    <Atlas3>39</Atlas3>
    <Atlas4>48</Atlas4>
    <Atlas5>50</Atlas5>
  </Section>
  <Section>
    <Name>Weapons.ItemGrade_Weapon_CombatShotgun</Name>
    <tediore0>3</tediore0>
    <tediore1>15</tediore1>
    <tediore2>24</tediore2>
    <tediore3>33</tediore3>
    <tediore4>42</tediore4>
    <tediore5>50</tediore5>
    <Dahl0>7</Dahl0>
    <Dahl1>18</Dahl1>
    <Dahl2>27</Dahl2>
    <Dahl3>36</Dahl3>
    <Dahl4>45</Dahl4>
    <Dahl5>50</Dahl5>
    <Torgue0>12</Torgue0>
    <Torgue1>21</Torgue1>
    <Torgue2>30</Torgue2>
    <Torgue3>39</Torgue3>
    <Torgue4>49</Torgue4>
    <Torgue5>50</Torgue5>
    <Jakobs0>9</Jakobs0>
    <Jakobs1>15</Jakobs1>
    <Jakobs2>24</Jakobs2>
    <Jakobs3>33</Jakobs3>
    <Jakobs4>42</Jakobs4>
    <Jakobs5>50</Jakobs5>
    <Atlas0>12</Atlas0>
    <Atlas1>21</Atlas1>
    <Atlas2>30</Atlas2>
    <Atlas3>39</Atlas3>
    <Atlas4>48</Atlas4>
    <Atlas5>50</Atlas5>
  </Section>
  <Section>
    <Name>Weapons.ItemGrade_Weapon_CombatRifle</Name>
    <tediore0>6</tediore0>
    <tediore1>15</tediore1>
    <tediore2>24</tediore2>
    <tediore3>33</tediore3>
    <tediore4>42</tediore4>
    <tediore5>50</tediore5>
    <Dahl0>9</Dahl0>
    <Dahl1>18</Dahl1>
    <Dahl2>27</Dahl2>
    <Dahl3>36</Dahl3>
    <Dahl4>45</Dahl4>
    <Dahl5>50</Dahl5>
    <Hyperion0>8</Hyperion0>
    <Hyperion1>17</Hyperion1>
    <Hyperion2>26</Hyperion2>
    <Hyperion3>35</Hyperion3>
    <Hyperion4>44</Hyperion4>
    <Hyperion5>50</Hyperion5>
  </Section>
  <Section>
    <Name>Weapons.ItemGrade_Weapon_AssaultShotgun</Name>
    <Vladof0>12</Vladof0>
    <Vladof1>21</Vladof1>
    <Vladof2>30</Vladof2>
    <Vladof3>39</Vladof3>
    <Vladof4>48</Vladof4>
    <Vladof5>50</Vladof5>
    <Maliwan0>8</Maliwan0>
    <Maliwan1>17</Maliwan1>
    <Maliwan2>27</Maliwan2>
    <Maliwan3>36</Maliwan3>
    <Maliwan4>45</Maliwan4>
    <Maliwan5>50</Maliwan5>
    <SandSMunitions0>6</SandSMunitions0>
    <SandSMunitions1>15</SandSMunitions1>
    <SandSMunitions2>24</SandSMunitions2>
    <SandSMunitions3>33</SandSMunitions3>
    <SandSMunitions4>42</SandSMunitions4>
    <SandSMunitions5>50</SandSMunitions5>
    <Hyperion0>8</Hyperion0>
    <Hyperion1>17</Hyperion1>
    <Hyperion2>26</Hyperion2>
    <Hyperion3>35</Hyperion3>
    <Hyperion4>44</Hyperion4>
    <Hyperion5>50</Hyperion5>
  </Section>
  <Section>
    <Name>Test.ItemGrade_Ammo_All</Name>
    <Stock0>10</Stock0>
  </Section>
  <Section>
    <Name>StorageDeckUpgrades.ItemGrade_SDU_InventorySlots</Name>
    <tediore0>33</tediore0>
    <tediore1>42</tediore1>
    <tediore2>50</tediore2>
    <Vladof0>39</Vladof0>
    <Vladof1>48</Vladof1>
    <Vladof2>50</Vladof2>
    <Dahl0>36</Dahl0>
    <Dahl1>45</Dahl1>
    <Dahl2>50</Dahl2>
    <SandSMunitions0>33</SandSMunitions0>
    <SandSMunitions1>42</SandSMunitions1>
    <SandSMunitions2>50</SandSMunitions2>
    <Maliwan0>36</Maliwan0>
    <Maliwan1>45</Maliwan1>
    <Maliwan2>50</Maliwan2>
    <Torgue0>30</Torgue0>
    <Torgue1>39</Torgue1>
    <Torgue2>50</Torgue2>
    <Torgue3>50</Torgue3>
    <Atlas0>39</Atlas0>
    <Atlas1>48</Atlas1>
    <Atlas2>50</Atlas2>
    <Hyperion0>35</Hyperion0>
    <Hyperion1>44</Hyperion1>
    <Hyperion2>50</Hyperion2>
    <Anshin0>33</Anshin0>
    <Anshin1>42</Anshin1>
    <Anshin2>50</Anshin2>
    <Pangolin0>36</Pangolin0>
    <Pangolin1>45</Pangolin1>
    <Pangolin2>50</Pangolin2>
  </Section>
  <Section>
    <Name>StorageDeckUpgrades.ItemGrade_SDU_EquipSlot_Weapon</Name>
    <tediore0>33</tediore0>
    <tediore1>42</tediore1>
    <tediore2>50</tediore2>
    <Vladof0>39</Vladof0>
    <Vladof1>48</Vladof1>
    <Vladof2>50</Vladof2>
    <SandSMunitions0>33</SandSMunitions0>
    <SandSMunitions1>42</SandSMunitions1>
    <SandSMunitions2>50</SandSMunitions2>
    <Maliwan0>36</Maliwan0>
    <Maliwan1>45</Maliwan1>
    <Maliwan2>50</Maliwan2>
    <Anshin0>33</Anshin0>
    <Anshin1>42</Anshin1>
    <Anshin2>50</Anshin2>
    <Pangolin0>36</Pangolin0>
    <Pangolin1>45</Pangolin1>
    <Pangolin2>50</Pangolin2>
    <Torgue0>39</Torgue0>
    <Torgue1>49</Torgue1>
    <Torgue2>50</Torgue2>
    <Hyperion0>35</Hyperion0>
    <Hyperion1>44</Hyperion1>
    <Hyperion2>50</Hyperion2>
    <Atlas0>39</Atlas0>
    <Atlas1>48</Atlas1>
    <Atlas2>50</Atlas2>
  </Section>
  <Section>
    <Name>StorageDeckUpgrades.ItemGrade_SDU_Ammo_EarlierVersion</Name>
    <Dahl0>8</Dahl0>
    <Dahl1>16</Dahl1>
    <Dahl2>24</Dahl2>
    <Dahl3>32</Dahl3>
    <Dahl4>40</Dahl4>
  </Section>
  <Section>
    <Name>StorageDeckUpgrades.ItemGrade_SDU_Ammo</Name>
  </Section>
  <Section>
    <Name>StarterGear.ItemGrade_StarterGear</Name>
  </Section>
  <Section>
    <Name>Gear.ItemGrade_Gear_Shield_Stock</Name>
    <Stock0>3</Stock0>
    <Stock1>13</Stock1>
    <Stock2>23</Stock2>
    <Stock3>33</Stock3>
    <Stock4>43</Stock4>
    <Stock5>50</Stock5>
  </Section>
  <Section>
    <Name>Gear.ItemGrade_Gear_Shield_Intro</Name>
  </Section>
  <Section>
    <Name>Gear.ItemGrade_Gear_Shield</Name>
    <tediore0>4</tediore0>
    <tediore1>15</tediore1>
    <tediore2>24</tediore2>
    <tediore3>33</tediore3>
    <tediore4>42</tediore4>
    <tediore5>50</tediore5>
    <Dahl0>5</Dahl0>
    <Dahl1>18</Dahl1>
    <Dahl2>27</Dahl2>
    <Dahl3>36</Dahl3>
    <Dahl4>45</Dahl4>
    <Dahl5>50</Dahl5>
    <Vladof0>12</Vladof0>
    <Vladof1>21</Vladof1>
    <Vladof2>30</Vladof2>
    <Vladof3>39</Vladof3>
    <Vladof4>48</Vladof4>
    <Vladof5>50</Vladof5>
    <SandSMunitions0>6</SandSMunitions0>
    <SandSMunitions1>15</SandSMunitions1>
    <SandSMunitions2>24</SandSMunitions2>
    <SandSMunitions3>33</SandSMunitions3>
    <SandSMunitions4>42</SandSMunitions4>
    <SandSMunitions5>50</SandSMunitions5>
    <Maliwan0>9</Maliwan0>
    <Maliwan1>17</Maliwan1>
    <Maliwan2>27</Maliwan2>
    <Maliwan3>36</Maliwan3>
    <Maliwan4>45</Maliwan4>
    <Maliwan5>50</Maliwan5>
    <Anshin0>6</Anshin0>
    <Anshin1>15</Anshin1>
    <Anshin2>24</Anshin2>
    <Anshin3>33</Anshin3>
    <Anshin4>42</Anshin4>
    <Anshin5>50</Anshin5>
    <Pangolin0>9</Pangolin0>
    <Pangolin1>18</Pangolin1>
    <Pangolin2>27</Pangolin2>
    <Pangolin3>36</Pangolin3>
    <Pangolin4>45</Pangolin4>
    <Pangolin5>50</Pangolin5>
    <Torgue0>12</Torgue0>
    <Torgue1>21</Torgue1>
    <Torgue2>30</Torgue2>
    <Torgue3>39</Torgue3>
    <Torgue4>49</Torgue4>
    <Torgue5>50</Torgue5>
    <Hyperion0>8</Hyperion0>
    <Hyperion1>17</Hyperion1>
    <Hyperion2>26</Hyperion2>
    <Hyperion3>35</Hyperion3>
    <Hyperion4>44</Hyperion4>
    <Hyperion5>50</Hyperion5>
    <Atlas0>12</Atlas0>
    <Atlas1>21</Atlas1>
    <Atlas2>30</Atlas2>
    <Atlas3>39</Atlas3>
    <Atlas4>48</Atlas4>
    <Atlas5>50</Atlas5>
  </Section>
  <Section>
    <Name>Gear.ItemGrade_Gear_GrenadeMODs_Stock</Name>
    <Stock0>11</Stock0>
    <Stock1>21</Stock1>
    <Stock2>31</Stock2>
    <Stock3>41</Stock3>
    <Stock4>50</Stock4>
  </Section>
  <Section>
    <Name>Gear.ItemGrade_Gear_GrenadeMODs</Name>
    <tediore0>6</tediore0>
    <tediore1>15</tediore1>
    <tediore2>24</tediore2>
    <tediore3>33</tediore3>
    <tediore4>42</tediore4>
    <tediore5>50</tediore5>
    <Vladof0>12</Vladof0>
    <Vladof1>21</Vladof1>
    <Vladof2>30</Vladof2>
    <Vladof3>39</Vladof3>
    <Vladof4>48</Vladof4>
    <Vladof5>50</Vladof5>
    <Dahl0>9</Dahl0>
    <Dahl1>18</Dahl1>
    <Dahl2>27</Dahl2>
    <Dahl3>36</Dahl3>
    <Dahl4>45</Dahl4>
    <Dahl5>50</Dahl5>
    <SandSMunitions0>6</SandSMunitions0>
    <SandSMunitions1>15</SandSMunitions1>
    <SandSMunitions2>24</SandSMunitions2>
    <SandSMunitions3>33</SandSMunitions3>
    <SandSMunitions4>42</SandSMunitions4>
    <SandSMunitions5>50</SandSMunitions5>
    <Maliwan0>9</Maliwan0>
    <Maliwan1>17</Maliwan1>
    <Maliwan2>27</Maliwan2>
    <Maliwan3>36</Maliwan3>
    <Maliwan4>45</Maliwan4>
    <Maliwan5>50</Maliwan5>
    <Torgue0>12</Torgue0>
    <Torgue1>21</Torgue1>
    <Torgue2>30</Torgue2>
    <Torgue3>39</Torgue3>
    <Torgue4>50</Torgue4>
    <Torgue5>50</Torgue5>
    <Atlas0>12</Atlas0>
    <Atlas1>21</Atlas1>
    <Atlas2>30</Atlas2>
    <Atlas3>39</Atlas3>
    <Atlas4>48</Atlas4>
    <Atlas5>50</Atlas5>
    <Hyperion0>8</Hyperion0>
    <Hyperion1>17</Hyperion1>
    <Hyperion2>26</Hyperion2>
    <Hyperion3>35</Hyperion3>
    <Hyperion4>44</Hyperion4>
    <Hyperion5>50</Hyperion5>
    <Anshin0>6</Anshin0>
    <Anshin1>15</Anshin1>
    <Anshin2>24</Anshin2>
    <Anshin3>33</Anshin3>
    <Anshin4>42</Anshin4>
    <Anshin5>50</Anshin5>
    <Pangolin0>9</Pangolin0>
    <Pangolin1>18</Pangolin1>
    <Pangolin2>27</Pangolin2>
    <Pangolin3>36</Pangolin3>
    <Pangolin4>45</Pangolin4>
    <Pangolin5>50</Pangolin5>
  </Section>
  <Section>
    <Name>Gear.ItemGrade_Gear_FireGrenadeForPsychos</Name>
    <Stock0>11</Stock0>
    <Stock1>21</Stock1>
    <Stock2>31</Stock2>
    <Stock3>41</Stock3>
    <Stock4>50</Stock4>
  </Section>
  <Section>
    <Name>Gear.ItemGrade_Gear_ComDeck_Roland</Name>
    <Vladof0>12</Vladof0>
    <Vladof1>21</Vladof1>
    <Vladof2>30</Vladof2>
    <Vladof3>39</Vladof3>
    <Vladof4>48</Vladof4>
    <Vladof5>50</Vladof5>
    <Dahl0>9</Dahl0>
    <Dahl1>18</Dahl1>
    <Dahl2>27</Dahl2>
    <Dahl3>36</Dahl3>
    <Dahl4>45</Dahl4>
    <Dahl5>50</Dahl5>
    <SandSMunitions0>6</SandSMunitions0>
    <SandSMunitions1>15</SandSMunitions1>
    <SandSMunitions2>24</SandSMunitions2>
    <SandSMunitions3>33</SandSMunitions3>
    <SandSMunitions4>42</SandSMunitions4>
    <SandSMunitions5>50</SandSMunitions5>
    <Maliwan0>9</Maliwan0>
    <Maliwan1>17</Maliwan1>
    <Maliwan2>27</Maliwan2>
    <Maliwan3>36</Maliwan3>
    <Maliwan4>45</Maliwan4>
    <Maliwan5>50</Maliwan5>
    <Torgue0>12</Torgue0>
    <Torgue1>21</Torgue1>
    <Torgue2>30</Torgue2>
    <Torgue3>39</Torgue3>
    <Torgue4>49</Torgue4>
    <Torgue5>50</Torgue5>
    <Jakobs0>6</Jakobs0>
    <Jakobs1>15</Jakobs1>
    <Jakobs2>24</Jakobs2>
    <Jakobs3>33</Jakobs3>
    <Jakobs4>42</Jakobs4>
    <Jakobs5>50</Jakobs5>
    <Anshin0>9</Anshin0>
    <Anshin1>18</Anshin1>
    <Anshin2>27</Anshin2>
    <Anshin3>36</Anshin3>
    <Anshin4>45</Anshin4>
    <Anshin5>50</Anshin5>
  </Section>
  <Section>
    <Name>Gear.ItemGrade_Gear_ComDeck_Mordecai</Name>
    <tediore0>3</tediore0>
    <tediore1>15</tediore1>
    <tediore2>24</tediore2>
    <tediore3>33</tediore3>
    <tediore4>42</tediore4>
    <tediore5>50</tediore5>
    <Vladof0>12</Vladof0>
    <Vladof1>21</Vladof1>
    <Vladof2>30</Vladof2>
    <Vladof3>39</Vladof3>
    <Vladof4>48</Vladof4>
    <Vladof5>50</Vladof5>
    <SandSMunitions0>6</SandSMunitions0>
    <SandSMunitions1>15</SandSMunitions1>
    <SandSMunitions2>24</SandSMunitions2>
    <SandSMunitions3>33</SandSMunitions3>
    <SandSMunitions4>42</SandSMunitions4>
    <SandSMunitions5>50</SandSMunitions5>
    <Maliwan0>9</Maliwan0>
    <Maliwan1>17</Maliwan1>
    <Maliwan2>27</Maliwan2>
    <Maliwan3>36</Maliwan3>
    <Maliwan4>45</Maliwan4>
    <Maliwan5>50</Maliwan5>
    <Jakobs0>6</Jakobs0>
    <Jakobs1>15</Jakobs1>
    <Jakobs2>24</Jakobs2>
    <Jakobs3>33</Jakobs3>
    <Jakobs4>42</Jakobs4>
    <Jakobs5>50</Jakobs5>
    <Hyperion0>8</Hyperion0>
    <Hyperion1>17</Hyperion1>
    <Hyperion2>26</Hyperion2>
    <Hyperion3>35</Hyperion3>
    <Hyperion4>44</Hyperion4>
    <Hyperion5>50</Hyperion5>
    <Pangolin0>9</Pangolin0>
    <Pangolin1>18</Pangolin1>
    <Pangolin2>27</Pangolin2>
    <Pangolin3>36</Pangolin3>
    <Pangolin4>45</Pangolin4>
    <Pangolin5>50</Pangolin5>
  </Section>
  <Section>
    <Name>Gear.ItemGrade_Gear_ComDeck_Loyalty</Name>
    <tediore0>3</tediore0>
    <tediore1>15</tediore1>
    <tediore2>24</tediore2>
    <tediore3>33</tediore3>
    <tediore4>42</tediore4>
    <tediore5>50</tediore5>
    <Dahl0>3</Dahl0>
    <Dahl1>15</Dahl1>
    <Dahl2>24</Dahl2>
    <Dahl3>33</Dahl3>
    <Dahl4>42</Dahl4>
    <Dahl5>50</Dahl5>
    <Vladof0>3</Vladof0>
    <Vladof1>15</Vladof1>
    <Vladof2>24</Vladof2>
    <Vladof3>33</Vladof3>
    <Vladof4>42</Vladof4>
    <Vladof5>50</Vladof5>
    <SandSMunitions0>3</SandSMunitions0>
    <SandSMunitions1>15</SandSMunitions1>
    <SandSMunitions2>24</SandSMunitions2>
    <SandSMunitions3>33</SandSMunitions3>
    <SandSMunitions4>42</SandSMunitions4>
    <SandSMunitions5>50</SandSMunitions5>
    <Maliwan0>3</Maliwan0>
    <Maliwan1>15</Maliwan1>
    <Maliwan2>24</Maliwan2>
    <Maliwan3>33</Maliwan3>
    <Maliwan4>42</Maliwan4>
    <Maliwan5>50</Maliwan5>
    <Torgue0>3</Torgue0>
    <Torgue1>15</Torgue1>
    <Torgue2>24</Torgue2>
    <Torgue3>33</Torgue3>
    <Torgue4>42</Torgue4>
    <Torgue5>50</Torgue5>
    <Jakobs0>3</Jakobs0>
    <Jakobs1>15</Jakobs1>
    <Jakobs2>24</Jakobs2>
    <Jakobs3>33</Jakobs3>
    <Jakobs4>42</Jakobs4>
    <Jakobs5>50</Jakobs5>
    <Hyperion0>3</Hyperion0>
    <Hyperion1>15</Hyperion1>
    <Hyperion2>24</Hyperion2>
    <Hyperion3>33</Hyperion3>
    <Hyperion4>42</Hyperion4>
    <Hyperion5>50</Hyperion5>
    <Atlas0>3</Atlas0>
    <Atlas1>15</Atlas1>
    <Atlas2>24</Atlas2>
    <Atlas3>33</Atlas3>
    <Atlas4>42</Atlas4>
    <Atlas5>50</Atlas5>
    <Anshin0>3</Anshin0>
    <Anshin1>15</Anshin1>
    <Anshin2>24</Anshin2>
    <Anshin3>33</Anshin3>
    <Anshin4>42</Anshin4>
    <Anshin5>50</Anshin5>
    <Pangolin0>3</Pangolin0>
    <Pangolin1>15</Pangolin1>
    <Pangolin2>24</Pangolin2>
    <Pangolin3>33</Pangolin3>
    <Pangolin4>42</Pangolin4>
    <Pangolin5>50</Pangolin5>
    <Gearbox0>3</Gearbox0>
    <Gearbox1>15</Gearbox1>
    <Gearbox2>24</Gearbox2>
    <Gearbox3>33</Gearbox3>
    <Gearbox4>42</Gearbox4>
    <Gearbox5>50</Gearbox5>
    <Eridian0>3</Eridian0>
    <Eridian1>15</Eridian1>
    <Eridian2>24</Eridian2>
    <Eridian3>33</Eridian3>
    <Eridian4>42</Eridian4>
    <Eridian5>50</Eridian5>
  </Section>
  <Section>
    <Name>Gear.ItemGrade_Gear_ComDeck_Lilith</Name>
    <Dahl0>9</Dahl0>
    <Dahl1>18</Dahl1>
    <Dahl2>27</Dahl2>
    <Dahl3>36</Dahl3>
    <Dahl4>45</Dahl4>
    <Dahl5>50</Dahl5>
    <SandSMunitions0>6</SandSMunitions0>
    <SandSMunitions1>15</SandSMunitions1>
    <SandSMunitions2>24</SandSMunitions2>
    <SandSMunitions3>33</SandSMunitions3>
    <SandSMunitions4>42</SandSMunitions4>
    <SandSMunitions5>50</SandSMunitions5>
    <Maliwan0>9</Maliwan0>
    <Maliwan1>17</Maliwan1>
    <Maliwan2>27</Maliwan2>
    <Maliwan3>36</Maliwan3>
    <Maliwan4>45</Maliwan4>
    <Maliwan5>50</Maliwan5>
    <Atlas0>12</Atlas0>
    <Atlas1>21</Atlas1>
    <Atlas2>30</Atlas2>
    <Atlas3>39</Atlas3>
    <Atlas4>48</Atlas4>
    <Atlas5>50</Atlas5>
    <Hyperion0>8</Hyperion0>
    <Hyperion1>17</Hyperion1>
    <Hyperion2>26</Hyperion2>
    <Hyperion3>35</Hyperion3>
    <Hyperion4>44</Hyperion4>
    <Hyperion5>50</Hyperion5>
    <Anshin0>6</Anshin0>
    <Anshin1>15</Anshin1>
    <Anshin2>24</Anshin2>
    <Anshin3>33</Anshin3>
    <Anshin4>42</Anshin4>
    <Anshin5>50</Anshin5>
    <Pangolin0>9</Pangolin0>
    <Pangolin1>18</Pangolin1>
    <Pangolin2>27</Pangolin2>
    <Pangolin3>36</Pangolin3>
    <Pangolin4>45</Pangolin4>
    <Pangolin5>50</Pangolin5>
  </Section>
  <Section>
    <Name>Gear.ItemGrade_Gear_ComDeck_Brick</Name>
    <tediore0>3</tediore0>
    <tediore1>15</tediore1>
    <tediore2>24</tediore2>
    <tediore3>33</tediore3>
    <tediore4>42</tediore4>
    <tediore5>50</tediore5>
    <Vladof0>12</Vladof0>
    <Vladof1>21</Vladof1>
    <Vladof2>30</Vladof2>
    <Vladof3>39</Vladof3>
    <Vladof4>48</Vladof4>
    <Vladof5>50</Vladof5>
    <Dahl0>9</Dahl0>
    <Dahl1>18</Dahl1>
    <Dahl2>27</Dahl2>
    <Dahl3>36</Dahl3>
    <Dahl4>45</Dahl4>
    <Dahl5>50</Dahl5>
    <Torgue0>12</Torgue0>
    <Torgue1>21</Torgue1>
    <Torgue2>30</Torgue2>
    <Torgue3>39</Torgue3>
    <Torgue4>49</Torgue4>
    <Torgue5>50</Torgue5>
    <Atlas0>12</Atlas0>
    <Atlas1>21</Atlas1>
    <Atlas2>30</Atlas2>
    <Atlas3>39</Atlas3>
    <Atlas4>48</Atlas4>
    <Atlas5>50</Atlas5>
    <Hyperion0>8</Hyperion0>
    <Hyperion1>17</Hyperion1>
    <Hyperion2>26</Hyperion2>
    <Hyperion3>35</Hyperion3>
    <Hyperion4>44</Hyperion4>
    <Hyperion5>50</Hyperion5>
    <Pangolin0>9</Pangolin0>
    <Pangolin1>18</Pangolin1>
    <Pangolin2>27</Pangolin2>
    <Pangolin3>36</Pangolin3>
    <Pangolin4>45</Pangolin4>
    <Pangolin5>50</Pangolin5>
  </Section>
  <Section>
    <Name>ElementalUpgrades.ItemGrade_Elemental_Roland</Name>
    <Eridian0>16</Eridian0>
    <Eridian1>22</Eridian1>
    <Eridian2>28</Eridian2>
    <Eridian3>34</Eridian3>
    <Eridian4>40</Eridian4>
    <Eridian5>46</Eridian5>
  </Section>
  <Section>
    <Name>ElementalUpgrades.ItemGrade_Elemental_Mordecai</Name>
    <Eridian0>16</Eridian0>
    <Eridian1>22</Eridian1>
    <Eridian2>28</Eridian2>
    <Eridian3>34</Eridian3>
    <Eridian4>40</Eridian4>
    <Eridian5>46</Eridian5>
  </Section>
  <Section>
    <Name>ElementalUpgrades.ItemGrade_Elemental_Lilith</Name>
    <Eridian0>16</Eridian0>
    <Eridian1>22</Eridian1>
    <Eridian2>28</Eridian2>
    <Eridian3>34</Eridian3>
    <Eridian4>40</Eridian4>
    <Eridian5>46</Eridian5>
  </Section>
  <Section>
    <Name>ElementalUpgrades.ItemGrade_Elemental_Brick</Name>
    <Eridian0>16</Eridian0>
    <Eridian1>22</Eridian1>
    <Eridian2>28</Eridian2>
    <Eridian3>34</Eridian3>
    <Eridian4>40</Eridian4>
    <Eridian5>46</Eridian5>
  </Section>
  <Section>
    <Name>Currency.ItemGrade_Currency_Pearlstone</Name>
    <Error0>4</Error0>
    <Error1>7</Error1>
    <Error2>10</Error2>
    <Error3>13</Error3>
    <Error4>16</Error4>
    <Error5>19</Error5>
    <Error6>22</Error6>
    <Error7>25</Error7>
    <Error8>28</Error8>
    <Error9>31</Error9>
    <Error10>34</Error10>
    <Error11>37</Error11>
    <Error12>40</Error12>
    <Error13>43</Error13>
    <Error14>49</Error14>
  </Section>
  <Section>
    <Name>Currency.ItemGrade_Currency_Money_PrizeFighter</Name>
    <Error0>4</Error0>
    <Error1>7</Error1>
    <Error2>10</Error2>
    <Error3>13</Error3>
    <Error4>16</Error4>
    <Error5>19</Error5>
    <Error6>22</Error6>
    <Error7>25</Error7>
    <Error8>28</Error8>
    <Error9>31</Error9>
    <Error10>34</Error10>
    <Error11>37</Error11>
    <Error12>40</Error12>
    <Error13>43</Error13>
    <Error14>49</Error14>
  </Section>
  <Section>
    <Name>Currency.ItemGrade_Currency_Money_Little</Name>
    <Error0>4</Error0>
    <Error1>7</Error1>
    <Error2>10</Error2>
    <Error3>13</Error3>
    <Error4>16</Error4>
    <Error5>19</Error5>
    <Error6>22</Error6>
    <Error7>25</Error7>
    <Error8>28</Error8>
    <Error9>31</Error9>
    <Error10>34</Error10>
    <Error11>37</Error11>
    <Error12>40</Error12>
    <Error13>43</Error13>
    <Error14>49</Error14>
  </Section>
  <Section>
    <Name>Currency.ItemGrade_Currency_Money_Big</Name>
    <Error0>4</Error0>
    <Error1>7</Error1>
    <Error2>10</Error2>
    <Error3>13</Error3>
    <Error4>16</Error4>
    <Error5>19</Error5>
    <Error6>22</Error6>
    <Error7>25</Error7>
    <Error8>28</Error8>
    <Error9>31</Error9>
    <Error10>34</Error10>
    <Error11>37</Error11>
    <Error12>40</Error12>
    <Error13>43</Error13>
    <Error14>49</Error14>
  </Section>
  <Section>
    <Name>Currency.ItemGrade_Currency_Bobblehead</Name>
    <Error0>4</Error0>
    <Error1>7</Error1>
    <Error2>10</Error2>
    <Error3>13</Error3>
    <Error4>16</Error4>
    <Error5>19</Error5>
    <Error6>22</Error6>
    <Error7>25</Error7>
    <Error8>28</Error8>
    <Error9>31</Error9>
    <Error10>34</Error10>
    <Error11>37</Error11>
    <Error12>40</Error12>
    <Error13>43</Error13>
    <Error14>49</Error14>
  </Section>
  <Section>
    <Name>Ammo_Shop.ItemGrade_AmmoShop_SniperRifle</Name>
    <Stock0>10</Stock0>
  </Section>
  <Section>
    <Name>Ammo_Shop.ItemGrade_AmmoShop_SMG</Name>
    <Stock0>10</Stock0>
  </Section>
  <Section>
    <Name>Ammo_Shop.ItemGrade_AmmoShop_Shotgun</Name>
    <Stock0>10</Stock0>
  </Section>
  <Section>
    <Name>Ammo_Shop.ItemGrade_AmmoShop_RocketLauncher</Name>
    <Stock0>10</Stock0>
  </Section>
  <Section>
    <Name>Ammo_Shop.ItemGrade_AmmoShop_RevolverPistol</Name>
    <Stock0>10</Stock0>
  </Section>
  <Section>
    <Name>Ammo_Shop.ItemGrade_AmmoShop_RepeaterPistol</Name>
    <Stock0>10</Stock0>
  </Section>
  <Section>
    <Name>Ammo_Shop.ItemGrade_AmmoShop_Grenade</Name>
    <Stock0>10</Stock0>
    <Stock1>10</Stock1>
  </Section>
  <Section>
    <Name>Ammo_Shop.ItemGrade_AmmoShop_CombatRifle</Name>
    <Stock0>10</Stock0>
  </Section>
  <Section>
    <Name>Ammo.ItemGrade_HealthPacks_2</Name>
    <Stock0>10,CustomInventoryDefinition=ItemDefinition'gd_HealthDrops.A_Item.HealthPack_1'</Stock0>
    <Stock1>20,CustomInventoryDefinition=ItemDefinition'gd_HealthDrops.A_Item.HealthPack_2'</Stock1>
    <Stock2>30,CustomInventoryDefinition=ItemDefinition'gd_HealthDrops.A_Item.HealthPack_3'</Stock2>
    <Stock3>40,CustomInventoryDefinition=ItemDefinition'gd_HealthDrops.A_Item.HealthPack_4'</Stock3>
  </Section>
  <Section>
    <Name>Ammo.ItemGrade_HealthPacks_1</Name>
    <Stock0>10,CustomInventoryDefinition=ItemDefinition'gd_HealthDrops.A_Item.HealthPack_1'</Stock0>
    <Stock1>20,CustomInventoryDefinition=ItemDefinition'gd_HealthDrops.A_Item.HealthPack_2'</Stock1>
    <Stock2>30,CustomInventoryDefinition=ItemDefinition'gd_HealthDrops.A_Item.HealthPack_3'</Stock2>
    <Stock3>40,CustomInventoryDefinition=ItemDefinition'gd_HealthDrops.A_Item.HealthPack_4'</Stock3>
    <Stock4>50,CustomInventoryDefinition=ItemDefinition'gd_HealthDrops.A_Item.HealthPack_5'</Stock4>
  </Section>
  <Section>
    <Name>Ammo.ItemGrade_HealthPack_5</Name>
  </Section>
  <Section>
    <Name>Ammo.ItemGrade_HealthPack_4</Name>
  </Section>
  <Section>
    <Name>Ammo.ItemGrade_HealthPack_3</Name>
  </Section>
  <Section>
    <Name>Ammo.ItemGrade_HealthPack_2</Name>
  </Section>
  <Section>
    <Name>Ammo.ItemGrade_HealthPack_1</Name>
  </Section>
  <Section>
    <Name>Ammo.ItemGrade_HealthDrops_2</Name>
    <Stock0>10,CustomInventoryDefinition=ItemDefinition'gd_HealthDrops.A_Item.HealthVial_1'</Stock0>
    <Stock1>20,CustomInventoryDefinition=ItemDefinition'gd_HealthDrops.A_Item.HealthVial_2'</Stock1>
    <Stock2>30,CustomInventoryDefinition=ItemDefinition'gd_HealthDrops.A_Item.HealthVial_3'</Stock2>
    <Stock3>40,CustomInventoryDefinition=ItemDefinition'gd_HealthDrops.A_Item.HealthVial_4'</Stock3>
  </Section>
  <Section>
    <Name>Ammo.ItemGrade_HealthDrops</Name>
    <Stock0>10,CustomInventoryDefinition=ItemDefinition'gd_HealthDrops.A_Item.HealthVial_1'</Stock0>
    <Stock1>20,CustomInventoryDefinition=ItemDefinition'gd_HealthDrops.A_Item.HealthVial_2'</Stock1>
    <Stock2>30,CustomInventoryDefinition=ItemDefinition'gd_HealthDrops.A_Item.HealthVial_3'</Stock2>
    <Stock3>40,CustomInventoryDefinition=ItemDefinition'gd_HealthDrops.A_Item.HealthVial_4'</Stock3>
    <Stock4>50,CustomInventoryDefinition=ItemDefinition'gd_HealthDrops.A_Item.HealthVial_5'</Stock4>
  </Section>
  <Section>
    <Name>Ammo.ItemGrade_Grenade_Frag</Name>
  </Section>
  <Section>
    <Name>Ammo.ItemGrade_Grenade_ExterminateSkagsProtean</Name>
    <Stock0>10</Stock0>
  </Section>
  <Section>
    <Name>Ammo.ItemGrade_Ammo_SniperRifle</Name>
    <Stock0>10</Stock0>
  </Section>
  <Section>
    <Name>Ammo.ItemGrade_Ammo_SMG</Name>
    <Stock0>10</Stock0>
  </Section>
  <Section>
    <Name>Ammo.ItemGrade_Ammo_Shotgun</Name>
    <Stock0>10</Stock0>
  </Section>
  <Section>
    <Name>Ammo.ItemGrade_Ammo_RocketLauncher</Name>
    <Stock0>10</Stock0>
  </Section>
  <Section>
    <Name>Ammo.ItemGrade_Ammo_RevolverPistol</Name>
    <Stock0>10</Stock0>
  </Section>
  <Section>
    <Name>Ammo.ItemGrade_Ammo_RepeaterPistol</Name>
    <Stock0>10</Stock0>
  </Section>
  <Section>
    <Name>Ammo.ItemGrade_Ammo_Grenade</Name>
    <Stock0>10</Stock0>
    <Stock1>10</Stock1>
  </Section>
  <Section>
    <Name>Ammo.ItemGrade_Ammo_CombatRifle</Name>
    <Stock0>10</Stock0>
  </Section>
</INI>