<?xml version="1.0" encoding="us-ascii"?>
<!--Comment-->
<INI>
  <Section>
    <Name>gd_skills_common.WeaponProficiencySkills.Skill_PistolProficiency</Name>
    <SkillName>Pistol Proficiency</SkillName>
  </Section>
  <Section>
    <Name>gd_skills_common.WeaponProficiencySkills.Skill_ShotgunProficiency</Name>
    <SkillName>Shotgun Proficiency</SkillName>
  </Section>
  <Section>
    <Name>gd_skills_common.WeaponProficiencySkills.Skill_SMGProficiency</Name>
    <SkillName>SMG Proficiency</SkillName>
  </Section>
  <Section>
    <Name>gd_skills_common.WeaponProficiencySkills.Skill_CombatRifleProficiency</Name>
    <SkillName>Combat Rifle Proficiency</SkillName>
  </Section>
  <Section>
    <Name>gd_skills_common.WeaponProficiencySkills.Skill_SniperRifleProficiency</Name>
    <SkillName>Sniper Rifle Proficiency</SkillName>
  </Section>
  <Section>
    <Name>gd_skills_common.WeaponProficiencySkills.Skill_RocketLauncherProficiency</Name>
    <SkillName>Rocket Launcher Proficiency</SkillName>
  </Section>
  <Section>
    <Name>gd_skills_common.WeaponProficiencySkills.Skill_EridanWeaponProficiency</Name>
    <SkillName>Eridan Weapon Proficiency</SkillName>
  </Section>
  <Section>
    <Name>gd_skills2_Roland.Action.A_DeployScorpio</Name>
    <SkillName>Scorpio Turret</SkillName>
    <SkillDescription>Gain the ability to deploy a Scorpio Turret that automatically fires at enemies.  The Scorpio Turret also has shields that can be used as cover.</SkillDescription>
  </Section>
  <Section>
    <Name>gd_skills2_Roland.ActionElemental.Scorpio_CorrosiveBolt</Name>
    <SkillName>Corrosive Bolt</SkillName>
    <SkillDescription>The Scorpio deals corrosive damage</SkillDescription>
  </Section>
  <Section>
    <Name>gd_skills2_Roland.ActionElemental.Scorpio_ExplosiveBolt</Name>
    <SkillName>Explosive Bolt</SkillName>
    <SkillDescription>The Scorpio deals Explosive Damage</SkillDescription>
  </Section>
  <Section>
    <Name>gd_skills2_Roland.ActionElemental.Scorpio_FireBolt</Name>
    <SkillName>Fire Bolt</SkillName>
    <SkillDescription>The Scorpio deals Fire Damage</SkillDescription>
  </Section>
  <Section>
    <Name>gd_skills2_Roland.ActionElemental.Scorpio_ShockBolt</Name>
    <SkillName>Shock Bolt</SkillName>
    <SkillDescription>The Scorpio deals shock damage</SkillDescription>
  </Section>
  <Section>
    <Name>gd_skills2_Roland.Adrenaline.Adrenaline_Roland</Name>
    <SkillName>Adrenaline - Roland</SkillName>
    <SkillDescription>Roland gains adrenaline when he damages enemies or if one of his friends gets crippled.</SkillDescription>
  </Section>
  <Section>
    <Name>gd_skills2_Roland.Infantry.Assault</Name>
    <SkillName>Assault</SkillName>
    <SkillDescription>Increases Magazine Size and reduces Recoil with Combat Rifles.</SkillDescription>
  </Section>
  <Section>
    <Name>gd_skills2_Roland.Infantry.GuidedMissile</Name>
    <SkillName>Guided Missile</SkillName>
    <SkillDescription>Your Scorpio Turret launches guided missiles in addition to using its regular gun.</SkillDescription>
  </Section>
  <Section>
    <Name>gd_skills2_Roland.Infantry.MetalStorm</Name>
    <SkillName>Metal Storm</SkillName>
    <SkillDescription>Killing an enemy increases your Fire Rate and reduces Recoil for a few seconds.</SkillDescription>
  </Section>
  <Section>
    <Name>gd_skills2_Roland.Infantry.Refire</Name>
    <SkillName>Refire</SkillName>
    <SkillDescription>Shooting an enemy reduces the Cooldown of your Scorpio Turret.  This effect can only occur every 2 seconds.</SkillDescription>
  </Section>
  <Section>
    <Name>gd_skills2_Roland.Infantry.Refire_activated</Name>
    <SkillName>Refire - activated</SkillName>
    <SkillDescription>Shooting an enemy reduces the Cooldown of your Scorpio Turret.</SkillDescription>
  </Section>
  <Section>
    <Name>gd_skills2_Roland.Infantry.Scattershot</Name>
    <SkillName>Scattershot</SkillName>
    <SkillDescription>Increases shotgun damage and spread.</SkillDescription>
  </Section>
  <Section>
    <Name>gd_skills2_Roland.Infantry.Sentry</Name>
    <SkillName>Sentry</SkillName>
    <SkillDescription>Increases Scorpio Turret damage.</SkillDescription>
  </Section>
  <Section>
    <Name>gd_skills2_Roland.Medic.AidStation</Name>
    <SkillName>Aid Station</SkillName>
    <SkillDescription>Allies near the Scorpio Turret regenerate health.  </SkillDescription>
  </Section>
  <Section>
    <Name>gd_skills2_Roland.Medic.Cauterize</Name>
    <SkillName>Cauterize</SkillName>
    <SkillDescription>Shooting team members heals them.  This effect also works with grenades and rockets.</SkillDescription>
  </Section>
  <Section>
    <Name>gd_skills2_Roland.Medic.Fitness</Name>
    <SkillName>Fitness</SkillName>
    <SkillDescription>Increases your Maximum Health.</SkillDescription>
  </Section>
  <Section>
    <Name>gd_skills2_Roland.Medic.Fitness_HealUp</Name>
    <SkillName>Fitness_HealUp</SkillName>
    <SkillDescription>Heals you after increasing your Max Health.</SkillDescription>
  </Section>
  <Section>
    <Name>gd_skills2_Roland.Medic.Grit</Name>
    <SkillName>Grit</SkillName>
    <SkillDescription>Increases your resistance to Bullet Damage.</SkillDescription>
  </Section>
  <Section>
    <Name>gd_skills2_Roland.Medic.Overload</Name>
    <SkillName>Overload</SkillName>
    <SkillDescription>Increases magazine capacity with all weapon types.  </SkillDescription>
  </Section>
  <Section>
    <Name>gd_skills2_Roland.Medic.Revive</Name>
    <SkillName>Revive</SkillName>
    <SkillDescription>The Scorpio Turret has a chance to instantly revive nearby crippled friends when deployed.</SkillDescription>
  </Section>
  <Section>
    <Name>gd_skills2_Roland.Medic.Stat</Name>
    <SkillName>Stat</SkillName>
    <SkillDescription>Killing an enemy increases health regeneration for you and nearby friends for a few seconds.</SkillDescription>
  </Section>
  <Section>
    <Name>gd_skills2_Roland.Support.Barrage</Name>
    <SkillName>Barrage</SkillName>
    <SkillDescription>Increases the number of shots your Scorpio Turret fires in each burst.</SkillDescription>
  </Section>
  <Section>
    <Name>gd_skills2_Roland.Support.Defense</Name>
    <SkillName>Defense</SkillName>
    <SkillDescription>Increases how quickly your shields recharge.</SkillDescription>
  </Section>
  <Section>
    <Name>gd_skills2_Roland.Support.deploy</Name>
    <SkillName>Deploy</SkillName>
    <SkillDescription>Reduces the cooldown for your Scorpio Turret.</SkillDescription>
  </Section>
  <Section>
    <Name>gd_skills2_Roland.Support.Grenadier</Name>
    <SkillName>Grenadier</SkillName>
    <SkillDescription>Killing an enemy increases your grenade damage and causes you to regenerate grenades for a few seconds.</SkillDescription>
  </Section>
  <Section>
    <Name>gd_skills2_Roland.Support.Impact</Name>
    <SkillName>Impact</SkillName>
    <SkillDescription>Increases Bullet Damage with all weapon types.</SkillDescription>
  </Section>
  <Section>
    <Name>gd_skills2_Roland.Support.QuickCharge</Name>
    <SkillName>Quick Charge</SkillName>
    <SkillDescription>Killing an enemy causes your shields to quickly regenerate for a few seconds.</SkillDescription>
  </Section>
  <Section>
    <Name>gd_skills2_Roland.Support.Stockpile</Name>
    <SkillName>Stockpile</SkillName>
    <SkillDescription>Players near the Scorpio Turret regenerate ammo for the weapon currently in their hands.</SkillDescription>
  </Section>
  <Section>
    <Name>gd_skills2_Roland.Support.SupplyDrop</Name>
    <SkillName>Supply Drop</SkillName>
    <SkillDescription>The Scorpio Turret periodically fires out supply pickups to resupply players.</SkillDescription>
  </Section>
  <Section>
    <Name>gd_skills2_Roland.z_DELETEDELETE.Detonate</Name>
    <SkillName>Detonate</SkillName>
    <SkillDescription>The Scorpio Turret creates a pulse every few seconds that pushes enemies away and damages them.  (BROKEN)</SkillDescription>
  </Section>
  <Section>
    <Name>gd_skills2_Roland.z_DELETEDELETE.Detonate_active</Name>
    <SkillName>Detonate_active</SkillName>
    <SkillDescription>The Scorpio Turret creates a pulse every few seconds that pushes enemies away and damages them.</SkillDescription>
  </Section>
  <Section>
    <Name>gd_skills2_Roland.z_DELETEDELETE.ScoprioHomingRockets</Name>
    <SkillName>Scorpio Rockets</SkillName>
    <SkillDescription>The Scorpio Turret fires homing rockets in addition to its regular attack.</SkillDescription>
  </Section>
  <Section>
    <Name>gd_Skills2_Lilith.Action.A_PhaseWalk</Name>
    <SkillName>Phasewalk</SkillName>
    <SkillDescription>Gain the ability to turn invisible and move incredibly fast.  Upon entering and leaving Phasewalk you create a Phase Blast that damages nearby enemies.  You can Melee attack to end Phasewalk early.</SkillDescription>
  </Section>
  <Section>
    <Name>gd_Skills2_Lilith.Action.PhaseWalk_meleeCancel</Name>
    <SkillName>Melee cancels Phasewalk</SkillName>
    <SkillDescription>Using a melee attack while Phasewalking deals additional damage.</SkillDescription>
  </Section>
  <Section>
    <Name>gd_Skills2_Lilith.ActionElemental.CorrosiveReturn</Name>
    <SkillName>Corrosive Return</SkillName>
    <SkillDescription>ACTION ELEMENTAL SKILL: Causes a corrosive explosion entrance/exit when Phasewalking</SkillDescription>
  </Section>
  <Section>
    <Name>gd_Skills2_Lilith.ActionElemental.ExplosiveReturn</Name>
    <SkillName>Explosive Return</SkillName>
    <SkillDescription>ACTION ELEMENTAL SKILL: Causes an explosive entrance/exit when Phasewalking</SkillDescription>
  </Section>
  <Section>
    <Name>gd_Skills2_Lilith.ActionElemental.IncendiaryReturn</Name>
    <SkillName>Incendiary Return</SkillName>
    <SkillDescription>ACTION ELEMENTAL SKILL: Causes an incindiary explosion entrance/exit when Phasewalking</SkillDescription>
  </Section>
  <Section>
    <Name>gd_Skills2_Lilith.ActionElemental.ShockingReturn</Name>
    <SkillName>Shocking Return</SkillName>
    <SkillDescription>ACTION ELEMENTAL SKILL: Causes a shock explosion entrance/exit when Phasewalking</SkillDescription>
  </Section>
  <Section>
    <Name>gd_Skills2_Lilith.Adrenaline.Adrenaline_Lilith</Name>
    <SkillName>Adrenaline - Roland</SkillName>
    <SkillDescription>Roland gains adrenaline when he damages enemies or if one of his friends gets crippled.</SkillDescription>
  </Section>
  <Section>
    <Name>gd_Skills2_Lilith.Assassin.Blackout</Name>
    <SkillName>Blackout</SkillName>
    <SkillDescription>Killing an enemy reduces the cooldown of Phasewalk.</SkillDescription>
  </Section>
  <Section>
    <Name>gd_Skills2_Lilith.Assassin.Blackout_activated</Name>
    <SkillName>Blackout_activated</SkillName>
    <SkillDescription>Killing an enemy reduces the cooldown of Phasewalk</SkillDescription>
  </Section>
  <Section>
    <Name>gd_Skills2_Lilith.Assassin.Enforcer</Name>
    <SkillName>Enforcer</SkillName>
    <SkillDescription>Killing an enemy increases your accuracy and Bullet Damage for a few seconds.</SkillDescription>
  </Section>
  <Section>
    <Name>gd_Skills2_Lilith.Assassin.HighVelocity</Name>
    <SkillName>High Velocity</SkillName>
    <SkillDescription>Increases Bullet Damage and Velocity.</SkillDescription>
  </Section>
  <Section>
    <Name>gd_Skills2_Lilith.Assassin.HitAndRun</Name>
    <SkillName>Hit &amp; Run</SkillName>
    <SkillDescription>Gain increased melee damage and Phasewalk duration.</SkillDescription>
  </Section>
  <Section>
    <Name>gd_Skills2_Lilith.Assassin.PhaseStrike</Name>
    <SkillName>Phase Strike</SkillName>
    <SkillDescription>Using a melee attack while Phasewalking deals additional damage.</SkillDescription>
  </Section>
  <Section>
    <Name>gd_Skills2_Lilith.Assassin.SilentResolve</Name>
    <SkillName>Silent Resolve</SkillName>
    <SkillDescription>Increases your resistance to damage for a few seconds after Phasewalking.</SkillDescription>
  </Section>
  <Section>
    <Name>gd_Skills2_Lilith.Assassin.SilentResolve_active</Name>
    <SkillName>Silent Resolve - Active</SkillName>
    <SkillDescription>Gain resistance to all damage for 6 seconds after Phasewalking.</SkillDescription>
  </Section>
  <Section>
    <Name>gd_Skills2_Lilith.Assassin.Slayer</Name>
    <SkillName>Slayer</SkillName>
    <SkillDescription>Increases your Critical Hit Damage.</SkillDescription>
  </Section>
  <Section>
    <Name>gd_Skills2_Lilith.Controller.Diva</Name>
    <SkillName>Diva</SkillName>
    <SkillDescription>Increases the Capacity of your shield.</SkillDescription>
  </Section>
  <Section>
    <Name>gd_Skills2_Lilith.Controller.DramaticEntrance</Name>
    <SkillName>Dramatic Entrance</SkillName>
    <SkillDescription>Your Phase Blast can Daze enemies, reducing their movement speed and accuracy.</SkillDescription>
  </Section>
  <Section>
    <Name>gd_Skills2_Lilith.Controller.DramaticEntrance_active</Name>
    <SkillName>Dramatic Entrance - active</SkillName>
    <SkillDescription>When Phasewalk ends you cause an explosion that can Slow nearby enemies.</SkillDescription>
  </Section>
  <Section>
    <Name>gd_Skills2_Lilith.Controller.GirlPower</Name>
    <SkillName>Girl Power</SkillName>
    <SkillDescription>Killing an enemy causes your Shield to quickly regenerate for a few seconds.</SkillDescription>
  </Section>
  <Section>
    <Name>gd_Skills2_Lilith.Controller.HardToGet</Name>
    <SkillName>Hard to Get</SkillName>
    <SkillDescription>Decreases the Cooldown of Phasewalk.</SkillDescription>
  </Section>
  <Section>
    <Name>gd_Skills2_Lilith.Controller.InnerGlow</Name>
    <SkillName>Inner Glow</SkillName>
    <SkillDescription>While Phasewalking you regenerate Health.</SkillDescription>
  </Section>
  <Section>
    <Name>gd_Skills2_Lilith.Controller.MindGames</Name>
    <SkillName>Mind Games</SkillName>
    <SkillDescription>Each bullet you fire has a chance to Daze enemies, reducing their movement speed and accuracy.</SkillDescription>
  </Section>
  <Section>
    <Name>gd_Skills2_Lilith.Controller.Striking</Name>
    <SkillName>Striking</SkillName>
    <SkillDescription>Your melee attacks can Daze enemies, reducing their movement speed and accuracy.</SkillDescription>
  </Section>
  <Section>
    <Name>gd_Skills2_Lilith.Elemental.Intuition</Name>
    <SkillName>Intuition</SkillName>
    <SkillDescription>Killing an enemy increases your movement speed and the experience you and your team earn for a few seconds.</SkillDescription>
  </Section>
  <Section>
    <Name>gd_Skills2_Lilith.Elemental.Phoenix</Name>
    <SkillName>Phoenix</SkillName>
    <SkillDescription>Killing an enemy causes you to deal Fire Damage to nearby enemies and makes your shots not always cost ammo for a few seconds.  The Fire Damage increases with your Level.</SkillDescription>
  </Section>
  <Section>
    <Name>gd_Skills2_Lilith.Elemental.Quicksilver</Name>
    <SkillName>Quicksilver</SkillName>
    <SkillDescription>Increases your Fire Rate with all weapons.</SkillDescription>
  </Section>
  <Section>
    <Name>gd_Skills2_Lilith.Elemental.Radiance</Name>
    <SkillName>Radiance</SkillName>
    <SkillDescription>You deal Shock Damage to nearby enemies while Phasewalking.  Damage is based on your Level and the Skill's Level.</SkillDescription>
  </Section>
  <Section>
    <Name>gd_Skills2_Lilith.Elemental.Resilience</Name>
    <SkillName>Resilience</SkillName>
    <SkillDescription>Increases your resistance to Fire, Shock, Corrosive, and Explosive Damage.</SkillDescription>
  </Section>
  <Section>
    <Name>gd_Skills2_Lilith.Elemental.spark</Name>
    <SkillName>Spark</SkillName>
    <SkillDescription>Increases your chance of causing Elemental Effects with Elemental Weapons.</SkillDescription>
  </Section>
  <Section>
    <Name>gd_Skills2_Lilith.Elemental.Venom</Name>
    <SkillName>Venom</SkillName>
    <SkillDescription>Adds Corrosive Damage to your melee attacks.  Also, your melee attacks have a chance to Corrode enemies, causing additional damage over time.</SkillDescription>
  </Section>
  <Section>
    <Name>gd_skills2_Mordecai.Action.A_LaunchBloodwing</Name>
    <SkillName>Bloodwing</SkillName>
    <SkillDescription>Gain the ability to send your pet Bloodwing out to attack an enemy and then return.</SkillDescription>
  </Section>
  <Section>
    <Name>gd_skills2_Mordecai.Action.BloodwingActualReturn</Name>
    <SkillName>Bloodwing Return</SkillName>
    <SkillDescription />
  </Section>
  <Section>
    <Name>gd_skills2_Mordecai.Action.BloodwingDelay</Name>
    <SkillName>Bloodwing Delay</SkillName>
    <SkillDescription />
  </Section>
  <Section>
    <Name>gd_skills2_Mordecai.Action.BloodwingManualReturn</Name>
    <SkillName>Bloodwing Return</SkillName>
    <SkillDescription />
  </Section>
  <Section>
    <Name>gd_skills2_Mordecai.ActionElemental.AcidWing</Name>
    <SkillName>Acid Wing</SkillName>
    <SkillDescription>The Bloodwing deals Corrosive Damage</SkillDescription>
  </Section>
  <Section>
    <Name>gd_skills2_Mordecai.ActionElemental.ExplosiveWing</Name>
    <SkillName>Explosive Wing</SkillName>
    <SkillDescription>The Bloodwing deals Explosive damage</SkillDescription>
  </Section>
  <Section>
    <Name>gd_skills2_Mordecai.ActionElemental.FireWing</Name>
    <SkillName>Fire Wing</SkillName>
    <SkillDescription>The Bloodwing deals Incendiary damage</SkillDescription>
  </Section>
  <Section>
    <Name>gd_skills2_Mordecai.ActionElemental.ShockWing</Name>
    <SkillName>Shock Wing</SkillName>
    <SkillDescription>The Bloodwing deals Shock damage</SkillDescription>
  </Section>
  <Section>
    <Name>gd_skills2_Mordecai.Adrenaline.Adrenaline_Mordecai</Name>
    <SkillName>Adrenaline - Mordecai</SkillName>
    <SkillDescription>Mordecai gains adrenaline when he kills an enemy.</SkillDescription>
  </Section>
  <Section>
    <Name>gd_skills2_Mordecai.Gunslinger.Deadly</Name>
    <SkillName>Deadly</SkillName>
    <SkillDescription>Increases Critical Hit damage.</SkillDescription>
  </Section>
  <Section>
    <Name>gd_skills2_Mordecai.Gunslinger.GunCrazy</Name>
    <SkillName>Gun Crazy</SkillName>
    <SkillDescription>When using pistols you have a chance to fire 2 shots with each pull of the trigger instead of just 1.</SkillDescription>
  </Section>
  <Section>
    <Name>gd_skills2_Mordecai.Gunslinger.HairTrigger</Name>
    <SkillName>Hair Trigger</SkillName>
    <SkillDescription>Increases Fire Rate and Magazine Size with pistols.</SkillDescription>
  </Section>
  <Section>
    <Name>gd_skills2_Mordecai.Gunslinger.LethalStrike</Name>
    <SkillName>Lethal Strike</SkillName>
    <SkillDescription>Increases melee damage.  Also, every melee attack has a 35% chance to be a Lethal Strike and deal extremely high damage.</SkillDescription>
  </Section>
  <Section>
    <Name>gd_skills2_Mordecai.Gunslinger.LethalStrike_Crit</Name>
    <SkillName>Lethal Strike_Crit</SkillName>
    <SkillDescription>Increases melee damage and gives every melee attack a chance to deal double damage. </SkillDescription>
  </Section>
  <Section>
    <Name>gd_skills2_Mordecai.Gunslinger.Predator</Name>
    <SkillName>Predator</SkillName>
    <SkillDescription>Decreases the cooldown of your pet Bloodwing.</SkillDescription>
  </Section>
  <Section>
    <Name>gd_skills2_Mordecai.Gunslinger.Relentless</Name>
    <SkillName>Relentless</SkillName>
    <SkillDescription>Killing an enemy increases your fire rate and gives every bullet fired a 25% chance to be a Killer Shot and deal additional damage.  This effect lasts a few seconds.</SkillDescription>
  </Section>
  <Section>
    <Name>gd_skills2_Mordecai.Gunslinger.Relentless_Crit</Name>
    <SkillName>Relentless_Crit</SkillName>
    <SkillDescription>Rushing increases your fire rate with all weapons and gives every bullet a chance to count as a critical hit regardless of where the bullet hit.  </SkillDescription>
  </Section>
  <Section>
    <Name>gd_skills2_Mordecai.Gunslinger.RiotousRemedy</Name>
    <SkillName>Riotous Remedy</SkillName>
    <SkillDescription>Killing an enemy gives you chaotic health regeneration for a few seconds.</SkillDescription>
  </Section>
  <Section>
    <Name>gd_skills2_Mordecai.Gunslinger.RiotousRemedy_HealthGain</Name>
    <SkillName>Riotous Remedy - Health Gain</SkillName>
    <SkillDescription>Killing an enemy provides a random amount of health.</SkillDescription>
  </Section>
  <Section>
    <Name>gd_skills2_Mordecai.Rogue.AerialImpact</Name>
    <SkillName>Aerial Impact</SkillName>
    <SkillDescription>Attacks from your Bloodwing can Daze enemies, reducing their movement speed and accuracy.</SkillDescription>
  </Section>
  <Section>
    <Name>gd_skills2_Mordecai.Rogue.BirdOfPrey</Name>
    <SkillName>Bird of Prey</SkillName>
    <SkillDescription>Increases the number of targets the Bloodwing can attack before returning.</SkillDescription>
  </Section>
  <Section>
    <Name>gd_skills2_Mordecai.Rogue.FastHands</Name>
    <SkillName>Fast Hands</SkillName>
    <SkillDescription>Increases Reload Speed with all weapon types.</SkillDescription>
  </Section>
  <Section>
    <Name>gd_skills2_Mordecai.Rogue.OutForBlood</Name>
    <SkillName>Out for Blood</SkillName>
    <SkillDescription>When your Bloodwing strikes an enemy you gain health based on the amount of damage done.</SkillDescription>
  </Section>
  <Section>
    <Name>gd_skills2_Mordecai.Rogue.Ransack</Name>
    <SkillName>Ransack</SkillName>
    <SkillDescription>Killling an enemy increases the amount of loot you get from other enemies killed for a few seconds.</SkillDescription>
  </Section>
  <Section>
    <Name>gd_skills2_Mordecai.Rogue.SwiftStrike</Name>
    <SkillName>Swift Strike</SkillName>
    <SkillDescription>Increases Bloodwing Damage and movement speed.</SkillDescription>
  </Section>
  <Section>
    <Name>gd_skills2_Mordecai.Rogue.Swipe</Name>
    <SkillName>Swipe</SkillName>
    <SkillDescription>The Bloodwing causes enemies to drop additional money, ammo, and healing items when it attacks.</SkillDescription>
  </Section>
  <Section>
    <Name>gd_skills2_Mordecai.Sniper.Caliber</Name>
    <SkillName>Caliber</SkillName>
    <SkillDescription>Increases damage with Sniper Rifles.</SkillDescription>
  </Section>
  <Section>
    <Name>gd_skills2_Mordecai.Sniper.CarrionCall</Name>
    <SkillName>Carrion Call</SkillName>
    <SkillDescription>Shooting an enemy with a Sniper Rifle reduces the cooldown of your Bloodwing.</SkillDescription>
  </Section>
  <Section>
    <Name>gd_skills2_Mordecai.Sniper.CarrionCall_activated</Name>
    <SkillName>Carrion Call - activated</SkillName>
    <SkillDescription>Hitting an enemy with a Sniper Rifle reduces the cooldown of Bloodwing.</SkillDescription>
  </Section>
  <Section>
    <Name>gd_skills2_Mordecai.Sniper.Focus</Name>
    <SkillName>Focus</SkillName>
    <SkillDescription>Increases accuracy with all weapon types.</SkillDescription>
  </Section>
  <Section>
    <Name>gd_skills2_Mordecai.Sniper.Killer</Name>
    <SkillName>Killer</SkillName>
    <SkillDescription>Killing an enemy increases your Damage and Reload Speed with all guns for a few seconds.</SkillDescription>
  </Section>
  <Section>
    <Name>gd_skills2_Mordecai.Sniper.Loaded</Name>
    <SkillName>Loaded</SkillName>
    <SkillDescription>Increases Magazine Capacity with Sniper Rifles.</SkillDescription>
  </Section>
  <Section>
    <Name>gd_skills2_Mordecai.Sniper.Smirk</Name>
    <SkillName>Smirk</SkillName>
    <SkillDescription>All players on your team (including you) gain additional experience when you kill an enemy with a Critical Hit.</SkillDescription>
  </Section>
  <Section>
    <Name>gd_skills2_Mordecai.Sniper.Smirk_active</Name>
    <SkillName>Smirk - active</SkillName>
    <SkillDescription>After killing an enemy with a Sniper Rifle the team gets a bonus to all experience gained for 10 seconds.</SkillDescription>
  </Section>
  <Section>
    <Name>gd_skills2_Mordecai.Sniper.Trespass</Name>
    <SkillName>Trespass</SkillName>
    <SkillDescription>Your bullets have a chance to ignore shields.  Also slightly increases Bullet Damage.</SkillDescription>
  </Section>
  <Section>
    <Name>gd_skills2_Mordecai.z_DELETEDELETE.Trespass_pistolDmg</Name>
    <SkillName>Tresspass_pistolDmg</SkillName>
    <SkillDescription>Increased pistol damage from the Trespass skill.</SkillDescription>
  </Section>
  <Section>
    <Name>gd_skills2_Mordecai.z_DELETEDELETE.z_DELETEDELETE</Name>
    <SkillName>Gun Crazy</SkillName>
    <SkillDescription>Pistols fire extra bullets with each shot</SkillDescription>
  </Section>
  <Section>
    <Name>gd_Skills2_Brick.Action.A_Berserk</Name>
    <SkillName>Berserk</SkillName>
    <SkillDescription>Gain the ability to go Berserk.  While Berserk, &lt;StringAliasMap:Action.Fire&gt; and &lt;StringAliasMap:Action.Aim&gt; throw punches.  Also, you gain resistance to all damage and you regenerate health while Berserking.</SkillDescription>
  </Section>
  <Section>
    <Name>gd_Skills2_Brick.ActionElemental.CorrosivePunch</Name>
    <SkillName>Corrosive Punch</SkillName>
    <SkillDescription>Brick's punch deals Corrosive Damage</SkillDescription>
  </Section>
  <Section>
    <Name>gd_Skills2_Brick.ActionElemental.ExplosivePunch</Name>
    <SkillName>Explosive Punch</SkillName>
    <SkillDescription>Brick's punch deals Explosive Damage</SkillDescription>
  </Section>
  <Section>
    <Name>gd_Skills2_Brick.ActionElemental.IncendiaryPunch</Name>
    <SkillName>Incendiary Punch</SkillName>
    <SkillDescription>Brick's punch deals Incendiary Damage</SkillDescription>
  </Section>
  <Section>
    <Name>gd_Skills2_Brick.ActionElemental.ShockingPunch</Name>
    <SkillName>Shocking Punch</SkillName>
    <SkillDescription>Brick's punch deals Shocking Damage</SkillDescription>
  </Section>
  <Section>
    <Name>gd_Skills2_Brick.Adrenaline.Adrenaline_Brick</Name>
    <SkillName>Adrenaline - Roland</SkillName>
    <SkillDescription>Roland gains adrenaline when he damages enemies or if one of his friends gets crippled.</SkillDescription>
  </Section>
  <Section>
    <Name>gd_Skills2_Brick.Blaster.CastIron</Name>
    <SkillName>Cast Iron</SkillName>
    <SkillDescription>Increases your resistance to Explosive Damage.</SkillDescription>
  </Section>
  <Section>
    <Name>gd_Skills2_Brick.Blaster.Liquidate</Name>
    <SkillName>Liquidate</SkillName>
    <SkillDescription>Dealing Explosive Damage to an enemy reduces the cooldown of Berserk.</SkillDescription>
  </Section>
  <Section>
    <Name>gd_Skills2_Brick.Blaster.Liquidate_active</Name>
    <SkillName>Liquidate - active</SkillName>
    <SkillDescription>Killing an enemy with Explosive Damage provides an experience bonus and reduces the cooldown of Berserk. (BROKEN)</SkillDescription>
  </Section>
  <Section>
    <Name>gd_Skills2_Brick.Blaster.MasterBlaster</Name>
    <SkillName>Master Blaster</SkillName>
    <SkillDescription>Killing an enemy increases your Fire Rate with all weapons and causes you to regenerate rockets for a few seconds.</SkillDescription>
  </Section>
  <Section>
    <Name>gd_Skills2_Brick.Blaster.RapidReload</Name>
    <SkillName>Rapid Reload</SkillName>
    <SkillDescription>Increases your Reload Speed and reduces Recoil with all weapons.</SkillDescription>
  </Section>
  <Section>
    <Name>gd_Skills2_Brick.Blaster.Revenge</Name>
    <SkillName>Revenge</SkillName>
    <SkillDescription>Killing an enemy increases your damage with all weapons for a few seconds.</SkillDescription>
  </Section>
  <Section>
    <Name>gd_Skills2_Brick.Blaster.WideLoad</Name>
    <SkillName>Wide Load</SkillName>
    <SkillDescription>Increases the number of Rockets your Rocket Launcher can hold in its magazine.</SkillDescription>
  </Section>
  <Section>
    <Name>gd_Skills2_Brick.Brawler.BloodSport</Name>
    <SkillName>Blood Sport</SkillName>
    <SkillDescription>Killing an enemy while Berserk is active regenerates some of your health.</SkillDescription>
  </Section>
  <Section>
    <Name>gd_Skills2_Brick.Brawler.BloodSport_activated</Name>
    <SkillName>BloodSport - active</SkillName>
    <SkillDescription>While Berserk you gain increased damage with left handed attacks.</SkillDescription>
  </Section>
  <Section>
    <Name>gd_Skills2_Brick.Brawler.EndlessRage</Name>
    <SkillName>Endless Rage</SkillName>
    <SkillDescription>Increases the duration of Berserk.</SkillDescription>
  </Section>
  <Section>
    <Name>gd_Skills2_Brick.Brawler.HeavyHanded</Name>
    <SkillName>Heavy Handed</SkillName>
    <SkillDescription>Killing an enemy greatly increases your melee damage for a few seconds.</SkillDescription>
  </Section>
  <Section>
    <Name>gd_Skills2_Brick.Brawler.IronFist</Name>
    <SkillName>Iron Fist</SkillName>
    <SkillDescription>Increases the melee damage you deal.</SkillDescription>
  </Section>
  <Section>
    <Name>gd_Skills2_Brick.Brawler.PrizeFighter</Name>
    <SkillName>Prize Fighter</SkillName>
    <SkillDescription>While Berserk is active your melee attacks have a chance to spawn cash prizes.</SkillDescription>
  </Section>
  <Section>
    <Name>gd_Skills2_Brick.Brawler.ShortFuse</Name>
    <SkillName>Short Fuse</SkillName>
    <SkillDescription>Decreases the Cooldown of Berserk.</SkillDescription>
  </Section>
  <Section>
    <Name>gd_Skills2_Brick.Brawler.StingLikeaBee</Name>
    <SkillName>Sting like a Bee</SkillName>
    <SkillDescription>Punching while Berserk causes you to dash forward and slug your enemies.</SkillDescription>
  </Section>
  <Section>
    <Name>gd_Skills2_Brick.Tank.Bash</Name>
    <SkillName>Bash</SkillName>
    <SkillDescription>Gives your melee attacks a chance to Daze enemies, slowing them and reducing their accuracy.</SkillDescription>
  </Section>
  <Section>
    <Name>gd_Skills2_Brick.Tank.Diehard</Name>
    <SkillName>Diehard</SkillName>
    <SkillDescription>Increases the amount of health you regain when you are revived by a friend or by Second Wind.  Also increases the amount of time you have before you die when you are Crippled.</SkillDescription>
  </Section>
  <Section>
    <Name>gd_Skills2_Brick.Tank.Endowed</Name>
    <SkillName>Endowed</SkillName>
    <SkillDescription>Increases the Explosive Damage you deal.</SkillDescription>
  </Section>
  <Section>
    <Name>gd_Skills2_Brick.Tank.Hardened</Name>
    <SkillName>Hardened</SkillName>
    <SkillDescription>Increases your maximum health.</SkillDescription>
  </Section>
  <Section>
    <Name>gd_Skills2_Brick.Tank.Juggernaut</Name>
    <SkillName>Juggernaut</SkillName>
    <SkillDescription>Killing an enemy gives you resistance to all damage for a few seconds.</SkillDescription>
  </Section>
  <Section>
    <Name>gd_Skills2_Brick.Tank.PayBack</Name>
    <SkillName>Pay Back</SkillName>
    <SkillDescription>After your shields become depleted you gain a damage bonus for 10 seconds.</SkillDescription>
  </Section>
  <Section>
    <Name>gd_Skills2_Brick.Tank.PayBack_active</Name>
    <SkillName>Pay Back active</SkillName>
    <SkillDescription>damage bonus for the payback skill</SkillDescription>
  </Section>
  <Section>
    <Name>gd_Skills2_Brick.Tank.Safeguard</Name>
    <SkillName>Safeguard</SkillName>
    <SkillDescription>Increases the strength of your shield.</SkillDescription>
  </Section>
  <Section>
    <Name>gd_Skills2_Brick.Tank.Unbreakable</Name>
    <SkillName>Unbreakable</SkillName>
    <SkillDescription>When your shield is depleted you gain 5 seconds of powerful shield regeneration.</SkillDescription>
  </Section>
  <Section>
    <Name>gd_Skills2_Brick.Tank.Unbreakable_active</Name>
    <SkillName>Unbreakable_active</SkillName>
    <SkillDescription>Shield regeneration for Unbreakable</SkillDescription>
  </Section>
  <Section>
    <Name>gd_Skills2_Brick.z_DELETEDELETE.PrizeFighter_SpawnCash</Name>
    <SkillName>Prize Fighter - Spawn Cash</SkillName>
    <SkillDescription>While Berserk is active your melee attacks have a chance to spawn cash prizes.</SkillDescription>
  </Section>
</INI>