<?xml version="1.0" encoding="us-ascii"?>
<!--Comment-->
<INI>
  <Section>
    <Name>A_Item.INV_SDU_Ammo</Name>
    <UseFailureCharacterMessage>You must be a %s to use this item.</UseFailureCharacterMessage>
    <ItemName />
    <PickupMessage />
    <PickupMessageWithLevel>You got %s (Level %d)</PickupMessageWithLevel>
    <UseFailureLevelMessage>You must be at least level %d to use this item.</UseFailureLevelMessage>
    <UseFailureConstraintsMessage>You cannot use this item.</UseFailureConstraintsMessage>
    <NoManufacturerName>Generic</NoManufacturerName>
    <Presentation>sdu</Presentation>
  </Section>
  <Section>
    <Name>INV_InventorySpace.INV_InventorySpace</Name>
    <UseFailureCharacterMessage>You must be a %s to use this item.</UseFailureCharacterMessage>
    <ItemName>Backpack SDU</ItemName>
    <PickupMessage>Your Carrying Capacity has Expanded!</PickupMessage>
    <PickupMessageWithLevel>You got %s (Level %d)</PickupMessageWithLevel>
    <UseFailureLevelMessage>You must be at least level %d to use this item.</UseFailureLevelMessage>
    <UseFailureConstraintsMessage>You cannot use this item.</UseFailureConstraintsMessage>
    <NoManufacturerName>Generic</NoManufacturerName>
    <Description>Increases your backpack's carrying capacity.</Description>
    <NoConstraintText />
    <Suffix />
    <BaseRarity>170</BaseRarity>
    <Presentation>sdu</Presentation>
  </Section>
  <Section>
    <Name>INV_WeaponEquip.INV_WeaponEquip_Level_1</Name>
    <UseFailureCharacterMessage>You must be a %s to use this item.</UseFailureCharacterMessage>
    <ItemName>Weapon Equip Slot SDU</ItemName>
    <PickupMessage>Storage Deck Upgrade - Weapon Equip Slot</PickupMessage>
    <PickupMessageWithLevel>You got %s (Level %d)</PickupMessageWithLevel>
    <UseFailureLevelMessage>You must be at least level %d to use this item.</UseFailureLevelMessage>
    <UseFailureConstraintsMessage>You cannot use this item.</UseFailureConstraintsMessage>
    <NoManufacturerName>Generic</NoManufacturerName>
    <Description>Increases the number of weapons you can have equipped.</Description>
    <NoConstraintText />
    <Suffix />
    <BaseRarity>170</BaseRarity>
    <Presentation>sdu</Presentation>
  </Section>
  <Section>
    <Name>LeftSide.LeftSide_Level1</Name>
    <PartName />
    <Description>Level 1 Ammo Upgrade.</Description>
    <NoConstraintText />
    <Suffix />
    <Rarity>2</Rarity>
  </Section>
  <Section>
    <Name>LeftSide.LeftSide_Level2</Name>
    <PartName />
    <Description>Level 2 Ammo Upgrade.</Description>
    <NoConstraintText />
    <Suffix />
    <Rarity>5</Rarity>
  </Section>
  <Section>
    <Name>LeftSide.LeftSide_Level3</Name>
    <PartName />
    <Description>Level 3 Ammo Upgrade.</Description>
    <NoConstraintText />
    <Suffix />
    <Rarity>11</Rarity>
  </Section>
  <Section>
    <Name>LeftSide.LeftSide_Level4</Name>
    <PartName />
    <Description>Level 4 Ammo Upgrade.</Description>
    <NoConstraintText />
    <Suffix />
    <Rarity>16</Rarity>
  </Section>
  <Section>
    <Name>LeftSide.LeftSide_Level5</Name>
    <PartName />
    <Description>Level 5 Ammo Upgrade.</Description>
    <NoConstraintText />
    <Suffix />
    <Rarity>50</Rarity>
  </Section>
  <Section>
    <Name>LeftSide.LeftSide_Level6</Name>
    <PartName />
    <Description>Level 6 Ammo Upgrade.</Description>
    <NoConstraintText />
    <Suffix />
    <Rarity>61</Rarity>
  </Section>
  <Section>
    <Name>Prefix.Prefix_Grenade</Name>
    <PartName>Grenade SDU</PartName>
  </Section>
  <Section>
    <Name>Prefix.Prefix_Launcher</Name>
    <PartName>Launcher SDU</PartName>
  </Section>
  <Section>
    <Name>Prefix.Prefix_none</Name>
    <PartName>None</PartName>
  </Section>
  <Section>
    <Name>Prefix.Prefix_Repeater</Name>
    <PartName>Repeater Pistol SDU</PartName>
  </Section>
  <Section>
    <Name>Prefix.Prefix_Revolver</Name>
    <PartName>Revolver SDU</PartName>
  </Section>
  <Section>
    <Name>Prefix.Prefix_Rifle</Name>
    <PartName>Combat Rifle SDU</PartName>
  </Section>
  <Section>
    <Name>Prefix.Prefix_Shotgun</Name>
    <PartName>Shotgun SDU</PartName>
  </Section>
  <Section>
    <Name>Prefix.Prefix_SMG</Name>
    <PartName>SMG SDU</PartName>
  </Section>
  <Section>
    <Name>Prefix.Prefix_Sniper</Name>
    <PartName>Sniper SDU</PartName>
  </Section>
  <Section>
    <Name>RightSide.RightSide_Combat_Rifle</Name>
    <PartName />
  </Section>
  <Section>
    <Name>RightSide.RightSide_Grenade</Name>
    <PartName />
  </Section>
  <Section>
    <Name>RightSide.RightSide_Launcher</Name>
    <PartName />
  </Section>
  <Section>
    <Name>RightSide.RightSide_Repeater</Name>
    <PartName />
  </Section>
  <Section>
    <Name>RightSide.RightSide_Revolver</Name>
    <PartName />
  </Section>
  <Section>
    <Name>RightSide.RightSide_Shotgun</Name>
    <PartName />
  </Section>
  <Section>
    <Name>RightSide.RightSide_SMG</Name>
    <PartName />
  </Section>
  <Section>
    <Name>RightSide.RightSide_Sniper</Name>
    <PartName />
  </Section>
  <Section>
    <Name>Title.Title_AmmoStorageUpgrade</Name>
    <PartName>Ammo Storage Upgrade</PartName>
  </Section>
  <Section>
    <Name>Title.Title_Level_1</Name>
    <PartName>- Level 1</PartName>
  </Section>
  <Section>
    <Name>Title.Title_Level_2</Name>
    <PartName>- Level 2</PartName>
  </Section>
  <Section>
    <Name>Title.Title_Level_3</Name>
    <PartName>- Level 3</PartName>
  </Section>
  <Section>
    <Name>Title.Title_Level_4</Name>
    <PartName>- Level 4</PartName>
  </Section>
  <Section>
    <Name>Title.Title_Level_5</Name>
    <PartName>- Level 5</PartName>
  </Section>
  <Section>
    <Name>Title.Title_Level_6</Name>
    <PartName>- Level 6</PartName>
  </Section>
</INI>