<?xml version="1.0" encoding="us-ascii"?>
<!--Comment-->
<INI>
  <Section>
    <Name>gd_skills2_Mordecai.Action.A_LaunchBloodwing</Name>
    <SkillName>Bloodwing</SkillName>
    <SkillDescription>Gain the ability to send your pet Bloodwing out to attack an enemy and then return.</SkillDescription>
  </Section>
  <Section>
    <Name>gd_skills2_Mordecai.Action.BloodwingActualReturn</Name>
    <SkillName>Bloodwing Return</SkillName>
    <SkillDescription />
  </Section>
  <Section>
    <Name>gd_skills2_Mordecai.Action.BloodwingDelay</Name>
    <SkillName>Bloodwing Delay</SkillName>
    <SkillDescription />
  </Section>
  <Section>
    <Name>gd_skills2_Mordecai.Action.BloodwingManualReturn</Name>
    <SkillName>Bloodwing Return</SkillName>
    <SkillDescription />
  </Section>
  <Section>
    <Name>gd_skills2_Mordecai.ActionElemental.AcidWing</Name>
    <SkillName>Acid Wing</SkillName>
    <SkillDescription>The Bloodwing deals Corrosive Damage</SkillDescription>
  </Section>
  <Section>
    <Name>gd_skills2_Mordecai.ActionElemental.ExplosiveWing</Name>
    <SkillName>Explosive Wing</SkillName>
    <SkillDescription>The Bloodwing deals Explosive damage</SkillDescription>
  </Section>
  <Section>
    <Name>gd_skills2_Mordecai.ActionElemental.FireWing</Name>
    <SkillName>Fire Wing</SkillName>
    <SkillDescription>The Bloodwing deals Incendiary damage</SkillDescription>
  </Section>
  <Section>
    <Name>gd_skills2_Mordecai.ActionElemental.ShockWing</Name>
    <SkillName>Shock Wing</SkillName>
    <SkillDescription>The Bloodwing deals Shock damage</SkillDescription>
  </Section>
  <Section>
    <Name>gd_skills2_Mordecai.Adrenaline.Adrenaline_Mordecai</Name>
    <SkillName>Adrenaline - Mordecai</SkillName>
    <SkillDescription>Mordecai gains adrenaline when he kills an enemy.</SkillDescription>
  </Section>
  <Section>
    <Name>gd_skills2_Mordecai.Gunslinger.Deadly</Name>
    <SkillName>Deadly</SkillName>
    <SkillDescription>Increases Critical Hit damage.</SkillDescription>
  </Section>
  <Section>
    <Name>gd_skills2_Mordecai.Gunslinger.GunCrazy</Name>
    <SkillName>Gun Crazy</SkillName>
    <SkillDescription>When using pistols you have a chance to fire 2 shots with each pull of the trigger instead of just 1.</SkillDescription>
  </Section>
  <Section>
    <Name>gd_skills2_Mordecai.Gunslinger.HairTrigger</Name>
    <SkillName>Hair Trigger</SkillName>
    <SkillDescription>Increases Fire Rate and Magazine Size with pistols.</SkillDescription>
  </Section>
  <Section>
    <Name>gd_skills2_Mordecai.Gunslinger.LethalStrike</Name>
    <SkillName>Lethal Strike</SkillName>
    <SkillDescription>Increases melee damage.  Also, every melee attack has a 35% chance to be a Lethal Strike and deal extremely high damage.</SkillDescription>
  </Section>
  <Section>
    <Name>gd_skills2_Mordecai.Gunslinger.LethalStrike_Crit</Name>
    <SkillName>Lethal Strike_Crit</SkillName>
    <SkillDescription>Increases melee damage and gives every melee attack a chance to deal double damage. </SkillDescription>
  </Section>
  <Section>
    <Name>gd_skills2_Mordecai.Gunslinger.Predator</Name>
    <SkillName>Predator</SkillName>
    <SkillDescription>Decreases the cooldown of your pet Bloodwing.</SkillDescription>
  </Section>
  <Section>
    <Name>gd_skills2_Mordecai.Gunslinger.Relentless</Name>
    <SkillName>Relentless</SkillName>
    <SkillDescription>Killing an enemy increases your fire rate and gives every bullet fired a 25% chance to be a Killer Shot and deal additional damage.  This effect lasts a few seconds.</SkillDescription>
  </Section>
  <Section>
    <Name>gd_skills2_Mordecai.Gunslinger.Relentless_Crit</Name>
    <SkillName>Relentless_Crit</SkillName>
    <SkillDescription>Rushing increases your fire rate with all weapons and gives every bullet a chance to count as a critical hit regardless of where the bullet hit.  </SkillDescription>
  </Section>
  <Section>
    <Name>gd_skills2_Mordecai.Gunslinger.RiotousRemedy</Name>
    <SkillName>Riotous Remedy</SkillName>
    <SkillDescription>Killing an enemy gives you chaotic health regeneration for a few seconds.</SkillDescription>
  </Section>
  <Section>
    <Name>gd_skills2_Mordecai.Gunslinger.RiotousRemedy_HealthGain</Name>
    <SkillName>Riotous Remedy - Health Gain</SkillName>
    <SkillDescription>Killing an enemy provides a random amount of health.</SkillDescription>
  </Section>
  <Section>
    <Name>gd_skills2_Mordecai.Rogue.AerialImpact</Name>
    <SkillName>Aerial Impact</SkillName>
    <SkillDescription>Attacks from your Bloodwing can Daze enemies, reducing their movement speed and accuracy.</SkillDescription>
  </Section>
  <Section>
    <Name>gd_skills2_Mordecai.Rogue.BirdOfPrey</Name>
    <SkillName>Bird of Prey</SkillName>
    <SkillDescription>Increases the number of targets the Bloodwing can attack before returning.</SkillDescription>
  </Section>
  <Section>
    <Name>gd_skills2_Mordecai.Rogue.FastHands</Name>
    <SkillName>Fast Hands</SkillName>
    <SkillDescription>Increases Reload Speed with all weapon types.</SkillDescription>
  </Section>
  <Section>
    <Name>gd_skills2_Mordecai.Rogue.OutForBlood</Name>
    <SkillName>Out for Blood</SkillName>
    <SkillDescription>When your Bloodwing strikes an enemy you gain health based on the amount of damage done.</SkillDescription>
  </Section>
  <Section>
    <Name>gd_skills2_Mordecai.Rogue.Ransack</Name>
    <SkillName>Ransack</SkillName>
    <SkillDescription>Killling an enemy increases the amount of loot you get from other enemies killed for a few seconds.</SkillDescription>
  </Section>
  <Section>
    <Name>gd_skills2_Mordecai.Rogue.SwiftStrike</Name>
    <SkillName>Swift Strike</SkillName>
    <SkillDescription>Increases Bloodwing Damage and movement speed.</SkillDescription>
  </Section>
  <Section>
    <Name>gd_skills2_Mordecai.Rogue.Swipe</Name>
    <SkillName>Swipe</SkillName>
    <SkillDescription>The Bloodwing causes enemies to drop additional money, ammo, and healing items when it attacks.</SkillDescription>
  </Section>
  <Section>
    <Name>gd_skills2_Mordecai.Sniper.Caliber</Name>
    <SkillName>Caliber</SkillName>
    <SkillDescription>Increases damage with Sniper Rifles.</SkillDescription>
  </Section>
  <Section>
    <Name>gd_skills2_Mordecai.Sniper.CarrionCall</Name>
    <SkillName>Carrion Call</SkillName>
    <SkillDescription>Shooting an enemy with a Sniper Rifle reduces the cooldown of your Bloodwing.</SkillDescription>
  </Section>
  <Section>
    <Name>gd_skills2_Mordecai.Sniper.CarrionCall_activated</Name>
    <SkillName>Carrion Call - activated</SkillName>
    <SkillDescription>Hitting an enemy with a Sniper Rifle reduces the cooldown of Bloodwing.</SkillDescription>
  </Section>
  <Section>
    <Name>gd_skills2_Mordecai.Sniper.Focus</Name>
    <SkillName>Focus</SkillName>
    <SkillDescription>Increases accuracy with all weapon types.</SkillDescription>
  </Section>
  <Section>
    <Name>gd_skills2_Mordecai.Sniper.Killer</Name>
    <SkillName>Killer</SkillName>
    <SkillDescription>Killing an enemy increases your Damage and Reload Speed with all guns for a few seconds.</SkillDescription>
  </Section>
  <Section>
    <Name>gd_skills2_Mordecai.Sniper.Loaded</Name>
    <SkillName>Loaded</SkillName>
    <SkillDescription>Increases Magazine Capacity with Sniper Rifles.</SkillDescription>
  </Section>
  <Section>
    <Name>gd_skills2_Mordecai.Sniper.Smirk</Name>
    <SkillName>Smirk</SkillName>
    <SkillDescription>All players on your team (including you) gain additional experience when you kill an enemy with a Critical Hit.</SkillDescription>
  </Section>
  <Section>
    <Name>gd_skills2_Mordecai.Sniper.Smirk_active</Name>
    <SkillName>Smirk - active</SkillName>
    <SkillDescription>After killing an enemy with a Sniper Rifle the team gets a bonus to all experience gained for 10 seconds.</SkillDescription>
  </Section>
  <Section>
    <Name>gd_skills2_Mordecai.Sniper.Trespass</Name>
    <SkillName>Trespass</SkillName>
    <SkillDescription>Your bullets have a chance to ignore shields.  Also slightly increases Bullet Damage.</SkillDescription>
  </Section>
  <Section>
    <Name>gd_skills2_Mordecai.z_DELETEDELETE.Trespass_pistolDmg</Name>
    <SkillName>Tresspass_pistolDmg</SkillName>
    <SkillDescription>Increased pistol damage from the Trespass skill.</SkillDescription>
  </Section>
  <Section>
    <Name>gd_skills2_Mordecai.z_DELETEDELETE.z_DELETEDELETE</Name>
    <SkillName>Gun Crazy</SkillName>
    <SkillDescription>Pistols fire extra bullets with each shot</SkillDescription>
  </Section>
</INI>