<?xml version="1.0" encoding="us-ascii"?>
<!--Comment-->
<INI>
  <Section>
    <Name>A_Item.Item_FireGrenade_ForPsychos</Name>
    <UseFailureCharacterMessage>You must be a %s to use this item.</UseFailureCharacterMessage>
    <ItemName>Stock Grenade Modulator</ItemName>
    <PickupMessage>Acquired Stock Grenade Modulator.</PickupMessage>
    <PickupMessageWithLevel>You got %s (Level %d)</PickupMessageWithLevel>
    <UseFailureLevelMessage>You must be at least level %d to use this item.</UseFailureLevelMessage>
    <UseFailureConstraintsMessage>You cannot use this item.</UseFailureConstraintsMessage>
    <NoManufacturerName>Generic</NoManufacturerName>
    <Presentation>mod</Presentation>
  </Section>
  <Section>
    <Name>A_Item.Item_GrenadeModulator</Name>
    <UseFailureCharacterMessage>You must be a %s to use this item.</UseFailureCharacterMessage>
    <ItemName>Grenade Modulator</ItemName>
    <PickupMessage>Acquired Rubberized Grenade Modulator.</PickupMessage>
    <PickupMessageWithLevel>You got %s (Level %d)</PickupMessageWithLevel>
    <UseFailureLevelMessage>You must be at least level %d to use this item.</UseFailureLevelMessage>
    <UseFailureConstraintsMessage>You cannot use this item.</UseFailureConstraintsMessage>
    <NoManufacturerName>Generic</NoManufacturerName>
    <BaseRarity>6</BaseRarity>
    <Presentation>mod</Presentation>
  </Section>
  <Section>
    <Name>A_Item.Item_GrenadeModulator_Stock</Name>
    <UseFailureCharacterMessage>You must be a %s to use this item.</UseFailureCharacterMessage>
    <ItemName>Stock Grenade Modulator</ItemName>
    <PickupMessage>Acquired Stock Grenade Modulator.</PickupMessage>
    <PickupMessageWithLevel>You got %s (Level %d)</PickupMessageWithLevel>
    <UseFailureLevelMessage>You must be at least level %d to use this item.</UseFailureLevelMessage>
    <UseFailureConstraintsMessage>You cannot use this item.</UseFailureConstraintsMessage>
    <NoManufacturerName>Generic</NoManufacturerName>
    <Presentation>mod</Presentation>
  </Section>
  <Section>
    <Name>Body.body1_explosive</Name>
    <PartName />
    <Rarity>2</Rarity>
  </Section>
  <Section>
    <Name>Body.body2_incendiary</Name>
    <PartName />
    <Rarity>2</Rarity>
  </Section>
  <Section>
    <Name>Body.body3_corrosive</Name>
    <PartName />
    <Rarity>2</Rarity>
  </Section>
  <Section>
    <Name>Body.body4_shock</Name>
    <PartName />
    <Rarity>2</Rarity>
  </Section>
  <Section>
    <Name>Body.body5_notech</Name>
    <PartName />
    <Rarity>2</Rarity>
  </Section>
  <Section>
    <Name>Body.body6_explosive_rain</Name>
    <PartName />
    <Rarity>2</Rarity>
  </Section>
  <Section>
    <Name>Body.body7_incendiary_rain</Name>
    <PartName />
    <Rarity>2</Rarity>
  </Section>
  <Section>
    <Name>Body.body8_corrosive_rain</Name>
    <PartName />
    <Rarity>2</Rarity>
  </Section>
  <Section>
    <Name>Body.body9_shock_rain</Name>
    <PartName />
    <Rarity>2</Rarity>
  </Section>
  <Section>
    <Name>LeftSide.leftside1_Explosive</Name>
    <PartName />
    <Rarity>0</Rarity>
  </Section>
  <Section>
    <Name>LeftSide.leftsidenone</Name>
    <PartName />
    <Rarity>0</Rarity>
  </Section>
  <Section>
    <Name>ManufacturerMaterials.Material_Anshin_1</Name>
    <PartName />
    <Description>Transfusion grenades steal health from enemies and heal you.</Description>
    <NoConstraintText />
    <Suffix />
    <Description>Equip to thow Transfusion Grenades.</Description>
    <NoConstraintText />
    <Suffix />
    <Rarity>4</Rarity>
  </Section>
  <Section>
    <Name>ManufacturerMaterials.Material_Atlas_1</Name>
    <PartName>ATL-</PartName>
    <Description>Rain grenades throw themselves into the air and fire down on unsuspecting enemies below.</Description>
    <NoConstraintText />
    <Suffix />
    <Description>Equip to throw Rain Grenades.</Description>
    <NoConstraintText />
    <Suffix />
    <Rarity>6</Rarity>
  </Section>
  <Section>
    <Name>ManufacturerMaterials.Material_Dahl_1</Name>
    <PartName />
    <Description>Bouncing Bettie grenades pop up into the air before exploding.</Description>
    <NoConstraintText />
    <Suffix />
    <Description>Equip to throw Bouncing Bettie Grenades.</Description>
    <NoConstraintText />
    <Suffix />
    <Rarity>2</Rarity>
  </Section>
  <Section>
    <Name>ManufacturerMaterials.Material_Hyperion_1</Name>
    <PartName />
    <Description>Longbow grenades teleport to their destination and explode.</Description>
    <NoConstraintText />
    <Suffix />
    <Rarity>4</Rarity>
  </Section>
  <Section>
    <Name>ManufacturerMaterials.Material_Maliwan_1</Name>
    <PartName />
    <Description>Contact grenades explode after touching an enemy.</Description>
    <NoConstraintText />
    <Suffix />
    <Description>Equip to throw Contact Grenades.</Description>
    <NoConstraintText />
    <Suffix />
    <Rarity>2</Rarity>
  </Section>
  <Section>
    <Name>ManufacturerMaterials.Material_Pangolin_1</Name>
    <PartName />
    <Description>Rubberized grenades bounce off of all surfaces and explode when they touch an enemy.</Description>
    <NoConstraintText />
    <Suffix />
    <Description>Equip to throw Ruberized Grenades.</Description>
    <NoConstraintText />
    <Suffix />
    <Rarity>2</Rarity>
  </Section>
  <Section>
    <Name>ManufacturerMaterials.Material_SandS_1</Name>
    <PartName />
    <Description>Sticky grenades attach to surfaces and then explode after a few seconds.</Description>
    <NoConstraintText />
    <Suffix />
    <Description>Equip to throw Sticky Grenades.</Description>
    <NoConstraintText />
    <Suffix />
    <Rarity>2</Rarity>
  </Section>
  <Section>
    <Name>ManufacturerMaterials.Material_Tediore_1</Name>
    <PartName />
    <Description>Contact grenades explode after touching an enemy.</Description>
    <NoConstraintText />
    <Suffix />
    <Description>Equip to throw Contact Grenades.</Description>
    <NoConstraintText />
    <Suffix />
    <Rarity>0</Rarity>
  </Section>
  <Section>
    <Name>ManufacturerMaterials.Material_Torgue_1</Name>
    <PartName />
    <Description>When MIRV grenades explode, they throw out several more grenades.</Description>
    <NoConstraintText />
    <Suffix />
    <Description>Equip to throw MIRV Grenades.</Description>
    <NoConstraintText />
    <Suffix />
    <Rarity>4</Rarity>
  </Section>
  <Section>
    <Name>ManufacturerMaterials.Material_Vladof_1</Name>
    <PartName />
    <Description>Equip to throw Proximity Mines.</Description>
    <NoConstraintText />
    <Suffix />
    <Description>Proximity Mines wait to explode until an enemy gets close.</Description>
    <NoConstraintText />
    <Suffix />
    <Rarity>2</Rarity>
  </Section>
  <Section>
    <Name>Prefix.Prefix_Corrosive</Name>
    <PartName>Corrosive</PartName>
    <Rarity>2</Rarity>
  </Section>
  <Section>
    <Name>Prefix.Prefix_Explosive</Name>
    <PartName>Explosive</PartName>
    <Rarity>0</Rarity>
  </Section>
  <Section>
    <Name>Prefix.Prefix_Incendiary</Name>
    <PartName>Incendiary</PartName>
    <Rarity>2</Rarity>
  </Section>
  <Section>
    <Name>Prefix.Prefix_Shock</Name>
    <PartName>Shock</PartName>
    <Rarity>2</Rarity>
  </Section>
  <Section>
    <Name>RightSide.rightside1</Name>
    <PartName />
    <PartNumberAddend>10</PartNumberAddend>
    <Rarity>0</Rarity>
  </Section>
  <Section>
    <Name>RightSide.rightsidenone</Name>
    <PartName />
    <Rarity>0</Rarity>
  </Section>
  <Section>
    <Name>Title.Title_Bettie</Name>
    <PartName>Bouncing Bettie</PartName>
  </Section>
  <Section>
    <Name>Title.Title_Contact</Name>
    <PartName>Contact</PartName>
  </Section>
  <Section>
    <Name>Title.Title_LongBow</Name>
    <PartName>Longbow</PartName>
  </Section>
  <Section>
    <Name>Title.Title_MIRV</Name>
    <PartName>MIRV</PartName>
  </Section>
  <Section>
    <Name>Title.Title_MOD</Name>
    <PartName>MOD</PartName>
  </Section>
  <Section>
    <Name>Title.Title_Proximity</Name>
    <PartName>Proximity Mine</PartName>
  </Section>
  <Section>
    <Name>Title.Title_Rain</Name>
    <PartName>Rain</PartName>
  </Section>
  <Section>
    <Name>Title.Title_Rubberized</Name>
    <PartName>Rubberized</PartName>
  </Section>
  <Section>
    <Name>Title.Title_Sticky</Name>
    <PartName>Sticky</PartName>
  </Section>
  <Section>
    <Name>Title.Title_Tech</Name>
    <PartName>Tech</PartName>
  </Section>
  <Section>
    <Name>Title.Title_Transfusion</Name>
    <PartName>Transfusion</PartName>
  </Section>
</INI>