<?xml version="1.0" encoding="us-ascii"?>
<!--Comment-->
<INI>
  <Section>
    <Name>UniqueParts.TheMeatGringer_mag5</Name>
    <CashValueModifier>WeaponPartCost1_Common</CashValueModifier>
    <TechLevelIncrease>1</TechLevelIncrease>
    <Rarity>0</Rarity>
    <MaxAccuracy>-8.000000</MaxAccuracy>
    <WeaponClipSize>62.00000,MT_PreAdd</WeaponClipSize>
    <WeaponSpread>3.000000</WeaponSpread>
    <WeaponReloadSpeed>0.600000</WeaponReloadSpeed>
    <WeaponDamage>0.200000</WeaponDamage>
    <WeaponFireRate>-0.200000</WeaponFireRate>
    <PartNumberAddend>9</PartNumberAddend>
  </Section>
  <Section>
    <Name>UniqueParts.TheMeatGrinder_Material</Name>
    <CashValueModifier>WeaponPartCost3_Uncommoner</CashValueModifier>
    <Rarity>3</Rarity>
    <WeaponDamage>0.240000</WeaponDamage>
    <WeaponPerShotAccuracyImpulse>0.540000</WeaponPerShotAccuracyImpulse>
    <WeaponFireRate>-0.160000</WeaponFireRate>
    <WeaponSpread>0.350000</WeaponSpread>
  </Section>
  <Section>
    <Name>Title.TitleU_JaynisKobb_TheMeatGrinder</Name>
    <Description>War is in your blood</Description>
    <PartName>The Meat Grinder</PartName>
    <CashValueModifier>WeaponPartCost4_Rare</CashValueModifier>
    <Rarity>5</Rarity>
  </Section>
  <Section>
    <Name>Title.TitleM_Vladof_Revolution</Name>
    <Description>Guns of the Revolution will never fall silent!</Description>
    <PartName>Revolution</PartName>
    <CashValueModifier>WeaponPartCost1_Common</CashValueModifier>
    <Rarity>50</Rarity>
  </Section>
  <Section>
    <Name>Title.TitleM_Torgue_Bastard</Name>
    <Description>TORGUE!  Bastard Guns for Bastard People!</Description>
    <PartName>Bastard</PartName>
    <CashValueModifier>WeaponPartCost1_Common</CashValueModifier>
    <Rarity>50</Rarity>
  </Section>
  <Section>
    <Name>Title.TitleM_SandS_Draco</Name>
    <Description>Dragon Fire!</Description>
    <PartName>Draco</PartName>
    <CashValueModifier>WeaponPartCost1_Common</CashValueModifier>
    <Rarity>0</Rarity>
  </Section>
  <Section>
    <Name>Title.TitleM_Atlas_Ogre</Name>
    <Description>Ogre SMASH!</Description>
    <PartName>Ogre</PartName>
    <CashValueModifier>WeaponPartCost1_Common</CashValueModifier>
    <Rarity>50</Rarity>
  </Section>
  <Section>
    <Name>Title.Title_Firerate1_Havoc</Name>
    <PartName>Havoc</PartName>
    <CashValueModifier>WeaponPartCost2_Uncommon</CashValueModifier>
    <Rarity>1</Rarity>
    <WeaponClipSize>0.200000,None</WeaponClipSize>
  </Section>
  <Section>
    <Name>Title.Title_Damage1_Mauler</Name>
    <PartName>Mauler</PartName>
    <CashValueModifier>WeaponPartCost2_Uncommon</CashValueModifier>
    <Rarity>1</Rarity>
    <WeaponDamage>0.150000</WeaponDamage>
  </Section>
  <Section>
    <Name>Title.Title_Accuracy1_Massacre</Name>
    <PartName>Massacre</PartName>
    <CashValueModifier>WeaponPartCost2_Uncommon</CashValueModifier>
    <Rarity>1</Rarity>
    <WeaponPerShotAccuracyImpulse>-0.400000</WeaponPerShotAccuracyImpulse>
    <CardWeaponPerShotAccuracyImpulse>2.000000</CardWeaponPerShotAccuracyImpulse>
  </Section>
  <Section>
    <Name>Title.Title__MachineGun</Name>
    <PartName>Machine Gun</PartName>
    <CashValueModifier>WeaponPartCost1_Common</CashValueModifier>
    <Rarity>0</Rarity>
  </Section>
  <Section>
    <Name>Sight.sight_none</Name>
    <CashValueModifier>WeaponPartCost1_Common</CashValueModifier>
    <Rarity>0</Rarity>
  </Section>
  <Section>
    <Name>Sight.sight3</Name>
    <CashValueModifier>WeaponPartCost3_Uncommoner</CashValueModifier>
    <TechLevelIncrease>1</TechLevelIncrease>
    <Rarity>3</Rarity>
    <WeaponSpread>-0.300000</WeaponSpread>
  </Section>
  <Section>
    <Name>Sight.sight2</Name>
    <CashValueModifier>WeaponPartCost2_Uncommon</CashValueModifier>
    <Rarity>1</Rarity>
    <WeaponSpread>-0.200000</WeaponSpread>
  </Section>
  <Section>
    <Name>Sight.sight1</Name>
    <CashValueModifier>WeaponPartCost4_Rare</CashValueModifier>
    <Rarity>5</Rarity>
    <WeaponSpread>-0.350000</WeaponSpread>
  </Section>
  <Section>
    <Name>Prefix.Prefix_Quality3_Max</Name>
    <PartName>Max</PartName>
    <CashValueModifier>WeaponPartCost1_Common</CashValueModifier>
    <TechLevelIncrease>1</TechLevelIncrease>
    <Rarity>0</Rarity>
    <WeaponDamage>0.120000</WeaponDamage>
  </Section>
  <Section>
    <Name>Prefix.Prefix_Quality2_Heavy</Name>
    <PartName>Heavy</PartName>
    <CashValueModifier>WeaponPartCost1_Common</CashValueModifier>
    <TechLevelIncrease>1</TechLevelIncrease>
    <Rarity>0</Rarity>
    <WeaponDamage>0.090000</WeaponDamage>
  </Section>
  <Section>
    <Name>Prefix.Prefix_Quality1_Support</Name>
    <PartName>Support</PartName>
    <CashValueModifier>WeaponPartCost1_Common</CashValueModifier>
    <TechLevelIncrease>1</TechLevelIncrease>
    <Rarity>0</Rarity>
    <WeaponDamage>0.060000</WeaponDamage>
  </Section>
  <Section>
    <Name>Prefix.Prefix_Quality0_Light</Name>
    <PartName>Light</PartName>
    <CashValueModifier>WeaponPartCost1_Common</CashValueModifier>
    <Rarity>0</Rarity>
  </Section>
  <Section>
    <Name>Prefix.Prefix_Kick1_Glorious</Name>
    <PartName>Glorious</PartName>
    <CashValueModifier>WeaponPartCost2_Uncommon</CashValueModifier>
    <TechLevelIncrease>1</TechLevelIncrease>
    <Rarity>1</Rarity>
    <IdleAccuracyRegenRate>1.000000</IdleAccuracyRegenRate>
    <WeaponPerShotAccuracyImpulse>-1.000000</WeaponPerShotAccuracyImpulse>
    <WeaponClipSize>0.300000,None</WeaponClipSize>
    <CardWeaponPerShotAccuracyImpulse>2.000000</CardWeaponPerShotAccuracyImpulse>
  </Section>
  <Section>
    <Name>Prefix.Prefix_Damage1_Shattering</Name>
    <PartName>Shattering</PartName>
    <CashValueModifier>WeaponPartCost2_Uncommon</CashValueModifier>
    <Rarity>1</Rarity>
    <WeaponDamage>0.200000</WeaponDamage>
    <WeaponKnockback>0.500000</WeaponKnockback>
  </Section>
  <Section>
    <Name>Prefix.Prefix_AccuracyLow1_Rowdy</Name>
    <PartName>Rowdy</PartName>
    <CashValueModifier>WeaponPartCost2_Uncommon</CashValueModifier>
    <TechLevelIncrease>2</TechLevelIncrease>
    <Rarity>1</Rarity>
    <WeaponSpread>0.100000</WeaponSpread>
    <WeaponClipSize>0.300000,None</WeaponClipSize>
  </Section>
  <Section>
    <Name>Prefix.Prefix_Acc1_Frantic</Name>
    <PartName>Frantic</PartName>
    <CashValueModifier>WeaponPartCost1_Common</CashValueModifier>
    <Rarity>0</Rarity>
  </Section>
  <Section>
    <Name>mag.mag5_VladofRevolution</Name>
    <CashValueModifier>WeaponPartCost6_Legendary</CashValueModifier>
    <TechLevelIncrease>1</TechLevelIncrease>
    <Rarity>1</Rarity>
    <IdleAccuracyRegenRate>-1.000000</IdleAccuracyRegenRate>
    <WeaponClipSize>56.00000,MT_PreAdd</WeaponClipSize>
    <WeaponReloadSpeed>0.400000</WeaponReloadSpeed>
    <WeaponBurstCount>-3.000000</WeaponBurstCount>
    <WeaponFireRate>0.500000</WeaponFireRate>
    <WeaponDamage>0.180000</WeaponDamage>
    <WeaponPerShotAccuracyImpulse>-1.000000</WeaponPerShotAccuracyImpulse>
    <PartNumberAddend>60</PartNumberAddend>
  </Section>
  <Section>
    <Name>mag.mag5</Name>
    <CashValueModifier>WeaponPartCost4_Rare</CashValueModifier>
    <TechLevelIncrease>1</TechLevelIncrease>
    <Rarity>5</Rarity>
    <WeaponClipSize>24.00000,MT_PreAdd</WeaponClipSize>
    <WeaponReloadSpeed>0.350000</WeaponReloadSpeed>
    <WeaponDamage>0.180000</WeaponDamage>
    <PartNumberAddend>9</PartNumberAddend>
  </Section>
  <Section>
    <Name>mag.mag4</Name>
    <CashValueModifier>WeaponPartCost2_Uncommon</CashValueModifier>
    <Rarity>1</Rarity>
    <WeaponClipSize>12.00000,MT_PreAdd</WeaponClipSize>
    <WeaponReloadSpeed>0.250000</WeaponReloadSpeed>
    <WeaponDamage>0.150000</WeaponDamage>
    <PartNumberAddend>4</PartNumberAddend>
  </Section>
  <Section>
    <Name>mag.mag2</Name>
    <CashValueModifier>WeaponPartCost1_Common</CashValueModifier>
    <Rarity>0</Rarity>
    <WeaponReloadSpeed>-0.150000</WeaponReloadSpeed>
  </Section>
  <Section>
    <Name>Barrel.barrel4_Torgue_Bastard</Name>
    <PartName>Bastard</PartName>
    <CashValueModifier>WeaponPartCost6_Legendary</CashValueModifier>
    <TechLevelIncrease>2</TechLevelIncrease>
    <Rarity>3</Rarity>
    <WeaponDamage>0.800000</WeaponDamage>
    <WeaponClipSize>0.300000,None</WeaponClipSize>
    <WeaponPerShotAccuracyImpulse>0.500000</WeaponPerShotAccuracyImpulse>
    <WeaponSpread>0.300000</WeaponSpread>
    <PartNumberAddend>69</PartNumberAddend>
  </Section>
  <Section>
    <Name>acc.acc5_Atlas_Ogre_Explosive</Name>
    <PartName>Ogre</PartName>
    <CashValueModifier>WeaponPartCost6_Legendary</CashValueModifier>
    <TechLevelIncrease>10</TechLevelIncrease>
    <Rarity>3</Rarity>
    <WeaponDamage>0.150000</WeaponDamage>
    <PartNumberAddend>888</PartNumberAddend>
  </Section>
  <Section>
    <Name>acc.acc4_SandS_Draco_Incendiary</Name>
    <PartName>Draco</PartName>
    <CashValueModifier>WeaponPartCost6_Legendary</CashValueModifier>
    <TechLevelIncrease>10</TechLevelIncrease>
    <Rarity>3</Rarity>
    <IdleAccuracyRegenRate>-0.250000</IdleAccuracyRegenRate>
    <WeaponPerShotAccuracyImpulse>-0.250000</WeaponPerShotAccuracyImpulse>
    <WeaponSpread>-1.000000</WeaponSpread>
    <WeaponClipSize>0.800000,None</WeaponClipSize>
    <PartNumberAddend>4444</PartNumberAddend>
  </Section>
  <Section>
    <Name>acc.acc1_Shattering</Name>
    <CashValueModifier>WeaponPartCost3_Uncommoner</CashValueModifier>
    <Rarity>3</Rarity>
    <WeaponDamage>0.300000</WeaponDamage>
    <WeaponReloadSpeed>-0.600000</WeaponReloadSpeed>
    <PartNumberAddend>1111</PartNumberAddend>
  </Section>
  <Section>
    <Name>acc.acc1_Frantic</Name>
    <CashValueModifier>WeaponPartCost3_Uncommoner</CashValueModifier>
    <Rarity>3</Rarity>
    <WeaponFireRate>-0.300000</WeaponFireRate>
    <WeaponReloadSpeed>-0.600000</WeaponReloadSpeed>
    <PartNumberAddend>1111</PartNumberAddend>
  </Section>
  <Section>
    <Name>A_Weapon.WeaponType_support_machinegun</Name>
    <ClipSize>24</ClipSize>
    <Spread>2.400000</Spread>
    <PerShotAccuracyImpulse>2.200000</PerShotAccuracyImpulse>
    <FireRate>0.170000</FireRate>
    <ReloadTime>3.000000</ReloadTime>
    <MaxAccuracy>2.000000</MaxAccuracy>
    <IdleAccuracyRegenRate>2.000000</IdleAccuracyRegenRate>
    <ZoomMinAccuracy>-1.000000</ZoomMinAccuracy>
    <ZoomMaxAccuracy>-6.000000</ZoomMaxAccuracy>
    <BaseCashValueModifier>50</BaseCashValueModifier>
    <Presentation>ar</Presentation>
  </Section>
</INI>