<?xml version="1.0" encoding="us-ascii"?>
<!--Comment-->
<INI>
  <Section>
    <Name>UniqueParts.TheRoaster_Material</Name>
    <PartName> C</PartName>
    <CashValueModifier>WeaponPartCost4_Rare</CashValueModifier>
    <TechLevelIncrease>5</TechLevelIncrease>
    <Rarity>5</Rarity>
    <WeaponSpread>-0.230000</WeaponSpread>
    <WeaponReloadSpeed>-0.230000</WeaponReloadSpeed>
  </Section>
  <Section>
    <Name>UniqueParts.TheRoaster_acc5_Incendiary</Name>
    <PartName>The Roaster</PartName>
    <CashValueModifier>WeaponPartCost3_Uncommoner</CashValueModifier>
    <TechLevelIncrease>6</TechLevelIncrease>
    <Rarity>3</Rarity>
    <PartNumberAddend>88</PartNumberAddend>
  </Section>
  <Section>
    <Name>UniqueParts.Leviathan_Material</Name>
    <PartName> C</PartName>
    <CashValueModifier>WeaponPartCost4_Rare</CashValueModifier>
    <TechLevelIncrease>5</TechLevelIncrease>
    <Rarity>5</Rarity>
  </Section>
  <Section>
    <Name>UniqueParts.Leviathan_barrel1_3shot</Name>
    <CashValueModifier>WeaponPartCost3_Uncommoner</CashValueModifier>
    <Rarity>3</Rarity>
    <WeaponClipSize>4.000000,MT_PreAdd</WeaponClipSize>
    <WeaponDamage>-0.200000</WeaponDamage>
    <WeaponReloadSpeed>-0.500000</WeaponReloadSpeed>
    <WeaponFireRate>-0.800000</WeaponFireRate>
  </Section>
  <Section>
    <Name>Title.TitleU_TaylorKobb_TheRoaster</Name>
    <Description>Gonna cook someone today</Description>
    <PartName>The Roaster</PartName>
    <CashValueModifier>WeaponPartCost4_Rare</CashValueModifier>
    <Rarity>5</Rarity>
  </Section>
  <Section>
    <Name>Title.TitleU_Retail_Leviathan</Name>
    <Description>It rises!</Description>
    <PartName>Leviathan</PartName>
    <CashValueModifier>WeaponPartCost4_Rare</CashValueModifier>
    <Rarity>5</Rarity>
  </Section>
  <Section>
    <Name>Title.TitleM_Vladof1_Mongol</Name>
    <Description>Beware the Horde!</Description>
    <PartName>Mongol</PartName>
    <CashValueModifier>WeaponPartCost1_Common</CashValueModifier>
    <Rarity>50</Rarity>
  </Section>
  <Section>
    <Name>Title.TitleM_Torgue1_Redemption</Name>
    <Description>Monster Kill!</Description>
    <PartName>Redemption</PartName>
    <CashValueModifier>WeaponPartCost1_Common</CashValueModifier>
    <Rarity>50</Rarity>
  </Section>
  <Section>
    <Name>Title.TitleM_Maliwan1_Rhino</Name>
    <Description>The Unstoppable Force</Description>
    <PartName>Rhino</PartName>
    <CashValueModifier>WeaponPartCost1_Common</CashValueModifier>
    <Rarity>50</Rarity>
  </Section>
  <Section>
    <Name>Title.TitleM_Hyperion1_Nidhogg</Name>
    <Description>Death rains from above</Description>
    <Description>Airburst Rockets</Description>
    <PartName>Nidhogg</PartName>
    <CashValueModifier>WeaponPartCost1_Common</CashValueModifier>
    <Rarity>50</Rarity>
  </Section>
  <Section>
    <Name>Title.Title_RocketLauncher</Name>
    <PartName>Rocket Launcher</PartName>
    <CashValueModifier>WeaponPartCost1_Common</CashValueModifier>
    <Rarity>0</Rarity>
  </Section>
  <Section>
    <Name>Title.Title_Damage1_Destructor</Name>
    <PartName>Destructor</PartName>
    <CashValueModifier>WeaponPartCost1_Common</CashValueModifier>
    <Rarity>0</Rarity>
    <WeaponDamage>0.150000</WeaponDamage>
    <WeaponKnockback>1.000000</WeaponKnockback>
  </Section>
  <Section>
    <Name>Title.Title_Accuracy1_Harpoon</Name>
    <PartName>Harpoon</PartName>
    <CashValueModifier>WeaponPartCost1_Common</CashValueModifier>
    <Rarity>0</Rarity>
    <MinAccuracy>-0.200000</MinAccuracy>
    <WeaponSpread>-0.300000</WeaponSpread>
  </Section>
  <Section>
    <Name>Title.Title__Launcher</Name>
    <PartName>Launcher</PartName>
    <CashValueModifier>WeaponPartCost1_Common</CashValueModifier>
    <Rarity>0</Rarity>
  </Section>
  <Section>
    <Name>Stock.stock5</Name>
    <PartNumberAddend>70</PartNumberAddend>
    <CashValueModifier>WeaponPartCost4_Rare</CashValueModifier>
    <Rarity>5</Rarity>
    <MinAccuracy>-0.400000</MinAccuracy>
    <MaxAccuracy>-0.400000</MaxAccuracy>
    <IdleAccuracyRegenRate>0.800000</IdleAccuracyRegenRate>
    <WeaponPerShotAccuracyImpulse>-1.000000</WeaponPerShotAccuracyImpulse>
    <ZoomMinAccuracy>-1.000000</ZoomMinAccuracy>
    <ZoomMaxAccuracy>-1.000000</ZoomMaxAccuracy>
    <ZoomAccuracyImpuse>-0.500000</ZoomAccuracyImpuse>
  </Section>
  <Section>
    <Name>Stock.stock4</Name>
    <PartNumberAddend>50</PartNumberAddend>
    <CashValueModifier>WeaponPartCost3_Uncommoner</CashValueModifier>
    <Rarity>3</Rarity>
    <MinAccuracy>-0.300000</MinAccuracy>
    <MaxAccuracy>-0.300000</MaxAccuracy>
    <IdleAccuracyRegenRate>0.600000</IdleAccuracyRegenRate>
    <WeaponPerShotAccuracyImpulse>-0.800000</WeaponPerShotAccuracyImpulse>
    <WeaponReloadSpeed>0.200000</WeaponReloadSpeed>
    <ZoomMinAccuracy>-0.700000</ZoomMinAccuracy>
    <ZoomMaxAccuracy>-0.700000</ZoomMaxAccuracy>
    <ZoomAccuracyImpuse>-0.400000</ZoomAccuracyImpuse>
  </Section>
  <Section>
    <Name>Stock.stock3</Name>
    <PartNumberAddend>20</PartNumberAddend>
    <CashValueModifier>WeaponPartCost2_Uncommon</CashValueModifier>
    <Rarity>1</Rarity>
    <MinAccuracy>-0.200000</MinAccuracy>
    <MaxAccuracy>-0.200000</MaxAccuracy>
    <IdleAccuracyRegenRate>0.400000</IdleAccuracyRegenRate>
    <WeaponPerShotAccuracyImpulse>-0.300000</WeaponPerShotAccuracyImpulse>
    <ZoomMinAccuracy>-0.500000</ZoomMinAccuracy>
    <ZoomMaxAccuracy>-0.500000</ZoomMaxAccuracy>
    <ZoomAccuracyImpuse>-0.300000</ZoomAccuracyImpuse>
  </Section>
  <Section>
    <Name>Stock.stock2</Name>
    <PartNumberAddend>10</PartNumberAddend>
    <CashValueModifier>WeaponPartCost1_Common</CashValueModifier>
    <Rarity>0</Rarity>
    <MinAccuracy>-0.100000</MinAccuracy>
    <MaxAccuracy>-0.100000</MaxAccuracy>
    <IdleAccuracyRegenRate>0.200000</IdleAccuracyRegenRate>
    <WeaponPerShotAccuracyImpulse>-0.400000</WeaponPerShotAccuracyImpulse>
    <WeaponReloadSpeed>0.300000</WeaponReloadSpeed>
    <ZoomMinAccuracy>-0.300000</ZoomMinAccuracy>
    <ZoomMaxAccuracy>-0.300000</ZoomMaxAccuracy>
    <ZoomAccuracyImpuse>-0.200000</ZoomAccuracyImpuse>
  </Section>
  <Section>
    <Name>Stock.stock1</Name>
    <CashValueModifier>WeaponPartCost1_Common</CashValueModifier>
    <Rarity>0</Rarity>
    <IdleAccuracyRegenRate>0.200000</IdleAccuracyRegenRate>
    <ZoomMaxAccuracy>-0.300000</ZoomMaxAccuracy>
    <ZoomAccuracyImpuse>-0.300000</ZoomAccuracyImpuse>
  </Section>
  <Section>
    <Name>Sight.sight_none</Name>
    <CashValueModifier>WeaponPartCost1_Common</CashValueModifier>
    <Rarity>0</Rarity>
  </Section>
  <Section>
    <Name>Sight.sight5</Name>
    <CashValueModifier>WeaponPartCost5_VeryRare</CashValueModifier>
    <Rarity>8</Rarity>
    <WeaponSpread>-0.700000</WeaponSpread>
  </Section>
  <Section>
    <Name>Sight.sight4</Name>
    <CashValueModifier>WeaponPartCost4_Rare</CashValueModifier>
    <Rarity>5</Rarity>
    <WeaponSpread>-0.500000</WeaponSpread>
  </Section>
  <Section>
    <Name>Sight.sight3</Name>
    <CashValueModifier>WeaponPartCost3_Uncommoner</CashValueModifier>
    <TechLevelIncrease>1</TechLevelIncrease>
    <Rarity>3</Rarity>
    <WeaponSpread>-0.300000</WeaponSpread>
  </Section>
  <Section>
    <Name>Sight.sight2</Name>
    <CashValueModifier>WeaponPartCost2_Uncommon</CashValueModifier>
    <Rarity>1</Rarity>
    <WeaponSpread>-0.200000</WeaponSpread>
  </Section>
  <Section>
    <Name>Sight.sight1</Name>
    <CashValueModifier>WeaponPartCost1_Common</CashValueModifier>
    <Rarity>0</Rarity>
    <WeaponSpread>-0.150000</WeaponSpread>
  </Section>
  <Section>
    <Name>Prefix.Prefix_Quality3_Colossal</Name>
    <PartName>Colossal</PartName>
    <CashValueModifier>WeaponPartCost1_Common</CashValueModifier>
    <TechLevelIncrease>1</TechLevelIncrease>
    <Rarity>0</Rarity>
    <WeaponDamage>0.120000</WeaponDamage>
  </Section>
  <Section>
    <Name>Prefix.Prefix_Quality2_Massive</Name>
    <PartName>Massive</PartName>
    <CashValueModifier>WeaponPartCost1_Common</CashValueModifier>
    <TechLevelIncrease>1</TechLevelIncrease>
    <Rarity>0</Rarity>
    <WeaponDamage>0.090000</WeaponDamage>
  </Section>
  <Section>
    <Name>Prefix.Prefix_Quality1_Big</Name>
    <PartName>Big</PartName>
    <CashValueModifier>WeaponPartCost1_Common</CashValueModifier>
    <TechLevelIncrease>1</TechLevelIncrease>
    <Rarity>0</Rarity>
    <WeaponDamage>0.060000</WeaponDamage>
  </Section>
  <Section>
    <Name>Prefix.Prefix_Basic1_Rocket</Name>
    <PartName>Rocket</PartName>
    <CashValueModifier>WeaponPartCost1_Common</CashValueModifier>
    <Rarity>0</Rarity>
  </Section>
  <Section>
    <Name>Prefix.Prefix_Barrel_Triple</Name>
    <PartName>Triple</PartName>
    <CashValueModifier>WeaponPartCost1_Common</CashValueModifier>
    <Rarity>0</Rarity>
  </Section>
  <Section>
    <Name>Prefix.Prefix_Barrel_Spread</Name>
    <PartName>Spread</PartName>
    <CashValueModifier>WeaponPartCost1_Common</CashValueModifier>
    <Rarity>0</Rarity>
  </Section>
  <Section>
    <Name>Prefix.Prefix_Barrel_Helix</Name>
    <PartName>Helix</PartName>
    <CashValueModifier>WeaponPartCost1_Common</CashValueModifier>
    <Rarity>0</Rarity>
  </Section>
  <Section>
    <Name>Prefix.Prefix_Acc4_Devastating</Name>
    <PartName>Devastating</PartName>
    <CashValueModifier>WeaponPartCost1_Common</CashValueModifier>
    <Rarity>0</Rarity>
  </Section>
  <Section>
    <Name>Prefix.Prefix_Acc2_Evil</Name>
    <PartName>Evil</PartName>
    <CashValueModifier>WeaponPartCost1_Common</CashValueModifier>
    <Rarity>0</Rarity>
  </Section>
  <Section>
    <Name>Prefix.Prefix_Acc1_Recoiless</Name>
    <PartName>Recoiless</PartName>
    <CashValueModifier>WeaponPartCost1_Common</CashValueModifier>
    <Rarity>0</Rarity>
  </Section>
  <Section>
    <Name>mag.mag5</Name>
    <PartNumberAddend>7</PartNumberAddend>
    <CashValueModifier>WeaponPartCost4_Rare</CashValueModifier>
    <Rarity>5</Rarity>
    <WeaponClipSize>0.250000,None</WeaponClipSize>
    <WeaponReloadSpeed>-0.400000</WeaponReloadSpeed>
  </Section>
  <Section>
    <Name>mag.mag4</Name>
    <PartNumberAddend>6</PartNumberAddend>
    <CashValueModifier>WeaponPartCost3_Uncommoner</CashValueModifier>
    <Rarity>3</Rarity>
    <WeaponDamage>0.150000</WeaponDamage>
    <WeaponReloadSpeed>0.300000</WeaponReloadSpeed>
  </Section>
  <Section>
    <Name>mag.mag3</Name>
    <PartNumberAddend>2</PartNumberAddend>
    <CashValueModifier>WeaponPartCost2_Uncommon</CashValueModifier>
    <Rarity>1</Rarity>
    <WeaponReloadSpeed>-0.300000</WeaponReloadSpeed>
  </Section>
  <Section>
    <Name>mag.mag2</Name>
    <PartNumberAddend>1</PartNumberAddend>
    <CashValueModifier>WeaponPartCost1_Common</CashValueModifier>
    <Rarity>0</Rarity>
  </Section>
  <Section>
    <Name>mag.mag1</Name>
    <CashValueModifier>WeaponPartCost1_Common</CashValueModifier>
    <Rarity>0</Rarity>
    <WeaponReloadSpeed>-0.100000</WeaponReloadSpeed>
  </Section>
  <Section>
    <Name>Grip.grip5</Name>
    <PartName>Atlas</PartName>
    <CashValueModifier>WeaponPartCost1_Common</CashValueModifier>
    <Rarity>0</Rarity>
  </Section>
  <Section>
    <Name>Grip.grip4</Name>
    <PartName>Torgue</PartName>
    <CashValueModifier>WeaponPartCost1_Common</CashValueModifier>
    <Rarity>0</Rarity>
  </Section>
  <Section>
    <Name>Grip.grip3_Gearbox</Name>
    <PartName>Maliwan</PartName>
    <CashValueModifier>WeaponPartCost1_Common</CashValueModifier>
    <Rarity>0</Rarity>
  </Section>
  <Section>
    <Name>Grip.grip3</Name>
    <PartName>Maliwan</PartName>
    <CashValueModifier>WeaponPartCost1_Common</CashValueModifier>
    <Rarity>0</Rarity>
  </Section>
  <Section>
    <Name>Grip.grip2</Name>
    <PartName>Dahl</PartName>
    <CashValueModifier>WeaponPartCost1_Common</CashValueModifier>
    <Rarity>0</Rarity>
  </Section>
  <Section>
    <Name>Grip.grip1</Name>
    <PartName>Vladof</PartName>
    <CashValueModifier>WeaponPartCost1_Common</CashValueModifier>
    <Rarity>0</Rarity>
  </Section>
  <Section>
    <Name>Body.body5</Name>
    <PartName>RWL</PartName>
    <CashValueModifier>WeaponPartCost4_Rare</CashValueModifier>
    <TechLevelIncrease>1</TechLevelIncrease>
    <Rarity>5</Rarity>
    <WeaponFireRate>-0.500000</WeaponFireRate>
    <WeaponDamage>0.200000</WeaponDamage>
    <WeaponPerShotAccuracyImpulse>-0.200000</WeaponPerShotAccuracyImpulse>
  </Section>
  <Section>
    <Name>Body.body3</Name>
    <PartName>SPC</PartName>
    <CashValueModifier>WeaponPartCost2_Uncommon</CashValueModifier>
    <TechLevelIncrease>3</TechLevelIncrease>
    <Rarity>1</Rarity>
    <WeaponFireRate>-0.300000</WeaponFireRate>
    <WeaponDamage>-0.150000</WeaponDamage>
    <WeaponPerShotAccuracyImpulse>-0.300000</WeaponPerShotAccuracyImpulse>
  </Section>
  <Section>
    <Name>Body.body1</Name>
    <PartName>RPG</PartName>
    <CashValueModifier>WeaponPartCost1_Common</CashValueModifier>
    <Rarity>0</Rarity>
    <WeaponDamage>-0.080000</WeaponDamage>
  </Section>
  <Section>
    <Name>Barrel.barrel4_Torgue_Redemption</Name>
    <PartName>Redemption</PartName>
    <CashValueModifier>WeaponPartCost6_Legendary</CashValueModifier>
    <TechLevelIncrease>2</TechLevelIncrease>
    <Rarity>3</Rarity>
    <WeaponClipSize>2.000000,MT_PreAdd</WeaponClipSize>
    <WeaponDamage>1.200000</WeaponDamage>
  </Section>
  <Section>
    <Name>Barrel.barrel4_1shot</Name>
    <CashValueModifier>WeaponPartCost2_Uncommon</CashValueModifier>
    <Rarity>1</Rarity>
    <WeaponClipSize>-1.000000,MT_PreAdd</WeaponClipSize>
    <WeaponDamage>0.250000</WeaponDamage>
  </Section>
  <Section>
    <Name>Barrel.barrel2_Maliwan_Rhino</Name>
    <CashValueModifier>WeaponPartCost6_Legendary</CashValueModifier>
    <TechLevelIncrease>4</TechLevelIncrease>
    <Rarity>3</Rarity>
  </Section>
  <Section>
    <Name>Barrel.barrel2_Hyperion_Nidhogg</Name>
    <PartName>Nidhogg</PartName>
    <CashValueModifier>WeaponPartCost6_Legendary</CashValueModifier>
    <TechLevelIncrease>5</TechLevelIncrease>
    <Rarity>3</Rarity>
    <WeaponReloadSpeed>-0.750000</WeaponReloadSpeed>
    <WeaponDamage>1.000000</WeaponDamage>
    <PartNumberAddend>33</PartNumberAddend>
  </Section>
  <Section>
    <Name>Barrel.barrel2_2shot</Name>
    <CashValueModifier>WeaponPartCost1_Common</CashValueModifier>
    <Rarity>0</Rarity>
  </Section>
  <Section>
    <Name>Barrel.barrel1_Vladof_Mongol</Name>
    <CashValueModifier>WeaponPartCost6_Legendary</CashValueModifier>
    <TechLevelIncrease>2</TechLevelIncrease>
    <Rarity>1</Rarity>
    <WeaponClipSize>7.000000,MT_PreAdd</WeaponClipSize>
    <WeaponDamage>-0.200000</WeaponDamage>
  </Section>
  <Section>
    <Name>Barrel.barrel1_triple</Name>
    <CashValueModifier>WeaponPartCost2_Uncommon</CashValueModifier>
    <Rarity>1</Rarity>
    <WeaponClipSize>1.000000,MT_PreAdd</WeaponClipSize>
    <WeaponDamage>-0.200000</WeaponDamage>
    <WeaponBurstCount>3.000000</WeaponBurstCount>
    <WeaponFireRate>-3.000000</WeaponFireRate>
    <WeaponSpread>2.000000</WeaponSpread>
  </Section>
  <Section>
    <Name>Barrel.barrel1_spread</Name>
    <CashValueModifier>WeaponPartCost3_Uncommoner</CashValueModifier>
    <Rarity>3</Rarity>
    <WeaponClipSize>3.000000,MT_PreAdd</WeaponClipSize>
    <WeaponDamage>-0.200000</WeaponDamage>
    <WeaponBurstCount>5.000000</WeaponBurstCount>
    <WeaponFireRate>-6.000000</WeaponFireRate>
  </Section>
  <Section>
    <Name>Barrel.barrel1_helix</Name>
    <CashValueModifier>WeaponPartCost2_Uncommon</CashValueModifier>
    <Rarity>1</Rarity>
    <WeaponClipSize>1.000000,MT_PreAdd</WeaponClipSize>
    <WeaponDamage>-0.200000</WeaponDamage>
    <WeaponProjectiles>2.000000,MT_PreAdd</WeaponProjectiles>
  </Section>
  <Section>
    <Name>Barrel.barrel1_3shot</Name>
    <CashValueModifier>WeaponPartCost3_Uncommoner</CashValueModifier>
    <Rarity>3</Rarity>
    <WeaponClipSize>1.000000,MT_PreAdd</WeaponClipSize>
    <WeaponDamage>-0.200000</WeaponDamage>
  </Section>
  <Section>
    <Name>acc.acc_none</Name>
    <CashValueModifier>WeaponPartCost1_Common</CashValueModifier>
    <Rarity>0</Rarity>
  </Section>
  <Section>
    <Name>acc.acc5_Incendiary</Name>
    <PartName>Incendiary</PartName>
    <CashValueModifier>WeaponPartCost3_Uncommoner</CashValueModifier>
    <TechLevelIncrease>2</TechLevelIncrease>
    <Rarity>3</Rarity>
    <PartNumberAddend>88</PartNumberAddend>
  </Section>
  <Section>
    <Name>acc.acc5_Explosive</Name>
    <PartName>Explosive</PartName>
    <CashValueModifier>WeaponPartCost3_Uncommoner</CashValueModifier>
    <Rarity>3</Rarity>
    <PartNumberAddend>88</PartNumberAddend>
  </Section>
  <Section>
    <Name>acc.acc4_Devastating</Name>
    <PartName>Devastating</PartName>
    <CashValueModifier>WeaponPartCost3_Uncommoner</CashValueModifier>
    <TechLevelIncrease>1</TechLevelIncrease>
    <Rarity>3</Rarity>
    <WeaponDamage>0.350000</WeaponDamage>
  </Section>
  <Section>
    <Name>acc.acc3_Shock</Name>
    <PartName>Shock</PartName>
    <CashValueModifier>WeaponPartCost3_Uncommoner</CashValueModifier>
    <TechLevelIncrease>2</TechLevelIncrease>
    <Rarity>3</Rarity>
    <PartNumberAddend>88</PartNumberAddend>
  </Section>
  <Section>
    <Name>acc.acc3_Corrosive</Name>
    <PartName>Corrosive</PartName>
    <CashValueModifier>WeaponPartCost3_Uncommoner</CashValueModifier>
    <TechLevelIncrease>2</TechLevelIncrease>
    <Rarity>3</Rarity>
    <PartNumberAddend>88</PartNumberAddend>
  </Section>
  <Section>
    <Name>acc.acc2_Evil</Name>
    <PartName>Evil</PartName>
    <CashValueModifier>WeaponPartCost3_Uncommoner</CashValueModifier>
    <TechLevelIncrease>2</TechLevelIncrease>
    <Rarity>3</Rarity>
    <MinAccuracy>-1.000000</MinAccuracy>
  </Section>
  <Section>
    <Name>acc.acc1_Recoiless</Name>
    <PartName>Recoiless</PartName>
    <CashValueModifier>WeaponPartCost3_Uncommoner</CashValueModifier>
    <Rarity>3</Rarity>
    <MinAccuracy>-0.500000</MinAccuracy>
    <WeaponPerShotAccuracyImpulse>-3.000000</WeaponPerShotAccuracyImpulse>
    <WeaponSpread>-3.000000</WeaponSpread>
  </Section>
  <Section>
    <Name>A_Weapon.WeaponType_rocket_launcher</Name>
    <ClipSize>2</ClipSize>
    <WeaponDamageFormulaMultiplier>7.000000</WeaponDamageFormulaMultiplier>
    <Spread>1.000000</Spread>
    <PerShotAccuracyImpulse>6.000000</PerShotAccuracyImpulse>
    <FireRate>1.500000</FireRate>
    <ReloadTime>3.500000</ReloadTime>
    <IdleAccuracyRegenRate>Attribut</IdleAccuracyRegenRate>
    <ZoomMinAccuracy>Attribut</ZoomMinAccuracy>
    <ZoomMaxAccuracy>-4.000000</ZoomMaxAccuracy>
    <BaseCashValueModifier>60</BaseCashValueModifier>
    <Presentation>rocket</Presentation>
  </Section>
</INI>