<?xml version="1.0" encoding="us-ascii"?>
<!--Comment-->
<INI>
  <Section>
    <Name>UniqueParts.TheSpy_sight4</Name>
    <CashValueModifier>WeaponPartCost0_Cheap</CashValueModifier>
    <Rarity>0</Rarity>
    <WeaponSpread>-0.500000</WeaponSpread>
    <WeaponCritBonus>4.000000</WeaponCritBonus>
  </Section>
  <Section>
    <Name>UniqueParts.TheSpy_Material</Name>
    <CashValueModifier>WeaponPartCost0_Cheap</CashValueModifier>
    <Rarity>0</Rarity>
    <IdleAccuracyRegenRate>-0.230000</IdleAccuracyRegenRate>
    <MaxAccuracy>-0.600000</MaxAccuracy>
    <MinAccuracy>0.150000</MinAccuracy>
    <WeaponPerShotAccuracyImpulse>-0.200000</WeaponPerShotAccuracyImpulse>
    <WeaponSpread>0.200000</WeaponSpread>
    <CardWeaponPerShotAccuracyImpulse>3.000000</CardWeaponPerShotAccuracyImpulse>
  </Section>
  <Section>
    <Name>UniqueParts.BoneShredder_Material</Name>
    <PartName>-A</PartName>
    <CashValueModifier>WeaponPartCost3_Uncommoner</CashValueModifier>
    <Rarity>3</Rarity>
    <WeaponDamage>-0.140000</WeaponDamage>
    <WeaponSpread>0.250000</WeaponSpread>
    <WeaponReloadSpeed>-1.000000</WeaponReloadSpeed>
  </Section>
  <Section>
    <Name>UniqueParts.BoneShredder_mag5</Name>
    <CashValueModifier>WeaponPartCost1_Common</CashValueModifier>
    <TechLevelIncrease>1</TechLevelIncrease>
    <Rarity>0</Rarity>
    <WeaponClipSize>22.00000,MT_PreAdd</WeaponClipSize>
    <WeaponReloadSpeed>0.400000</WeaponReloadSpeed>
    <PartNumberAddend>5</PartNumberAddend>
  </Section>
  <Section>
    <Name>Title.TitleU_Retail_TheSpy</Name>
    <Description>I spy with my little eye...</Description>
    <PartName>The Spy</PartName>
    <CashValueModifier>WeaponPartCost0_Cheap</CashValueModifier>
    <Rarity>5</Rarity>
  </Section>
  <Section>
    <Name>Title.TitleU_Bonehead_BoneShredder</Name>
    <Description>The lead wind blows</Description>
    <PartName>Bone Shredder</PartName>
    <CashValueModifier>WeaponPartCost4_Rare</CashValueModifier>
    <Rarity>5</Rarity>
  </Section>
  <Section>
    <Name>Title.TitleM_Torgue1_Gasher</Name>
    <Description>Tear it up</Description>
    <PartName>Gasher</PartName>
    <CashValueModifier>WeaponPartCost1_Common</CashValueModifier>
    <Rarity>50</Rarity>
  </Section>
  <Section>
    <Name>Title.TitleM_Tediore1_Savior</Name>
    <Description>Hallelujah</Description>
    <PartName>Savior</PartName>
    <CashValueModifier>WeaponPartCost1_Common</CashValueModifier>
    <Rarity>50</Rarity>
  </Section>
  <Section>
    <Name>Title.TitleM_Maliwan1_HellFire</Name>
    <Description>We don't need no water...</Description>
    <PartName>HellFire</PartName>
    <CashValueModifier>WeaponPartCost1_Common</CashValueModifier>
    <Rarity>50</Rarity>
  </Section>
  <Section>
    <Name>Title.TitleM_Hyperion1_Bitch</Name>
    <Description>Smack 'em.</Description>
    <PartName>Bitch</PartName>
    <CashValueModifier>WeaponPartCost1_Common</CashValueModifier>
    <Rarity>50</Rarity>
  </Section>
  <Section>
    <Name>Title.TitleM_Dahl1_Wildcat</Name>
    <Description>The ultimate close quarters feline.</Description>
    <PartName>Wildcat</PartName>
    <CashValueModifier>WeaponPartCost1_Common</CashValueModifier>
    <TechLevelIncrease>3</TechLevelIncrease>
    <Rarity>50</Rarity>
    <PartNumberAddend>66</PartNumberAddend>
  </Section>
  <Section>
    <Name>Title.Title_Mag1_Thumper</Name>
    <PartName>Thumper</PartName>
    <CashValueModifier>WeaponPartCost1_Common</CashValueModifier>
    <Rarity>0</Rarity>
  </Section>
  <Section>
    <Name>Title.Title_LowAccuracy1_Anarchy</Name>
    <PartName>Anarchy</PartName>
    <CashValueModifier>WeaponPartCost4_Rare</CashValueModifier>
    <Rarity>5</Rarity>
    <WeaponClipSize>0.300000,None</WeaponClipSize>
    <WeaponSpread>2.000000</WeaponSpread>
    <WeaponProjectiles>2.000000,MT_PreAdd</WeaponProjectiles>
  </Section>
  <Section>
    <Name>Title.Title_Firerate1_Stinger</Name>
    <PartName>Stinger</PartName>
    <CashValueModifier>WeaponPartCost2_Uncommon</CashValueModifier>
    <Rarity>1</Rarity>
    <WeaponClipSize>3.000000,MT_PreAdd</WeaponClipSize>
    <WeaponPerShotAccuracyImpulse>-0.150000</WeaponPerShotAccuracyImpulse>
    <CardWeaponPerShotAccuracyImpulse>2.000000</CardWeaponPerShotAccuracyImpulse>
  </Section>
  <Section>
    <Name>Title.Title_Damage1_Bruiser</Name>
    <PartName>Bruiser</PartName>
    <CashValueModifier>WeaponPartCost2_Uncommon</CashValueModifier>
    <Rarity>1</Rarity>
    <WeaponDamage>0.150000</WeaponDamage>
  </Section>
  <Section>
    <Name>Title.Title_Acc2_Vector</Name>
    <PartName>Vector</PartName>
    <CashValueModifier>WeaponPartCost1_Common</CashValueModifier>
    <Rarity>0</Rarity>
  </Section>
  <Section>
    <Name>Title.Title__SMG</Name>
    <PartName>SMG</PartName>
    <CashValueModifier>WeaponPartCost1_Common</CashValueModifier>
    <Rarity>0</Rarity>
  </Section>
  <Section>
    <Name>Stock.stock_none</Name>
    <PartNumberAddend>10</PartNumberAddend>
    <CashValueModifier>WeaponPartCost3_Uncommoner</CashValueModifier>
    <Rarity>3</Rarity>
    <MinAccuracy>0.500000</MinAccuracy>
    <MaxAccuracy>-0.200000</MaxAccuracy>
    <IdleAccuracyRegenRate>1.000000</IdleAccuracyRegenRate>
    <WeaponPerShotAccuracyImpulse>0.400000</WeaponPerShotAccuracyImpulse>
    <WeaponReloadSpeed>-0.300000</WeaponReloadSpeed>
  </Section>
  <Section>
    <Name>Stock.stock5</Name>
    <PartNumberAddend>50</PartNumberAddend>
    <CashValueModifier>WeaponPartCost5_VeryRare</CashValueModifier>
    <TechLevelIncrease>1</TechLevelIncrease>
    <Rarity>8</Rarity>
    <MinAccuracy>-0.400000</MinAccuracy>
    <MaxAccuracy>-0.400000</MaxAccuracy>
    <IdleAccuracyRegenRate>0.800000</IdleAccuracyRegenRate>
    <WeaponPerShotAccuracyImpulse>-1.000000</WeaponPerShotAccuracyImpulse>
    <ZoomMinAccuracy>-1.000000</ZoomMinAccuracy>
    <ZoomMaxAccuracy>-1.000000</ZoomMaxAccuracy>
    <ZoomAccuracyImpuse>-0.500000</ZoomAccuracyImpuse>
  </Section>
  <Section>
    <Name>Stock.stock4</Name>
    <PartNumberAddend>40</PartNumberAddend>
    <CashValueModifier>WeaponPartCost4_Rare</CashValueModifier>
    <Rarity>5</Rarity>
    <MinAccuracy>-0.300000</MinAccuracy>
    <MaxAccuracy>-0.300000</MaxAccuracy>
    <IdleAccuracyRegenRate>0.600000</IdleAccuracyRegenRate>
    <WeaponPerShotAccuracyImpulse>-0.800000</WeaponPerShotAccuracyImpulse>
    <WeaponReloadSpeed>0.200000</WeaponReloadSpeed>
    <ZoomMinAccuracy>-0.700000</ZoomMinAccuracy>
    <ZoomMaxAccuracy>-0.700000</ZoomMaxAccuracy>
    <ZoomAccuracyImpuse>-0.400000</ZoomAccuracyImpuse>
  </Section>
  <Section>
    <Name>Stock.stock3</Name>
    <PartNumberAddend>30</PartNumberAddend>
    <CashValueModifier>WeaponPartCost3_Uncommoner</CashValueModifier>
    <TechLevelIncrease>1</TechLevelIncrease>
    <Rarity>3</Rarity>
    <MinAccuracy>-0.200000</MinAccuracy>
    <MaxAccuracy>-0.200000</MaxAccuracy>
    <IdleAccuracyRegenRate>0.400000</IdleAccuracyRegenRate>
    <WeaponPerShotAccuracyImpulse>-0.300000</WeaponPerShotAccuracyImpulse>
    <ZoomMinAccuracy>-0.500000</ZoomMinAccuracy>
    <ZoomMaxAccuracy>-0.500000</ZoomMaxAccuracy>
    <ZoomAccuracyImpuse>-0.300000</ZoomAccuracyImpuse>
  </Section>
  <Section>
    <Name>Stock.stock2</Name>
    <PartNumberAddend>20</PartNumberAddend>
    <CashValueModifier>WeaponPartCost2_Uncommon</CashValueModifier>
    <Rarity>1</Rarity>
    <MinAccuracy>-0.100000</MinAccuracy>
    <MaxAccuracy>-0.100000</MaxAccuracy>
    <IdleAccuracyRegenRate>0.200000</IdleAccuracyRegenRate>
    <WeaponPerShotAccuracyImpulse>-0.400000</WeaponPerShotAccuracyImpulse>
    <WeaponReloadSpeed>0.300000</WeaponReloadSpeed>
    <ZoomMinAccuracy>-0.300000</ZoomMinAccuracy>
    <ZoomMaxAccuracy>-0.300000</ZoomMaxAccuracy>
    <ZoomAccuracyImpuse>-0.200000</ZoomAccuracyImpuse>
  </Section>
  <Section>
    <Name>Stock.stock1</Name>
    <CashValueModifier>WeaponPartCost1_Common</CashValueModifier>
    <Rarity>0</Rarity>
    <IdleAccuracyRegenRate>0.200000</IdleAccuracyRegenRate>
    <ZoomMaxAccuracy>-0.300000</ZoomMaxAccuracy>
    <ZoomAccuracyImpuse>-0.300000</ZoomAccuracyImpuse>
  </Section>
  <Section>
    <Name>Sight.sight_none</Name>
    <CashValueModifier>WeaponPartCost1_Common</CashValueModifier>
    <Rarity>0</Rarity>
  </Section>
  <Section>
    <Name>Sight.sight5</Name>
    <CashValueModifier>WeaponPartCost5_VeryRare</CashValueModifier>
    <Rarity>8</Rarity>
    <WeaponSpread>-0.700000</WeaponSpread>
  </Section>
  <Section>
    <Name>Sight.sight4</Name>
    <CashValueModifier>WeaponPartCost4_Rare</CashValueModifier>
    <Rarity>5</Rarity>
    <WeaponSpread>-0.500000</WeaponSpread>
  </Section>
  <Section>
    <Name>Sight.sight3</Name>
    <CashValueModifier>WeaponPartCost3_Uncommoner</CashValueModifier>
    <Rarity>3</Rarity>
    <WeaponSpread>-0.300000</WeaponSpread>
  </Section>
  <Section>
    <Name>Sight.sight2</Name>
    <CashValueModifier>WeaponPartCost2_Uncommon</CashValueModifier>
    <Rarity>1</Rarity>
    <WeaponSpread>-0.200000</WeaponSpread>
  </Section>
  <Section>
    <Name>Sight.sight1</Name>
    <CashValueModifier>WeaponPartCost2_Uncommon</CashValueModifier>
    <Rarity>1</Rarity>
    <WeaponSpread>-0.150000</WeaponSpread>
  </Section>
  <Section>
    <Name>Prefix.Prefix_Quality3_Malevolent</Name>
    <PartName>Malevolent</PartName>
    <CashValueModifier>WeaponPartCost1_Common</CashValueModifier>
    <TechLevelIncrease>1</TechLevelIncrease>
    <Rarity>0</Rarity>
    <WeaponDamage>0.120000</WeaponDamage>
  </Section>
  <Section>
    <Name>Prefix.Prefix_Quality2_Hostile</Name>
    <PartName>Hostile</PartName>
    <CashValueModifier>WeaponPartCost1_Common</CashValueModifier>
    <TechLevelIncrease>1</TechLevelIncrease>
    <Rarity>0</Rarity>
    <WeaponDamage>0.090000</WeaponDamage>
  </Section>
  <Section>
    <Name>Prefix.Prefix_Quality1_Violent</Name>
    <PartName>Violent</PartName>
    <CashValueModifier>WeaponPartCost1_Common</CashValueModifier>
    <TechLevelIncrease>1</TechLevelIncrease>
    <Rarity>0</Rarity>
    <WeaponDamage>0.060000</WeaponDamage>
  </Section>
  <Section>
    <Name>Prefix.Prefix_Basic1_Patrol</Name>
    <PartName>Patrol</PartName>
    <CashValueModifier>WeaponPartCost1_Common</CashValueModifier>
    <Rarity>0</Rarity>
  </Section>
  <Section>
    <Name>Prefix.Prefix_Barrel3_Twisted</Name>
    <PartName>Twisted</PartName>
    <CashValueModifier>WeaponPartCost1_Common</CashValueModifier>
    <Rarity>5</Rarity>
    <WeaponDamage>0.500000</WeaponDamage>
    <WeaponClipSize>0.500000,None</WeaponClipSize>
  </Section>
  <Section>
    <Name>Prefix.Prefix_Acc2_Ruthless</Name>
    <PartName>Ruthless</PartName>
    <CashValueModifier>WeaponPartCost1_Common</CashValueModifier>
    <Rarity>0</Rarity>
  </Section>
  <Section>
    <Name>Prefix.Prefix_Acc1_Relentless</Name>
    <PartName>Relentless</PartName>
    <CashValueModifier>WeaponPartCost1_Common</CashValueModifier>
    <Rarity>0</Rarity>
  </Section>
  <Section>
    <Name>mag.mag5</Name>
    <PartNumberAddend>5</PartNumberAddend>
    <CashValueModifier>WeaponPartCost3_Uncommoner</CashValueModifier>
    <TechLevelIncrease>1</TechLevelIncrease>
    <Rarity>3</Rarity>
    <WeaponClipSize>18.00000,MT_PreAdd</WeaponClipSize>
    <WeaponReloadSpeed>0.400000</WeaponReloadSpeed>
  </Section>
  <Section>
    <Name>mag.mag4_Dahl_Wildcat</Name>
    <PartNumberAddend>4</PartNumberAddend>
    <CashValueModifier>WeaponPartCost6_Legendary</CashValueModifier>
    <TechLevelIncrease>4</TechLevelIncrease>
    <Rarity>3</Rarity>
    <MaxAccuracy>-0.500000</MaxAccuracy>
    <WeaponClipSize>42.00000,MT_PreAdd</WeaponClipSize>
    <WeaponReloadSpeed>0.650000</WeaponReloadSpeed>
    <WeaponSpread>1.000000</WeaponSpread>
    <WeaponSpread>2.000000</WeaponSpread>
  </Section>
  <Section>
    <Name>mag.mag4</Name>
    <PartNumberAddend>4</PartNumberAddend>
    <CashValueModifier>WeaponPartCost4_Rare</CashValueModifier>
    <Rarity>5</Rarity>
    <WeaponClipSize>27.00000,MT_PreAdd</WeaponClipSize>
    <WeaponReloadSpeed>0.600000</WeaponReloadSpeed>
  </Section>
  <Section>
    <Name>mag.mag3</Name>
    <PartNumberAddend>3</PartNumberAddend>
    <CashValueModifier>WeaponPartCost2_Uncommon</CashValueModifier>
    <TechLevelIncrease>2</TechLevelIncrease>
    <Rarity>1</Rarity>
    <WeaponClipSize>8.000000,MT_PreAdd</WeaponClipSize>
    <WeaponReloadSpeed>-0.200000</WeaponReloadSpeed>
  </Section>
  <Section>
    <Name>mag.mag2</Name>
    <PartNumberAddend>2</PartNumberAddend>
    <CashValueModifier>WeaponPartCost1_Common</CashValueModifier>
    <Rarity>0</Rarity>
    <WeaponReloadSpeed>-0.150000</WeaponReloadSpeed>
  </Section>
  <Section>
    <Name>mag.mag1_thumper</Name>
    <CashValueModifier>WeaponPartCost4_Rare</CashValueModifier>
    <Rarity>5</Rarity>
    <WeaponClipSize>-10.00000,MT_PreAdd</WeaponClipSize>
    <WeaponReloadSpeed>-0.250000</WeaponReloadSpeed>
    <WeaponFireRate>2.000000</WeaponFireRate>
    <WeaponDamage>0.700000</WeaponDamage>
  </Section>
  <Section>
    <Name>Grip.grip5</Name>
    <PartName>Hyperion</PartName>
    <CashValueModifier>WeaponPartCost1_Common</CashValueModifier>
    <Rarity>0</Rarity>
  </Section>
  <Section>
    <Name>Grip.grip4_gearbox</Name>
    <PartName>Gearbox</PartName>
    <CashValueModifier>WeaponPartCost0_Cheap</CashValueModifier>
    <Rarity>0</Rarity>
  </Section>
  <Section>
    <Name>Grip.grip4</Name>
    <PartName>Torque</PartName>
    <CashValueModifier>WeaponPartCost1_Common</CashValueModifier>
    <Rarity>0</Rarity>
  </Section>
  <Section>
    <Name>Grip.grip3</Name>
    <PartName>Maliwan</PartName>
    <CashValueModifier>WeaponPartCost1_Common</CashValueModifier>
    <Rarity>0</Rarity>
  </Section>
  <Section>
    <Name>Grip.grip2</Name>
    <PartName>Dahl</PartName>
    <CashValueModifier>WeaponPartCost1_Common</CashValueModifier>
    <Rarity>0</Rarity>
  </Section>
  <Section>
    <Name>Grip.grip1</Name>
    <PartName>Tediore</PartName>
    <CashValueModifier>WeaponPartCost1_Common</CashValueModifier>
    <Rarity>0</Rarity>
  </Section>
  <Section>
    <Name>Body.body5</Name>
    <PartName>HX </PartName>
    <CashValueModifier>WeaponPartCost4_Rare</CashValueModifier>
    <TechLevelIncrease>1</TechLevelIncrease>
    <Rarity>5</Rarity>
    <WeaponFireRate>-0.500000</WeaponFireRate>
    <WeaponDamage>0.200000</WeaponDamage>
    <WeaponPerShotAccuracyImpulse>-0.200000</WeaponPerShotAccuracyImpulse>
  </Section>
  <Section>
    <Name>Body.body4</Name>
    <PartName>RF</PartName>
    <CashValueModifier>WeaponPartCost3_Uncommoner</CashValueModifier>
    <TechLevelIncrease>1</TechLevelIncrease>
    <Rarity>3</Rarity>
    <WeaponFireRate>0.300000</WeaponFireRate>
    <WeaponDamage>0.200000</WeaponDamage>
    <WeaponPerShotAccuracyImpulse>0.500000</WeaponPerShotAccuracyImpulse>
  </Section>
  <Section>
    <Name>Body.body3_Tediore_Savior</Name>
    <PartName>SV</PartName>
    <CashValueModifier>WeaponPartCost6_Legendary</CashValueModifier>
    <TechLevelIncrease>4</TechLevelIncrease>
    <Rarity>3</Rarity>
    <ExternalRegenRate>0.300000</ExternalRegenRate>
    <WeaponFireRate>-0.300000</WeaponFireRate>
    <WeaponDamage>0.250000</WeaponDamage>
    <WeaponPerShotAccuracyImpulse>-0.300000</WeaponPerShotAccuracyImpulse>
    <WeaponRegenRate>3.000000</WeaponRegenRate>
  </Section>
  <Section>
    <Name>Body.body3</Name>
    <PartName>TEK</PartName>
    <CashValueModifier>WeaponPartCost2_Uncommon</CashValueModifier>
    <TechLevelIncrease>3</TechLevelIncrease>
    <Rarity>1</Rarity>
    <WeaponFireRate>-0.300000</WeaponFireRate>
    <WeaponDamage>-0.150000</WeaponDamage>
    <WeaponPerShotAccuracyImpulse>-0.300000</WeaponPerShotAccuracyImpulse>
  </Section>
  <Section>
    <Name>Body.body2</Name>
    <PartName>KKA</PartName>
    <CashValueModifier>WeaponPartCost1_Common</CashValueModifier>
    <Rarity>1</Rarity>
    <WeaponFireRate>0.200000</WeaponFireRate>
    <WeaponPerShotAccuracyImpulse>0.300000</WeaponPerShotAccuracyImpulse>
    <WeaponDamage>0.100000</WeaponDamage>
  </Section>
  <Section>
    <Name>Body.body1</Name>
    <PartName>TD</PartName>
    <CashValueModifier>WeaponPartCost1_Common</CashValueModifier>
    <Rarity>0</Rarity>
    <WeaponDamage>-0.080000</WeaponDamage>
  </Section>
  <Section>
    <Name>Barrel.barrel5_Hyperion_Bitch</Name>
    <CashValueModifier>WeaponPartCost6_Legendary</CashValueModifier>
    <TechLevelIncrease>6</TechLevelIncrease>
    <Rarity>3</Rarity>
    <MaxAccuracy>-0.800000</MaxAccuracy>
    <MinAccuracy>-1.000000</MinAccuracy>
    <WeaponDamage>0.150000</WeaponDamage>
    <WeaponPerShotAccuracyImpulse>-0.500000</WeaponPerShotAccuracyImpulse>
    <WeaponSpread>-1.300000</WeaponSpread>
    <WeaponCritBonus>2.000000</WeaponCritBonus>
  </Section>
  <Section>
    <Name>Barrel.barrel5</Name>
    <CashValueModifier>WeaponPartCost4_Rare</CashValueModifier>
    <Rarity>5</Rarity>
    <MaxAccuracy>-0.400000</MaxAccuracy>
    <MinAccuracy>-1.500000</MinAccuracy>
    <WeaponDamage>0.150000</WeaponDamage>
    <WeaponPerShotAccuracyImpulse>-0.500000</WeaponPerShotAccuracyImpulse>
    <WeaponSpread>-1.300000</WeaponSpread>
  </Section>
  <Section>
    <Name>Barrel.barrel4</Name>
    <CashValueModifier>WeaponPartCost3_Uncommoner</CashValueModifier>
    <Rarity>3</Rarity>
    <MaxAccuracy>-0.100000</MaxAccuracy>
    <MinAccuracy>-0.400000</MinAccuracy>
    <WeaponDamage>0.300000</WeaponDamage>
    <WeaponPerShotAccuracyImpulse>0.350000</WeaponPerShotAccuracyImpulse>
    <WeaponSpread>-0.300000</WeaponSpread>
  </Section>
  <Section>
    <Name>Barrel.barrel3_Twisted</Name>
    <CashValueModifier>WeaponPartCost4_Rare</CashValueModifier>
    <TechLevelIncrease>4</TechLevelIncrease>
    <Rarity>1</Rarity>
    <MaxAccuracy>-0.300000</MaxAccuracy>
    <MinAccuracy>-0.300000</MinAccuracy>
    <WeaponDamage>0.100000</WeaponDamage>
    <WeaponSpread>-0.500000</WeaponSpread>
  </Section>
  <Section>
    <Name>Barrel.barrel3</Name>
    <CashValueModifier>WeaponPartCost2_Uncommon</CashValueModifier>
    <TechLevelIncrease>1</TechLevelIncrease>
    <Rarity>1</Rarity>
    <MaxAccuracy>-0.300000</MaxAccuracy>
    <MinAccuracy>-0.300000</MinAccuracy>
    <WeaponDamage>0.100000</WeaponDamage>
    <WeaponSpread>-0.500000</WeaponSpread>
  </Section>
  <Section>
    <Name>Barrel.barrel2_Torgue_Gasher</Name>
    <CashValueModifier>WeaponPartCost6_Legendary</CashValueModifier>
    <TechLevelIncrease>1</TechLevelIncrease>
    <Rarity>3</Rarity>
    <MaxAccuracy>-0.200000</MaxAccuracy>
    <MinAccuracy>0.200000</MinAccuracy>
    <WeaponBurstCount>3.000000</WeaponBurstCount>
    <WeaponFireRate>-0.500000</WeaponFireRate>
    <WeaponDamage>0.500000</WeaponDamage>
    <WeaponClipSize>4.000000,MT_PreAdd</WeaponClipSize>
    <WeaponPerShotAccuracyImpulse>0.500000</WeaponPerShotAccuracyImpulse>
    <WeaponSpread>0.500000</WeaponSpread>
  </Section>
  <Section>
    <Name>Barrel.barrel2</Name>
    <CashValueModifier>WeaponPartCost1_Common</CashValueModifier>
    <Rarity>0</Rarity>
    <MaxAccuracy>-0.200000</MaxAccuracy>
    <MinAccuracy>0.200000</MinAccuracy>
    <WeaponDamage>0.150000</WeaponDamage>
    <WeaponPerShotAccuracyImpulse>0.200000</WeaponPerShotAccuracyImpulse>
    <WeaponSpread>0.280000</WeaponSpread>
  </Section>
  <Section>
    <Name>Barrel.barrel1</Name>
    <CashValueModifier>WeaponPartCost1_Common</CashValueModifier>
    <Rarity>0</Rarity>
    <WeaponDamage>-0.040000</WeaponDamage>
  </Section>
  <Section>
    <Name>acc.acc_none</Name>
    <CashValueModifier>WeaponPartCost1_Common</CashValueModifier>
    <Rarity>0</Rarity>
  </Section>
  <Section>
    <Name>acc.acc5_Maliwan_HellFire</Name>
    <PartName>Incendiary</PartName>
    <CashValueModifier>WeaponPartCost6_Legendary</CashValueModifier>
    <TechLevelIncrease>14</TechLevelIncrease>
    <Rarity>3</Rarity>
    <PartNumberAddend>88</PartNumberAddend>
  </Section>
  <Section>
    <Name>acc.acc5_Incendiary</Name>
    <PartName>Incendiary</PartName>
    <CashValueModifier>WeaponPartCost3_Uncommoner</CashValueModifier>
    <TechLevelIncrease>6</TechLevelIncrease>
    <Rarity>3</Rarity>
    <WeaponDamage>-0.400000</WeaponDamage>
    <PartNumberAddend>88</PartNumberAddend>
  </Section>
  <Section>
    <Name>acc.acc5_Explosive</Name>
    <PartName>Explosive</PartName>
    <CashValueModifier>WeaponPartCost3_Uncommoner</CashValueModifier>
    <TechLevelIncrease>6</TechLevelIncrease>
    <Rarity>3</Rarity>
    <WeaponDamage>-0.200000</WeaponDamage>
    <PartNumberAddend>88</PartNumberAddend>
  </Section>
  <Section>
    <Name>acc.acc4_Double</Name>
    <CashValueModifier>WeaponPartCost4_Rare</CashValueModifier>
    <Rarity>5</Rarity>
    <WeaponSpread>0.750000</WeaponSpread>
    <WeaponProjectiles>1.000000,MT_PreAdd</WeaponProjectiles>
    <WeaponDamage>-0.180000</WeaponDamage>
    <WeaponClipSize>0.200000,None</WeaponClipSize>
    <PartNumberAddend>55</PartNumberAddend>
  </Section>
  <Section>
    <Name>acc.acc3_Shock</Name>
    <PartName>Shock</PartName>
    <CashValueModifier>WeaponPartCost3_Uncommoner</CashValueModifier>
    <TechLevelIncrease>6</TechLevelIncrease>
    <Rarity>3</Rarity>
    <WeaponDamage>-0.400000</WeaponDamage>
    <PartNumberAddend>88</PartNumberAddend>
  </Section>
  <Section>
    <Name>acc.acc3_Corrosive</Name>
    <PartName>Corrosive</PartName>
    <CashValueModifier>WeaponPartCost3_Uncommoner</CashValueModifier>
    <TechLevelIncrease>6</TechLevelIncrease>
    <Rarity>3</Rarity>
    <WeaponDamage>-0.400000</WeaponDamage>
    <PartNumberAddend>88</PartNumberAddend>
  </Section>
  <Section>
    <Name>acc.acc2_Vector</Name>
    <PartName>Vector</PartName>
    <CashValueModifier>WeaponPartCost4_Rare</CashValueModifier>
    <Rarity>5</Rarity>
    <WeaponFireRate>-0.450000</WeaponFireRate>
    <WeaponReloadSpeed>-0.530000</WeaponReloadSpeed>
    <WeaponPerShotAccuracyImpulse>-2.000000</WeaponPerShotAccuracyImpulse>
  </Section>
  <Section>
    <Name>acc.acc2_Ruthless</Name>
    <PartName>Ruthless</PartName>
    <CashValueModifier>WeaponPartCost3_Uncommoner</CashValueModifier>
    <Rarity>3</Rarity>
    <WeaponPerShotAccuracyImpulse>-0.450000</WeaponPerShotAccuracyImpulse>
    <WeaponReloadSpeed>-0.530000</WeaponReloadSpeed>
    <CardWeaponPerShotAccuracyImpulse>2.000000</CardWeaponPerShotAccuracyImpulse>
  </Section>
  <Section>
    <Name>acc.acc1_Relentless</Name>
    <PartName>Relentless</PartName>
    <CashValueModifier>WeaponPartCost3_Uncommoner</CashValueModifier>
    <Rarity>3</Rarity>
    <WeaponFireRate>-0.200000</WeaponFireRate>
  </Section>
  <Section>
    <Name>A_Weapon.WeaponType_patrol_smg</Name>
    <ClipSize>28</ClipSize>
    <WeaponDamageFormulaMultiplier>0.800000</WeaponDamageFormulaMultiplier>
    <Spread>2.000000</Spread>
    <PerShotAccuracyImpulse>1.500000</PerShotAccuracyImpulse>
    <FireRate>0.120000</FireRate>
    <IdleAccuracyRegenRate>-2.000000</IdleAccuracyRegenRate>
    <MaxAccuracy>-2.000000</MaxAccuracy>
    <IdleAccuracyRegenRate>5.000000</IdleAccuracyRegenRate>
    <ZoomMinAccuracy>-2.000000</ZoomMinAccuracy>
    <ZoomMaxAccuracy>-2.000000</ZoomMaxAccuracy>
    <BaseCashValueModifier>50</BaseCashValueModifier>
    <Presentation>smg</Presentation>
  </Section>
</INI>