<?xml version="1.0" encoding="us-ascii"?>
<!--Comment-->
<INI>
  <Section>
    <Name>Title.TitleM_Vladof1_Hammer</Name>
    <Description>Drop the Hammer!</Description>
    <PartName>Hammer</PartName>
    <CashValueModifier>WeaponPartCost1_Common</CashValueModifier>
    <Rarity>50</Rarity>
  </Section>
  <Section>
    <Name>Title.TitleM_SandS1_Crux</Name>
    <Description>Cross their heart, hope they die.</Description>
    <PartName>Crux</PartName>
    <CashValueModifier>WeaponPartCost1_Common</CashValueModifier>
    <Rarity>50</Rarity>
  </Section>
  <Section>
    <Name>Title.TitleM_Maliwan1_Plague</Name>
    <Description>Bring out your Dead</Description>
    <PartName>Crux</PartName>
    <CashValueModifier>WeaponPartCost1_Common</CashValueModifier>
    <Rarity>50</Rarity>
  </Section>
  <Section>
    <Name>Title.TitleM_Hyperion1_Butcher</Name>
    <Description>Ahhh... Fresh meat!</Description>
    <PartName>Butcher</PartName>
    <CashValueModifier>WeaponPartCost1_Common</CashValueModifier>
    <Rarity>50</Rarity>
  </Section>
  <Section>
    <Name>Title.Title_Spread_Death</Name>
    <PartName>Death</PartName>
    <CashValueModifier>WeaponPartCost2_Uncommon</CashValueModifier>
    <TechLevelIncrease>2</TechLevelIncrease>
    <Rarity>1</Rarity>
    <MinAccuracy>-0.250000</MinAccuracy>
    <WeaponCritBonus>2.000000</WeaponCritBonus>
  </Section>
  <Section>
    <Name>Title.Title_HighSpread1_Sweeper</Name>
    <PartName>Sweeper</PartName>
    <CashValueModifier>WeaponPartCost2_Uncommon</CashValueModifier>
    <Rarity>1</Rarity>
    <WeaponProjectiles>1.000000,MT_PreAdd</WeaponProjectiles>
  </Section>
  <Section>
    <Name>Title.Title_Damage1_Brute</Name>
    <PartName>Brute</PartName>
    <CashValueModifier>WeaponPartCost2_Uncommon</CashValueModifier>
    <Rarity>1</Rarity>
    <WeaponDamage>0.220000</WeaponDamage>
  </Section>
  <Section>
    <Name>Prefix.Prefix_Reload1_Angry</Name>
    <PartName>Angry</PartName>
    <CashValueModifier>WeaponPartCost3_Uncommoner</CashValueModifier>
    <Rarity>3</Rarity>
    <WeaponReloadSpeed>-0.300000</WeaponReloadSpeed>
    <WeaponFireRate>-0.200000</WeaponFireRate>
  </Section>
  <Section>
    <Name>Prefix.Prefix_Quality3_Fatal</Name>
    <PartName>Fatal</PartName>
    <CashValueModifier>WeaponPartCost1_Common</CashValueModifier>
    <TechLevelIncrease>1</TechLevelIncrease>
    <Rarity>0</Rarity>
    <WeaponDamage>0.120000</WeaponDamage>
  </Section>
  <Section>
    <Name>Prefix.Prefix_Quality2_Lethal</Name>
    <PartName>Lethal</PartName>
    <CashValueModifier>WeaponPartCost1_Common</CashValueModifier>
    <TechLevelIncrease>1</TechLevelIncrease>
    <Rarity>0</Rarity>
    <WeaponDamage>0.090000</WeaponDamage>
  </Section>
  <Section>
    <Name>Prefix.Prefix_Quality1_Grievous</Name>
    <PartName>Grievous</PartName>
    <CashValueModifier>WeaponPartCost1_Common</CashValueModifier>
    <TechLevelIncrease>1</TechLevelIncrease>
    <Rarity>0</Rarity>
    <WeaponDamage>0.060000</WeaponDamage>
  </Section>
  <Section>
    <Name>Prefix.Prefix_Acc4_Painful</Name>
    <PartName>Painful</PartName>
    <CashValueModifier>WeaponPartCost1_Common</CashValueModifier>
    <Rarity>0</Rarity>
  </Section>
  <Section>
    <Name>Prefix.Prefix_Acc2_Raging</Name>
    <PartName>Raging</PartName>
    <CashValueModifier>WeaponPartCost1_Common</CashValueModifier>
    <Rarity>0</Rarity>
  </Section>
  <Section>
    <Name>Prefix.Prefix_Acc1_Spiked</Name>
    <PartName>Spiked</PartName>
    <CashValueModifier>WeaponPartCost1_Common</CashValueModifier>
    <Rarity>0</Rarity>
  </Section>
  <Section>
    <Name>Prefix.Prefix__Assault</Name>
    <PartName>Combat</PartName>
    <CashValueModifier>WeaponPartCost1_Common</CashValueModifier>
    <Rarity>0</Rarity>
  </Section>
  <Section>
    <Name>mag.mag3a</Name>
    <PartNumberAddend>33</PartNumberAddend>
    <CashValueModifier>WeaponPartCost3_Uncommoner</CashValueModifier>
    <Rarity>3</Rarity>
    <WeaponClipSize>2.000000,MT_PreAdd</WeaponClipSize>
  </Section>
  <Section>
    <Name>mag.mag3</Name>
    <CashValueModifier>WeaponPartCost1_Common</CashValueModifier>
    <Rarity>0</Rarity>
  </Section>
  <Section>
    <Name>Barrel.barrel4_Hyperion_Butcher</Name>
    <PartName>Butcher</PartName>
    <CashValueModifier>WeaponPartCost6_Legendary</CashValueModifier>
    <TechLevelIncrease>3</TechLevelIncrease>
    <Rarity>3</Rarity>
    <WeaponBurstCount>5.000000</WeaponBurstCount>
    <WeaponProjectiles>-1.000000,None</WeaponProjectiles>
    <WeaponSpread>0.200000</WeaponSpread>
    <WeaponFireRate>-6.000000</WeaponFireRate>
  </Section>
  <Section>
    <Name>acc.acc5_Vladof_Hammer</Name>
    <PartName>Explosive</PartName>
    <CashValueModifier>WeaponPartCost6_Legendary</CashValueModifier>
    <TechLevelIncrease>10</TechLevelIncrease>
    <Rarity>1</Rarity>
    <WeaponDamage>0.500000</WeaponDamage>
    <WeaponClipSize>2.000000,MT_PreAdd</WeaponClipSize>
  </Section>
  <Section>
    <Name>acc.acc5_SandSCrux</Name>
    <CashValueModifier>WeaponPartCost6_Legendary</CashValueModifier>
    <TechLevelIncrease>9</TechLevelIncrease>
    <Rarity>3</Rarity>
    <MinAccuracy>-0.500000</MinAccuracy>
    <WeaponDamage>0.200000</WeaponDamage>
    <WeaponSpread>-2.000000</WeaponSpread>
    <WeaponClipSize>5.000000,MT_PreAdd</WeaponClipSize>
    <WeaponReloadSpeed>-0.300000</WeaponReloadSpeed>
  </Section>
  <Section>
    <Name>acc.acc4_Painful</Name>
    <PartName>Painful</PartName>
    <CashValueModifier>WeaponPartCost3_Uncommoner</CashValueModifier>
    <Rarity>3</Rarity>
    <WeaponDamage>0.130000</WeaponDamage>
    <WeaponKnockback>0.230000</WeaponKnockback>
    <PartNumberAddend>98</PartNumberAddend>
  </Section>
  <Section>
    <Name>acc.acc3_Maliwan_Corrosive_Plague</Name>
    <PartName>Plague</PartName>
    <CashValueModifier>WeaponPartCost6_Legendary</CashValueModifier>
    <TechLevelIncrease>10</TechLevelIncrease>
    <Rarity>3</Rarity>
    <WeaponDamage>-0.200000</WeaponDamage>
    <PartNumberAddend>888</PartNumberAddend>
  </Section>
  <Section>
    <Name>acc.acc2_Raging</Name>
    <PartName>Raging</PartName>
    <CashValueModifier>WeaponPartCost3_Uncommoner</CashValueModifier>
    <Rarity>3</Rarity>
    <WeaponFireRate>-0.200000</WeaponFireRate>
    <WeaponReloadSpeed>-0.200000</WeaponReloadSpeed>
    <PartNumberAddend>11</PartNumberAddend>
  </Section>
  <Section>
    <Name>acc.acc1_Spiked</Name>
    <CashValueModifier>WeaponPartCost3_Uncommoner</CashValueModifier>
    <Rarity>3</Rarity>
  </Section>
  <Section>
    <Name>A_Weapon.WeaponType_assault_shotgun</Name>
    <ClipSize>5</ClipSize>
    <WeaponDamageFormulaMultiplier>0.750000</WeaponDamageFormulaMultiplier>
    <ProjectilesPerShot>7</ProjectilesPerShot>
    <Spread>7.000000</Spread>
    <PerShotAccuracyImpulse>7.000000</PerShotAccuracyImpulse>
    <FireRate>0.800000</FireRate>
    <ReloadTime>3.500000</ReloadTime>
    <IdleAccuracyRegenRate>Attribut</IdleAccuracyRegenRate>
    <ZoomMinAccuracy>-1.000000</ZoomMinAccuracy>
    <ZoomMaxAccuracy>-4.000000</ZoomMaxAccuracy>
    <BaseCashValueModifier>52</BaseCashValueModifier>
    <Presentation>shotgun</Presentation>
  </Section>
</INI>