<?xml version="1.0" encoding="us-ascii"?>
<!--Comment-->
<INI>
  <Section>
    <Name>Prefix.Prefix_Torque2_Steel</Name>
    <PartName>Steel</PartName>
    <CashValueModifier>WeaponPartCost1_Common</CashValueModifier>
    <Rarity>0</Rarity>
  </Section>
  <Section>
    <Name>Prefix.Prefix_Torque1_Iron</Name>
    <PartName>Iron</PartName>
    <CashValueModifier>WeaponPartCost1_Common</CashValueModifier>
    <Rarity>0</Rarity>
  </Section>
  <Section>
    <Name>Prefix.Prefix_Maliwan2_Cobalt</Name>
    <PartName>Cobalt</PartName>
    <CashValueModifier>WeaponPartCost1_Common</CashValueModifier>
    <Rarity>0</Rarity>
  </Section>
  <Section>
    <Name>Prefix.Prefix_Maliwan1_Blue</Name>
    <PartName>Blue</PartName>
    <CashValueModifier>WeaponPartCost1_Common</CashValueModifier>
    <Rarity>0</Rarity>
  </Section>
  <Section>
    <Name>Prefix.Prefix_Hyperion2_Crimson</Name>
    <PartName>Crimson</PartName>
    <CashValueModifier>WeaponPartCost1_Common</CashValueModifier>
    <Rarity>0</Rarity>
  </Section>
  <Section>
    <Name>Prefix.Prefix_Hyperion1_Red</Name>
    <PartName>Red</PartName>
    <CashValueModifier>WeaponPartCost1_Common</CashValueModifier>
    <Rarity>0</Rarity>
  </Section>
  <Section>
    <Name>Prefix.Prefix_Dahl2_Desert</Name>
    <PartName>Desert</PartName>
    <CashValueModifier>WeaponPartCost1_Common</CashValueModifier>
    <Rarity>0</Rarity>
  </Section>
  <Section>
    <Name>Prefix.Prefix_Dahl1_Urban</Name>
    <PartName>Urban</PartName>
    <CashValueModifier>WeaponPartCost1_Common</CashValueModifier>
    <Rarity>0</Rarity>
  </Section>
  <Section>
    <Name>Prefix.Prefix_Atlas2_Pearl</Name>
    <PartName>Pearl</PartName>
    <CashValueModifier>WeaponPartCost1_Common</CashValueModifier>
    <Rarity>0</Rarity>
  </Section>
  <Section>
    <Name>Prefix.Prefix_Atlas1_White</Name>
    <PartName>White</PartName>
    <CashValueModifier>WeaponPartCost1_Common</CashValueModifier>
    <Rarity>0</Rarity>
  </Section>
  <Section>
    <Name>Material.white_white</Name>
    <PartName>-WW</PartName>
    <MaxAccuracy>-0.200000</MaxAccuracy>
    <IdleAccuracyRegenRate>-0.100000</IdleAccuracyRegenRate>
  </Section>
  <Section>
    <Name>Material.stock_weapon</Name>
    <PartName>-A</PartName>
  </Section>
  <Section>
    <Name>Material.silver_red</Name>
    <PartName> Striker</PartName>
    <CashValueModifier>WeaponPartCost1_Common</CashValueModifier>
    <Rarity>0</Rarity>
  </Section>
  <Section>
    <Name>Material.silver_ice</Name>
    <PartName> Ice</PartName>
    <CashValueModifier>WeaponPartCost1_Common</CashValueModifier>
    <Rarity>0</Rarity>
    <WeaponSpread>-0.330000</WeaponSpread>
  </Section>
  <Section>
    <Name>Material.silver_desert</Name>
    <CashValueModifier>WeaponPartCost1_Common</CashValueModifier>
    <Rarity>0</Rarity>
  </Section>
  <Section>
    <Name>Material.red_black</Name>
    <PartName>-RBR</PartName>
    <WeaponSpread>-0.150000</WeaponSpread>
    <WeaponDamage>0.150000</WeaponDamage>
  </Section>
  <Section>
    <Name>Material.matblack_matblack</Name>
    <PartName>-MAT</PartName>
    <CashValueModifier>WeaponPartCost1_Common</CashValueModifier>
    <Rarity>0</Rarity>
  </Section>
  <Section>
    <Name>Material.gold_gold</Name>
    <PartName> -G Thunder</PartName>
    <WeaponKnockback>6.000000</WeaponKnockback>
    <WeaponDamage>0.150000</WeaponDamage>
    <WeaponFireRate>0.200000</WeaponFireRate>
    <WeaponReloadSpeed>0.200000</WeaponReloadSpeed>
  </Section>
  <Section>
    <Name>Material.gold_black</Name>
    <PartName> Thunder</PartName>
    <WeaponKnockback>4.000000</WeaponKnockback>
    <WeaponDamage>0.150000</WeaponDamage>
    <WeaponFireRate>0.200000</WeaponFireRate>
    <WeaponReloadSpeed>0.200000</WeaponReloadSpeed>
  </Section>
  <Section>
    <Name>Material.drksilver_maroon</Name>
    <PartName>-SVR</PartName>
  </Section>
  <Section>
    <Name>Material.chrome_red</Name>
    <PartName>-CRR</PartName>
    <CashValueModifier>WeaponPartCost1_Common</CashValueModifier>
    <Rarity>0</Rarity>
    <WeaponSpread>-0.150000</WeaponSpread>
    <WeaponPerShotAccuracyImpulse>-0.150000</WeaponPerShotAccuracyImpulse>
    <WeaponReloadSpeed>0.150000</WeaponReloadSpeed>
    <WeaponFireRate>0.150000</WeaponFireRate>
  </Section>
  <Section>
    <Name>Material.chrome_blue</Name>
    <PartName>-CR2</PartName>
    <CashValueModifier>WeaponPartCost1_Common</CashValueModifier>
    <Rarity>0</Rarity>
    <WeaponSpread>-0.150000</WeaponSpread>
    <WeaponPerShotAccuracyImpulse>-0.150000</WeaponPerShotAccuracyImpulse>
    <WeaponReloadSpeed>0.150000</WeaponReloadSpeed>
    <WeaponFireRate>0.150000</WeaponFireRate>
  </Section>
  <Section>
    <Name>Material.chrome_black</Name>
    <PartName>-CR</PartName>
    <CashValueModifier>WeaponPartCost1_Common</CashValueModifier>
    <Rarity>0</Rarity>
    <WeaponSpread>-0.150000</WeaponSpread>
    <WeaponPerShotAccuracyImpulse>-0.150000</WeaponPerShotAccuracyImpulse>
    <WeaponReloadSpeed>0.150000</WeaponReloadSpeed>
    <WeaponFireRate>0.150000</WeaponFireRate>
  </Section>
  <Section>
    <Name>Material.chaos</Name>
    <PartName> Chaos</PartName>
    <CashValueModifier>WeaponPartCost1_Common</CashValueModifier>
    <Rarity>0</Rarity>
    <WeaponProjectiles>1.000000,None</WeaponProjectiles>
    <WeaponSpread>1.500000</WeaponSpread>
  </Section>
  <Section>
    <Name>Material.chameleon</Name>
    <PartName> Madness</PartName>
    <CashValueModifier>WeaponPartCost1_Common</CashValueModifier>
    <Rarity>0</Rarity>
    <WeaponPerShotAccuracyImpulse>2.000000</WeaponPerShotAccuracyImpulse>
    <WeaponDamage>2.500000</WeaponDamage>
    <WeaponSpread>3.000000</WeaponSpread>
  </Section>
  <Section>
    <Name>Material.black_yellow</Name>
    <PartName>-BY</PartName>
    <CashValueModifier>WeaponPartCost1_Common</CashValueModifier>
    <Rarity>0</Rarity>
    <WeaponDamage>0.200000</WeaponDamage>
    <WeaponFireRate>0.250000</WeaponFireRate>
  </Section>
  <Section>
    <Name>Material.black_white</Name>
    <PartName>-BW</PartName>
    <CashValueModifier>WeaponPartCost1_Common</CashValueModifier>
    <Rarity>0</Rarity>
    <WeaponDamage>0.200000</WeaponDamage>
    <WeaponFireRate>0.250000</WeaponFireRate>
  </Section>
  <Section>
    <Name>Material.black_tan</Name>
    <PartName>-MB2</PartName>
    <CashValueModifier>WeaponPartCost1_Common</CashValueModifier>
    <Rarity>0</Rarity>
    <WeaponDamage>0.200000</WeaponDamage>
    <WeaponFireRate>0.250000</WeaponFireRate>
  </Section>
  <Section>
    <Name>Material.black_green</Name>
    <CashValueModifier>WeaponPartCost1_Common</CashValueModifier>
    <Rarity>0</Rarity>
  </Section>
  <Section>
    <Name>Material.black_black</Name>
    <PartName>-MB1</PartName>
    <CashValueModifier>WeaponPartCost1_Common</CashValueModifier>
    <Rarity>0</Rarity>
    <WeaponDamage>0.200000</WeaponDamage>
    <WeaponFireRate>0.250000</WeaponFireRate>
  </Section>
  <Section>
    <Name>Material.black_armygreen</Name>
    <PartName>-MB</PartName>
    <CashValueModifier>WeaponPartCost1_Common</CashValueModifier>
    <Rarity>0</Rarity>
    <WeaponDamage>0.200000</WeaponDamage>
    <WeaponFireRate>0.250000</WeaponFireRate>
  </Section>
  <Section>
    <Name>Material.armygreen_black</Name>
    <PartName>-A2</PartName>
  </Section>
  <Section>
    <Name>Material.armygreen_army</Name>
    <PartName>-A</PartName>
  </Section>
  <Section>
    <Name>ManufacturerMaterials.Material_Vladof_3</Name>
    <PartName>/V3</PartName>
    <CashValueModifier>WeaponPartCost4_Rare</CashValueModifier>
    <Rarity>5</Rarity>
    <WeaponDamage>0.100000</WeaponDamage>
    <WeaponSpread>0.320000</WeaponSpread>
    <WeaponFireRate>-0.560000</WeaponFireRate>
    <WeaponPerShotAccuracyImpulse>-0.400000</WeaponPerShotAccuracyImpulse>
  </Section>
  <Section>
    <Name>ManufacturerMaterials.Material_Vladof_2</Name>
    <PartName>/V2</PartName>
    <CashValueModifier>WeaponPartCost3_Uncommoner</CashValueModifier>
    <Rarity>3</Rarity>
    <WeaponDamage>0.050000</WeaponDamage>
    <WeaponSpread>0.320000</WeaponSpread>
    <WeaponFireRate>-0.500000</WeaponFireRate>
    <WeaponPerShotAccuracyImpulse>-0.200000</WeaponPerShotAccuracyImpulse>
  </Section>
  <Section>
    <Name>ManufacturerMaterials.Material_Vladof_1</Name>
    <CashValueModifier>WeaponPartCost1_Common</CashValueModifier>
    <Rarity>0</Rarity>
    <WeaponSpread>0.320000</WeaponSpread>
    <WeaponFireRate>-0.440000</WeaponFireRate>
  </Section>
  <Section>
    <Name>ManufacturerMaterials.Material_Vladof_0_starter</Name>
    <CashValueModifier>WeaponPartCost0_Cheap</CashValueModifier>
    <Rarity>0</Rarity>
    <WeaponSpread>0.100000</WeaponSpread>
    <WeaponFireRate>-0.350000</WeaponFireRate>
    <WeaponDamage>-0.050000</WeaponDamage>
  </Section>
  <Section>
    <Name>ManufacturerMaterials.Material_Torgue_3</Name>
    <CashValueModifier>WeaponPartCost4_Rare</CashValueModifier>
    <Rarity>5</Rarity>
    <WeaponDamage>0.300000</WeaponDamage>
    <WeaponPerShotAccuracyImpulse>0.540000</WeaponPerShotAccuracyImpulse>
    <WeaponFireRate>-0.160000</WeaponFireRate>
    <WeaponSpread>0.350000</WeaponSpread>
  </Section>
  <Section>
    <Name>ManufacturerMaterials.Material_Torgue_2</Name>
    <CashValueModifier>WeaponPartCost3_Uncommoner</CashValueModifier>
    <Rarity>3</Rarity>
    <WeaponDamage>0.250000</WeaponDamage>
    <WeaponPerShotAccuracyImpulse>0.540000</WeaponPerShotAccuracyImpulse>
    <WeaponFireRate>-0.160000</WeaponFireRate>
    <WeaponSpread>0.350000</WeaponSpread>
  </Section>
  <Section>
    <Name>ManufacturerMaterials.Material_Torgue_1</Name>
    <CashValueModifier>WeaponPartCost1_Common</CashValueModifier>
    <Rarity>0</Rarity>
    <WeaponDamage>0.200000</WeaponDamage>
    <WeaponPerShotAccuracyImpulse>0.540000</WeaponPerShotAccuracyImpulse>
    <WeaponFireRate>-0.160000</WeaponFireRate>
    <WeaponSpread>0.350000</WeaponSpread>
  </Section>
  <Section>
    <Name>ManufacturerMaterials.Material_Torgue_0_starter</Name>
    <CashValueModifier>WeaponPartCost0_Cheap</CashValueModifier>
    <Rarity>0</Rarity>
    <WeaponDamage>0.050000</WeaponDamage>
    <WeaponPerShotAccuracyImpulse>0.540000</WeaponPerShotAccuracyImpulse>
    <WeaponFireRate>0.420000</WeaponFireRate>
  </Section>
  <Section>
    <Name>ManufacturerMaterials.Material_Tediore_3</Name>
    <PartName>-B</PartName>
    <CashValueModifier>WeaponPartCost4_Rare</CashValueModifier>
    <Rarity>5</Rarity>
    <WeaponDamage>-0.050000</WeaponDamage>
    <WeaponSpread>0.150000</WeaponSpread>
    <WeaponReloadSpeed>-1.000000</WeaponReloadSpeed>
  </Section>
  <Section>
    <Name>ManufacturerMaterials.Material_Tediore_2</Name>
    <PartName>-A</PartName>
    <CashValueModifier>WeaponPartCost3_Uncommoner</CashValueModifier>
    <Rarity>3</Rarity>
    <WeaponDamage>-0.100000</WeaponDamage>
    <WeaponSpread>0.250000</WeaponSpread>
    <WeaponReloadSpeed>-0.850000</WeaponReloadSpeed>
  </Section>
  <Section>
    <Name>ManufacturerMaterials.Material_Tediore_1</Name>
    <CashValueModifier>WeaponPartCost0_Cheap_TedioreBonus</CashValueModifier>
    <Rarity>0</Rarity>
    <WeaponDamage>-0.200000</WeaponDamage>
    <WeaponSpread>0.350000</WeaponSpread>
    <WeaponReloadSpeed>-0.700000</WeaponReloadSpeed>
  </Section>
  <Section>
    <Name>ManufacturerMaterials.Material_Stock</Name>
    <CashValueModifier>WeaponPartCost1_Common</CashValueModifier>
    <Rarity>0</Rarity>
    <WeaponDamage>-0.150000</WeaponDamage>
    <WeaponSpread>0.150000</WeaponSpread>
  </Section>
  <Section>
    <Name>ManufacturerMaterials.Material_SandS_3</Name>
    <PartName>.3</PartName>
    <CashValueModifier>WeaponPartCost4_Rare</CashValueModifier>
    <TechLevelIncrease>2</TechLevelIncrease>
    <Rarity>5</Rarity>
    <WeaponDamage>0.100000</WeaponDamage>
    <WeaponClipSize>0.500000,None</WeaponClipSize>
  </Section>
  <Section>
    <Name>ManufacturerMaterials.Material_SandS_2</Name>
    <PartName>.2</PartName>
    <CashValueModifier>WeaponPartCost3_Uncommoner</CashValueModifier>
    <TechLevelIncrease>1</TechLevelIncrease>
    <Rarity>3</Rarity>
    <IdleAccuracyRegenRate>-1.000000</IdleAccuracyRegenRate>
    <MaxAccuracy>-2.000000</MaxAccuracy>
    <WeaponDamage>0.050000</WeaponDamage>
    <WeaponClipSize>0.420000,None</WeaponClipSize>
    <WeaponReloadSpeed>0.190000</WeaponReloadSpeed>
  </Section>
  <Section>
    <Name>ManufacturerMaterials.Material_SandS_1</Name>
    <CashValueModifier>WeaponPartCost1_Common</CashValueModifier>
    <TechLevelIncrease>1</TechLevelIncrease>
    <Rarity>0</Rarity>
    <WeaponClipSize>0.400000,None</WeaponClipSize>
    <WeaponReloadSpeed>0.190000</WeaponReloadSpeed>
  </Section>
  <Section>
    <Name>ManufacturerMaterials.Material_SandS_0_starter</Name>
    <CashValueModifier>WeaponPartCost0_Cheap</CashValueModifier>
    <Rarity>0</Rarity>
    <WeaponDamage>-0.150000</WeaponDamage>
    <WeaponClipSize>0.300000,None</WeaponClipSize>
    <WeaponReloadSpeed>0.190000</WeaponReloadSpeed>
  </Section>
  <Section>
    <Name>ManufacturerMaterials.Material_Pangolin_1</Name>
    <CashValueModifier>WeaponPartCost1_Common</CashValueModifier>
    <Rarity>0</Rarity>
  </Section>
  <Section>
    <Name>ManufacturerMaterials.Material_Maliwan_3</Name>
    <PartName> C</PartName>
    <CashValueModifier>WeaponPartCost4_Rare</CashValueModifier>
    <TechLevelIncrease>5</TechLevelIncrease>
    <Rarity>5</Rarity>
    <WeaponDamage>0.100000</WeaponDamage>
    <WeaponSpread>-0.250000</WeaponSpread>
    <WeaponReloadSpeed>-0.250000</WeaponReloadSpeed>
  </Section>
  <Section>
    <Name>ManufacturerMaterials.Material_Maliwan_2</Name>
    <PartName> B</PartName>
    <CashValueModifier>WeaponPartCost3_Uncommoner</CashValueModifier>
    <TechLevelIncrease>4</TechLevelIncrease>
    <Rarity>3</Rarity>
    <WeaponDamage>0.050000</WeaponDamage>
    <WeaponSpread>-0.110000</WeaponSpread>
    <WeaponReloadSpeed>-0.110000</WeaponReloadSpeed>
  </Section>
  <Section>
    <Name>ManufacturerMaterials.Material_Maliwan_1</Name>
    <CashValueModifier>WeaponPartCost1_Common</CashValueModifier>
    <TechLevelIncrease>4</TechLevelIncrease>
    <Rarity>0</Rarity>
  </Section>
  <Section>
    <Name>ManufacturerMaterials.Material_Maliwan_0_starter</Name>
    <CashValueModifier>WeaponPartCost0_Cheap</CashValueModifier>
    <TechLevelIncrease>-1</TechLevelIncrease>
    <Rarity>0</Rarity>
  </Section>
  <Section>
    <Name>ManufacturerMaterials.Material_Jakobs_3</Name>
    <PartName> XX</PartName>
    <CashValueModifier>WeaponPartCost4_Rare</CashValueModifier>
    <Rarity>5</Rarity>
    <WeaponDamage>0.500000</WeaponDamage>
    <WeaponPerShotAccuracyImpulse>0.450000</WeaponPerShotAccuracyImpulse>
    <WeaponFireRate>0.500000</WeaponFireRate>
    <WeaponSpread>0.600000</WeaponSpread>
    <WeaponKnockback>6.000000</WeaponKnockback>
  </Section>
  <Section>
    <Name>ManufacturerMaterials.Material_Jakobs_2</Name>
    <PartName> ZZ</PartName>
    <CashValueModifier>WeaponPartCost3_Uncommoner</CashValueModifier>
    <Rarity>3</Rarity>
    <WeaponDamage>0.250000</WeaponDamage>
    <WeaponPerShotAccuracyImpulse>0.280000</WeaponPerShotAccuracyImpulse>
    <WeaponFireRate>0.500000</WeaponFireRate>
    <WeaponSpread>-0.500000</WeaponSpread>
  </Section>
  <Section>
    <Name>ManufacturerMaterials.Material_Jakobs_1</Name>
    <CashValueModifier>WeaponPartCost1_Common</CashValueModifier>
    <Rarity>0</Rarity>
    <WeaponDamage>0.350000</WeaponDamage>
    <WeaponPerShotAccuracyImpulse>0.300000</WeaponPerShotAccuracyImpulse>
    <WeaponFireRate>0.500000</WeaponFireRate>
  </Section>
  <Section>
    <Name>ManufacturerMaterials.Material_Jakobs_0_starter</Name>
    <CashValueModifier>WeaponPartCost0_Cheap</CashValueModifier>
    <Rarity>0</Rarity>
    <WeaponPerShotAccuracyImpulse>0.300000</WeaponPerShotAccuracyImpulse>
    <WeaponFireRate>0.150000</WeaponFireRate>
  </Section>
  <Section>
    <Name>ManufacturerMaterials.Material_Hyperion_3</Name>
    <PartName>.G</PartName>
    <CashValueModifier>WeaponPartCost4_Rare</CashValueModifier>
    <TechLevelIncrease>1</TechLevelIncrease>
    <Rarity>5</Rarity>
    <MinAccuracy>-0.500000</MinAccuracy>
    <WeaponDamage>0.100000</WeaponDamage>
    <WeaponSpread>-1.000000</WeaponSpread>
    <WeaponPerShotAccuracyImpulse>-0.800000</WeaponPerShotAccuracyImpulse>
    <WeaponReloadSpeed>-0.300000</WeaponReloadSpeed>
    <CardWeaponPerShotAccuracyImpulse>3.000000</CardWeaponPerShotAccuracyImpulse>
  </Section>
  <Section>
    <Name>ManufacturerMaterials.Material_Hyperion_2</Name>
    <PartName>.W</PartName>
    <CashValueModifier>WeaponPartCost3_Uncommoner</CashValueModifier>
    <TechLevelIncrease>1</TechLevelIncrease>
    <Rarity>3</Rarity>
    <MinAccuracy>-0.500000</MinAccuracy>
    <WeaponDamage>0.050000</WeaponDamage>
    <WeaponSpread>-0.850000</WeaponSpread>
    <WeaponPerShotAccuracyImpulse>-0.700000</WeaponPerShotAccuracyImpulse>
    <WeaponFireRate>-0.300000</WeaponFireRate>
    <CardWeaponPerShotAccuracyImpulse>3.000000</CardWeaponPerShotAccuracyImpulse>
  </Section>
  <Section>
    <Name>ManufacturerMaterials.Material_Hyperion_1</Name>
    <CashValueModifier>WeaponPartCost1_Common</CashValueModifier>
    <TechLevelIncrease>1</TechLevelIncrease>
    <Rarity>0</Rarity>
    <MinAccuracy>-0.500000</MinAccuracy>
    <WeaponSpread>-0.700000</WeaponSpread>
    <WeaponPerShotAccuracyImpulse>-0.700000</WeaponPerShotAccuracyImpulse>
    <CardWeaponPerShotAccuracyImpulse>3.000000</CardWeaponPerShotAccuracyImpulse>
  </Section>
  <Section>
    <Name>ManufacturerMaterials.Material_Hyperion_0_starter</Name>
    <CashValueModifier>WeaponPartCost0_Cheap</CashValueModifier>
    <TechLevelIncrease>1</TechLevelIncrease>
    <Rarity>0</Rarity>
    <MinAccuracy>-0.500000</MinAccuracy>
    <WeaponSpread>-0.700000</WeaponSpread>
    <WeaponPerShotAccuracyImpulse>-0.700000</WeaponPerShotAccuracyImpulse>
    <CardWeaponPerShotAccuracyImpulse>3.000000</CardWeaponPerShotAccuracyImpulse>
  </Section>
  <Section>
    <Name>ManufacturerMaterials.Material_Gearbox_3</Name>
    <PartName>-BIA</PartName>
    <CashValueModifier>WeaponPartCost1_Common</CashValueModifier>
    <Rarity>0</Rarity>
    <WeaponDamage>0.200000</WeaponDamage>
    <WeaponPerShotAccuracyImpulse>0.200000</WeaponPerShotAccuracyImpulse>
    <WeaponReloadSpeed>-0.200000</WeaponReloadSpeed>
    <WeaponSpread>0.200000</WeaponSpread>
  </Section>
  <Section>
    <Name>ManufacturerMaterials.Material_Gearbox_2</Name>
    <PartName>-OP4</PartName>
    <CashValueModifier>WeaponPartCost1_Common</CashValueModifier>
    <Rarity>0</Rarity>
    <WeaponDamage>0.150000</WeaponDamage>
    <WeaponPerShotAccuracyImpulse>0.200000</WeaponPerShotAccuracyImpulse>
    <WeaponReloadSpeed>-0.200000</WeaponReloadSpeed>
    <WeaponSpread>0.200000</WeaponSpread>
  </Section>
  <Section>
    <Name>ManufacturerMaterials.Material_Gearbox_1</Name>
    <PartName>-XX</PartName>
    <CashValueModifier>WeaponPartCost1_Common</CashValueModifier>
    <Rarity>0</Rarity>
    <WeaponDamage>0.100000</WeaponDamage>
    <WeaponPerShotAccuracyImpulse>0.200000</WeaponPerShotAccuracyImpulse>
    <WeaponReloadSpeed>-0.200000</WeaponReloadSpeed>
    <WeaponSpread>0.200000</WeaponSpread>
  </Section>
  <Section>
    <Name>ManufacturerMaterials.Material_Eridan_1</Name>
    <CashValueModifier>WeaponPartCost1_Common</CashValueModifier>
    <Rarity>0</Rarity>
  </Section>
  <Section>
    <Name>ManufacturerMaterials.Material_Dahl_3</Name>
    <PartName>D</PartName>
    <CashValueModifier>WeaponPartCost4_Rare</CashValueModifier>
    <Rarity>5</Rarity>
    <IdleAccuracyRegenRate>-0.230000</IdleAccuracyRegenRate>
    <MaxAccuracy>-0.600000</MaxAccuracy>
    <WeaponDamage>0.100000</WeaponDamage>
    <WeaponPerShotAccuracyImpulse>-0.800000</WeaponPerShotAccuracyImpulse>
    <WeaponSpread>0.150000</WeaponSpread>
    <CardWeaponPerShotAccuracyImpulse>3.000000</CardWeaponPerShotAccuracyImpulse>
  </Section>
  <Section>
    <Name>ManufacturerMaterials.Material_Dahl_2</Name>
    <PartName> U</PartName>
    <CashValueModifier>WeaponPartCost3_Uncommoner</CashValueModifier>
    <Rarity>3</Rarity>
    <IdleAccuracyRegenRate>-0.230000</IdleAccuracyRegenRate>
    <MaxAccuracy>-0.600000</MaxAccuracy>
    <MinAccuracy>0.100000</MinAccuracy>
    <WeaponDamage>0.050000</WeaponDamage>
    <WeaponPerShotAccuracyImpulse>-0.400000</WeaponPerShotAccuracyImpulse>
    <WeaponSpread>0.150000</WeaponSpread>
    <WeaponReloadSpeed>-0.240000</WeaponReloadSpeed>
    <CardWeaponPerShotAccuracyImpulse>3.000000</CardWeaponPerShotAccuracyImpulse>
  </Section>
  <Section>
    <Name>ManufacturerMaterials.Material_Dahl_1</Name>
    <CashValueModifier>WeaponPartCost1_Common</CashValueModifier>
    <Rarity>0</Rarity>
    <IdleAccuracyRegenRate>-0.230000</IdleAccuracyRegenRate>
    <MaxAccuracy>-0.600000</MaxAccuracy>
    <MinAccuracy>0.150000</MinAccuracy>
    <WeaponPerShotAccuracyImpulse>-0.300000</WeaponPerShotAccuracyImpulse>
    <WeaponSpread>0.200000</WeaponSpread>
    <CardWeaponPerShotAccuracyImpulse>3.000000</CardWeaponPerShotAccuracyImpulse>
  </Section>
  <Section>
    <Name>ManufacturerMaterials.Material_Dahl_0_starter</Name>
    <CashValueModifier>WeaponPartCost0_Cheap</CashValueModifier>
    <Rarity>0</Rarity>
    <MaxAccuracy>-0.300000</MaxAccuracy>
    <MinAccuracy>0.150000</MinAccuracy>
    <WeaponPerShotAccuracyImpulse>-0.200000</WeaponPerShotAccuracyImpulse>
    <WeaponDamage>-0.150000</WeaponDamage>
    <CardWeaponPerShotAccuracyImpulse>3.000000</CardWeaponPerShotAccuracyImpulse>
  </Section>
  <Section>
    <Name>ManufacturerMaterials.Material_Corraza_1</Name>
    <CashValueModifier>WeaponPartCost1_Common</CashValueModifier>
    <Rarity>0</Rarity>
  </Section>
  <Section>
    <Name>ManufacturerMaterials.Material_Atlas_3</Name>
    <CashValueModifier>WeaponPartCost4_Rare</CashValueModifier>
    <TechLevelIncrease>2</TechLevelIncrease>
    <Rarity>5</Rarity>
    <WeaponDamage>0.200000</WeaponDamage>
    <WeaponPerShotAccuracyImpulse>0.110000</WeaponPerShotAccuracyImpulse>
    <WeaponFireRate>-0.050000</WeaponFireRate>
    <WeaponClipSize>0.150000,None</WeaponClipSize>
    <CardWeaponPerShotAccuracyImpulse>3.000000</CardWeaponPerShotAccuracyImpulse>
  </Section>
  <Section>
    <Name>ManufacturerMaterials.Material_Atlas_2</Name>
    <CashValueModifier>WeaponPartCost3_Uncommoner</CashValueModifier>
    <TechLevelIncrease>1</TechLevelIncrease>
    <Rarity>3</Rarity>
    <WeaponDamage>0.150000</WeaponDamage>
    <WeaponPerShotAccuracyImpulse>0.110000</WeaponPerShotAccuracyImpulse>
    <WeaponFireRate>-0.050000</WeaponFireRate>
    <WeaponClipSize>0.150000,None</WeaponClipSize>
    <CardWeaponPerShotAccuracyImpulse>3.000000</CardWeaponPerShotAccuracyImpulse>
  </Section>
  <Section>
    <Name>ManufacturerMaterials.Material_Atlas_1</Name>
    <CashValueModifier>WeaponPartCost1_Common</CashValueModifier>
    <TechLevelIncrease>1</TechLevelIncrease>
    <Rarity>0</Rarity>
    <WeaponDamage>0.100000</WeaponDamage>
    <WeaponPerShotAccuracyImpulse>0.110000</WeaponPerShotAccuracyImpulse>
    <WeaponFireRate>-0.050000</WeaponFireRate>
    <WeaponClipSize>0.150000,None</WeaponClipSize>
    <CardWeaponPerShotAccuracyImpulse>3.000000</CardWeaponPerShotAccuracyImpulse>
  </Section>
  <Section>
    <Name>ManufacturerMaterials.Material_Anshin_1</Name>
    <CashValueModifier>WeaponPartCost1_Common</CashValueModifier>
    <Rarity>0</Rarity>
  </Section>
  <Section>
    <Name>CustomMaterials.Material_GunPack_4</Name>
    <PartName>-BIA</PartName>
    <CashValueModifier>WeaponPartCost1_Common</CashValueModifier>
    <Rarity>0</Rarity>
    <WeaponDamage>0.200000</WeaponDamage>
    <WeaponPerShotAccuracyImpulse>0.200000</WeaponPerShotAccuracyImpulse>
    <WeaponReloadSpeed>-0.200000</WeaponReloadSpeed>
    <WeaponSpread>0.200000</WeaponSpread>
  </Section>
  <Section>
    <Name>CustomMaterials.Material_GunPack_3</Name>
    <PartName>-BIA</PartName>
    <CashValueModifier>WeaponPartCost1_Common</CashValueModifier>
    <Rarity>0</Rarity>
    <WeaponDamage>0.200000</WeaponDamage>
    <WeaponPerShotAccuracyImpulse>0.200000</WeaponPerShotAccuracyImpulse>
    <WeaponReloadSpeed>-0.200000</WeaponReloadSpeed>
    <WeaponSpread>0.200000</WeaponSpread>
  </Section>
  <Section>
    <Name>CustomMaterials.Material_GunPack_2</Name>
    <PartName>-BIA</PartName>
    <CashValueModifier>WeaponPartCost1_Common</CashValueModifier>
    <Rarity>0</Rarity>
    <WeaponDamage>0.200000</WeaponDamage>
    <WeaponPerShotAccuracyImpulse>0.200000</WeaponPerShotAccuracyImpulse>
    <WeaponReloadSpeed>-0.200000</WeaponReloadSpeed>
    <WeaponSpread>0.200000</WeaponSpread>
  </Section>
  <Section>
    <Name>CustomMaterials.Material_GunPack_1</Name>
    <PartName>-BIA</PartName>
    <CashValueModifier>WeaponPartCost1_Common</CashValueModifier>
    <Rarity>0</Rarity>
    <WeaponDamage>0.200000</WeaponDamage>
    <WeaponPerShotAccuracyImpulse>0.200000</WeaponPerShotAccuracyImpulse>
    <WeaponReloadSpeed>-0.200000</WeaponReloadSpeed>
    <WeaponSpread>0.200000</WeaponSpread>
  </Section>
</INI>