<?xml version="1.0" encoding="us-ascii"?>
<!--Comment-->
<INI>
  <Section>
    <Name>Title_Tech.Title_DTShock4_Storm</Name>
    <PartName>Storm</PartName>
    <CashValueModifier>WeaponPartCost1_Common</CashValueModifier>
    <Rarity>0</Rarity>
  </Section>
  <Section>
    <Name>Title_Tech.Title_DTShock3_Thunder</Name>
    <PartName>Thunder</PartName>
    <CashValueModifier>WeaponPartCost1_Common</CashValueModifier>
    <Rarity>0</Rarity>
  </Section>
  <Section>
    <Name>Title_Tech.Title_DTShock2_Voltage</Name>
    <PartName>Voltage</PartName>
    <CashValueModifier>WeaponPartCost1_Common</CashValueModifier>
    <Rarity>0</Rarity>
  </Section>
  <Section>
    <Name>Title_Tech.Title_DTShock1_Shocker</Name>
    <PartName>Shocker</PartName>
    <CashValueModifier>WeaponPartCost1_Common</CashValueModifier>
    <Rarity>0</Rarity>
  </Section>
  <Section>
    <Name>Title_Tech.Title_DTIncendiary4_Inferno</Name>
    <PartName>Inferno</PartName>
    <CashValueModifier>WeaponPartCost1_Common</CashValueModifier>
    <Rarity>0</Rarity>
  </Section>
  <Section>
    <Name>Title_Tech.Title_DTIncendiary3_Burn</Name>
    <PartName>Burn</PartName>
    <CashValueModifier>WeaponPartCost1_Common</CashValueModifier>
    <Rarity>0</Rarity>
  </Section>
  <Section>
    <Name>Title_Tech.Title_DTIncendiary2_Heat</Name>
    <PartName>Heat</PartName>
    <CashValueModifier>WeaponPartCost1_Common</CashValueModifier>
    <Rarity>0</Rarity>
  </Section>
  <Section>
    <Name>Title_Tech.Title_DTIncendiary1_Fire</Name>
    <PartName>Fire</PartName>
    <CashValueModifier>WeaponPartCost1_Common</CashValueModifier>
    <Rarity>0</Rarity>
  </Section>
  <Section>
    <Name>Title_Tech.Title_DTExplosive4_Eruption</Name>
    <PartName>Eruption</PartName>
    <CashValueModifier>WeaponPartCost1_Common</CashValueModifier>
    <Rarity>0</Rarity>
  </Section>
  <Section>
    <Name>Title_Tech.Title_DTExplosive3_Detonation</Name>
    <PartName>Detonation</PartName>
    <CashValueModifier>WeaponPartCost1_Common</CashValueModifier>
    <Rarity>0</Rarity>
  </Section>
  <Section>
    <Name>Title_Tech.Title_DTExplosive2_Bang</Name>
    <PartName>Bang</PartName>
    <CashValueModifier>WeaponPartCost1_Common</CashValueModifier>
    <Rarity>0</Rarity>
  </Section>
  <Section>
    <Name>Title_Tech.Title_DTExplosive1_Explosion</Name>
    <PartName>Explosion</PartName>
    <CashValueModifier>WeaponPartCost1_Common</CashValueModifier>
    <Rarity>0</Rarity>
  </Section>
  <Section>
    <Name>Title_Tech.Title_DTCorrosive4_Pestilence</Name>
    <PartName>Pestilence</PartName>
    <CashValueModifier>WeaponPartCost1_Common</CashValueModifier>
    <Rarity>0</Rarity>
  </Section>
  <Section>
    <Name>Title_Tech.Title_DTCorrosive3_Plague</Name>
    <PartName>Plague</PartName>
    <CashValueModifier>WeaponPartCost1_Common</CashValueModifier>
    <Rarity>0</Rarity>
  </Section>
  <Section>
    <Name>Title_Tech.Title_DTCorrosive2_Decay</Name>
    <PartName>Decay</PartName>
    <CashValueModifier>WeaponPartCost1_Common</CashValueModifier>
    <Rarity>0</Rarity>
  </Section>
  <Section>
    <Name>Title_Tech.Title_DTCorrosive1_Corrosion</Name>
    <PartName>Corrosion</PartName>
    <CashValueModifier>WeaponPartCost1_Common</CashValueModifier>
    <Rarity>0</Rarity>
  </Section>
  <Section>
    <Name>Prefix_Tech.Prefix_DTShock4_Fulgurating</Name>
    <PartName>Fulgurating</PartName>
    <CashValueModifier>WeaponPartCost1_Common</CashValueModifier>
    <Rarity>0</Rarity>
  </Section>
  <Section>
    <Name>Prefix_Tech.Prefix_DTShock3_Lightning</Name>
    <PartName>Lightning</PartName>
    <CashValueModifier>WeaponPartCost1_Common</CashValueModifier>
    <Rarity>0</Rarity>
  </Section>
  <Section>
    <Name>Prefix_Tech.Prefix_DTShock2_Static</Name>
    <PartName>Static</PartName>
    <CashValueModifier>WeaponPartCost1_Common</CashValueModifier>
    <Rarity>0</Rarity>
  </Section>
  <Section>
    <Name>Prefix_Tech.Prefix_DTShock1_Shock</Name>
    <PartName>Shock</PartName>
    <CashValueModifier>WeaponPartCost1_Common</CashValueModifier>
    <Rarity>0</Rarity>
  </Section>
  <Section>
    <Name>Prefix_Tech.Prefix_DTIncendiary4_Combustion</Name>
    <PartName>Combustion</PartName>
    <CashValueModifier>WeaponPartCost1_Common</CashValueModifier>
    <Rarity>0</Rarity>
  </Section>
  <Section>
    <Name>Prefix_Tech.Prefix_DTIncendiary3_Burning</Name>
    <PartName>Burning</PartName>
    <CashValueModifier>WeaponPartCost1_Common</CashValueModifier>
    <Rarity>0</Rarity>
  </Section>
  <Section>
    <Name>Prefix_Tech.Prefix_DTIncendiary2_Incendiary</Name>
    <PartName>Incendiary</PartName>
    <CashValueModifier>WeaponPartCost1_Common</CashValueModifier>
    <Rarity>0</Rarity>
  </Section>
  <Section>
    <Name>Prefix_Tech.Prefix_DTIncendiary1_Flaming</Name>
    <PartName>Flaming</PartName>
    <CashValueModifier>WeaponPartCost1_Common</CashValueModifier>
    <Rarity>0</Rarity>
  </Section>
  <Section>
    <Name>Prefix_Tech.Prefix_DTExplosive4_Erupting</Name>
    <PartName>Erupting</PartName>
    <CashValueModifier>WeaponPartCost1_Common</CashValueModifier>
    <Rarity>0</Rarity>
  </Section>
  <Section>
    <Name>Prefix_Tech.Prefix_DTExplosive3_Detonating</Name>
    <PartName>Detonating</PartName>
    <CashValueModifier>WeaponPartCost1_Common</CashValueModifier>
    <Rarity>0</Rarity>
  </Section>
  <Section>
    <Name>Prefix_Tech.Prefix_DTExplosive2_Blast</Name>
    <PartName>Blast</PartName>
    <CashValueModifier>WeaponPartCost1_Common</CashValueModifier>
    <Rarity>0</Rarity>
  </Section>
  <Section>
    <Name>Prefix_Tech.Prefix_DTExplosive1_Exploding</Name>
    <PartName>Exploding</PartName>
    <CashValueModifier>WeaponPartCost1_Common</CashValueModifier>
    <Rarity>0</Rarity>
  </Section>
  <Section>
    <Name>Prefix_Tech.Prefix_DTCorrosive4_Pestilent</Name>
    <PartName>Pestilent</PartName>
    <CashValueModifier>WeaponPartCost1_Common</CashValueModifier>
    <Rarity>0</Rarity>
  </Section>
  <Section>
    <Name>Prefix_Tech.Prefix_DTCorrosive3_Vitriolic</Name>
    <PartName>Vitriolic</PartName>
    <CashValueModifier>WeaponPartCost1_Common</CashValueModifier>
    <Rarity>0</Rarity>
  </Section>
  <Section>
    <Name>Prefix_Tech.Prefix_DTCorrosive2_Caustic</Name>
    <PartName>Caustic</PartName>
    <CashValueModifier>WeaponPartCost1_Common</CashValueModifier>
    <Rarity>0</Rarity>
  </Section>
  <Section>
    <Name>Prefix_Tech.Prefix_DTCorrosive1_Corrosive</Name>
    <PartName>Corrosive</PartName>
    <CashValueModifier>WeaponPartCost1_Common</CashValueModifier>
    <Rarity>0</Rarity>
  </Section>
  <Section>
    <Name>Prefix_Starter.Prefix__Starter_SecondHand</Name>
    <PartName>Second Hand</PartName>
    <CashValueModifier>WeaponPartCost1_Common</CashValueModifier>
    <Rarity>0</Rarity>
    <WeaponDamage>-0.200000</WeaponDamage>
  </Section>
  <Section>
    <Name>Prefix_Starter.Prefix__RolandRifle_Defective</Name>
    <PartName>Defective</PartName>
    <CashValueModifier>WeaponPartCost1_Common</CashValueModifier>
    <Rarity>0</Rarity>
    <WeaponDamage>-0.200000</WeaponDamage>
  </Section>
  <Section>
    <Name>Prefix_Starter.Prefix__RolandPistol_Used</Name>
    <PartName>Used</PartName>
    <CashValueModifier>WeaponPartCost1_Common</CashValueModifier>
    <Rarity>0</Rarity>
    <WeaponDamage>-0.200000</WeaponDamage>
  </Section>
  <Section>
    <Name>Prefix_Starter.Prefix__MordecaiSniper_Old</Name>
    <PartName>Old</PartName>
    <CashValueModifier>WeaponPartCost1_Common</CashValueModifier>
    <Rarity>0</Rarity>
    <WeaponDamage>-0.200000</WeaponDamage>
  </Section>
  <Section>
    <Name>Prefix_Starter.Prefix__MordecaiPistol_SecondHand</Name>
    <PartName>Second Hand</PartName>
    <CashValueModifier>WeaponPartCost1_Common</CashValueModifier>
    <Rarity>0</Rarity>
    <WeaponDamage>-0.200000</WeaponDamage>
  </Section>
  <Section>
    <Name>Prefix_Starter.Prefix__LilithSMG_Simple</Name>
    <PartName>Simple</PartName>
    <CashValueModifier>WeaponPartCost1_Common</CashValueModifier>
    <Rarity>0</Rarity>
    <WeaponDamage>-0.200000</WeaponDamage>
  </Section>
  <Section>
    <Name>Prefix_Starter.Prefix__LilithPistol_Subpar</Name>
    <PartName>Sub-par</PartName>
    <CashValueModifier>WeaponPartCost1_Common</CashValueModifier>
    <Rarity>0</Rarity>
    <WeaponDamage>-0.200000</WeaponDamage>
  </Section>
  <Section>
    <Name>Prefix_Starter.Prefix__BrickShotgun_Busted</Name>
    <PartName>Busted</PartName>
    <CashValueModifier>WeaponPartCost1_Common</CashValueModifier>
    <Rarity>0</Rarity>
    <WeaponDamage>-0.200000</WeaponDamage>
  </Section>
  <Section>
    <Name>Prefix_Starter.Prefix__BrickPistol_Rusty</Name>
    <PartName>Rusty</PartName>
    <CashValueModifier>WeaponPartCost1_Common</CashValueModifier>
    <Rarity>0</Rarity>
    <WeaponDamage>-0.200000</WeaponDamage>
  </Section>
  <Section>
    <Name>Prefix.PrefixU_blank</Name>
    <CashValueModifier>WeaponPartCost1_Common</CashValueModifier>
    <Rarity>0</Rarity>
  </Section>
  <Section>
    <Name>Prefix.Prefix_Scope2_Scoped</Name>
    <PartName>Scoped</PartName>
    <CashValueModifier>WeaponPartCost1_Common</CashValueModifier>
    <Rarity>0</Rarity>
  </Section>
  <Section>
    <Name>Prefix.Prefix_Scope1_Sighted</Name>
    <PartName>Scoped</PartName>
    <CashValueModifier>WeaponPartCost1_Common</CashValueModifier>
    <Rarity>0</Rarity>
  </Section>
  <Section>
    <Name>Prefix.Prefix_QualityLow_Vladof_Rusty</Name>
    <PartName>Rusty</PartName>
    <CashValueModifier>WeaponPartCost0_Cheap</CashValueModifier>
    <Rarity>0</Rarity>
    <WeaponDamage>-0.130000</WeaponDamage>
  </Section>
  <Section>
    <Name>Prefix.Prefix_QualityLow_Torgue_Weaksauce</Name>
    <PartName>Weaksauce</PartName>
    <CashValueModifier>WeaponPartCost0_Cheap</CashValueModifier>
    <Rarity>0</Rarity>
    <WeaponDamage>-0.130000</WeaponDamage>
  </Section>
  <Section>
    <Name>Prefix.Prefix_QualityLow_Tediore_Cheap</Name>
    <PartName>Cheap</PartName>
    <CashValueModifier>WeaponPartCost0_Cheap</CashValueModifier>
    <Rarity>0</Rarity>
    <WeaponDamage>-0.130000</WeaponDamage>
  </Section>
  <Section>
    <Name>Prefix.Prefix_QualityLow_SandS_Old</Name>
    <PartName>Old</PartName>
    <CashValueModifier>WeaponPartCost0_Cheap</CashValueModifier>
    <Rarity>0</Rarity>
    <WeaponDamage>-0.130000</WeaponDamage>
  </Section>
  <Section>
    <Name>Prefix.Prefix_QualityLow_Maliwan_Obsolete</Name>
    <PartName>Obsolete</PartName>
    <CashValueModifier>WeaponPartCost0_Cheap</CashValueModifier>
    <Rarity>0</Rarity>
    <WeaponDamage>-0.130000</WeaponDamage>
  </Section>
  <Section>
    <Name>Prefix.Prefix_QualityLow_Jakobs_Plywood</Name>
    <PartName>Plywood</PartName>
    <CashValueModifier>WeaponPartCost0_Cheap</CashValueModifier>
    <Rarity>0</Rarity>
    <WeaponDamage>-0.130000</WeaponDamage>
  </Section>
  <Section>
    <Name>Prefix.Prefix_QualityLow_Hyperion_Substandard</Name>
    <PartName>Substandard</PartName>
    <CashValueModifier>WeaponPartCost0_Cheap</CashValueModifier>
    <Rarity>0</Rarity>
    <WeaponDamage>-0.130000</WeaponDamage>
  </Section>
  <Section>
    <Name>Prefix.Prefix_QualityLow_Dahl_Surplus</Name>
    <PartName>Surplus</PartName>
    <CashValueModifier>WeaponPartCost0_Cheap</CashValueModifier>
    <Rarity>0</Rarity>
    <WeaponDamage>-0.130000</WeaponDamage>
  </Section>
  <Section>
    <Name>Prefix.Prefix_QualityLow_Atlas_Puny</Name>
    <PartName>Puny</PartName>
    <CashValueModifier>WeaponPartCost0_Cheap</CashValueModifier>
    <Rarity>0</Rarity>
    <WeaponDamage>-0.130000</WeaponDamage>
  </Section>
  <Section>
    <Name>Prefix.Prefix_Quality3_Genocide</Name>
    <PartName>Genocide</PartName>
    <CashValueModifier>WeaponPartCost1_Common</CashValueModifier>
    <TechLevelIncrease>1</TechLevelIncrease>
    <Rarity>0</Rarity>
    <WeaponDamage>0.120000</WeaponDamage>
  </Section>
  <Section>
    <Name>Prefix.Prefix_Quality2_War</Name>
    <PartName>War</PartName>
    <CashValueModifier>WeaponPartCost1_Common</CashValueModifier>
    <TechLevelIncrease>1</TechLevelIncrease>
    <Rarity>0</Rarity>
    <WeaponDamage>0.090000</WeaponDamage>
  </Section>
  <Section>
    <Name>Prefix.Prefix_Quality1_Battle</Name>
    <PartName>Battle</PartName>
    <CashValueModifier>WeaponPartCost1_Common</CashValueModifier>
    <TechLevelIncrease>1</TechLevelIncrease>
    <Rarity>0</Rarity>
    <WeaponDamage>0.060000</WeaponDamage>
  </Section>
  <Section>
    <Name>Prefix.Prefix_Projectiles1_Double</Name>
    <PartName>Double</PartName>
    <CashValueModifier>WeaponPartCost1_Common</CashValueModifier>
    <Rarity>0</Rarity>
  </Section>
  <Section>
    <Name>Prefix.Prefix_Assault</Name>
    <PartName>Assault</PartName>
    <CashValueModifier>WeaponPartCost1_Common</CashValueModifier>
    <Rarity>0</Rarity>
  </Section>
  <Section>
    <Name>Prefix.Prefix__Combat</Name>
    <PartName>Combat</PartName>
    <CashValueModifier>WeaponPartCost1_Common</CashValueModifier>
    <Rarity>0</Rarity>
  </Section>
  <Section>
    <Name>Prefix.Prefix__Basic</Name>
    <PartName>Basic</PartName>
    <CashValueModifier>WeaponPartCost1_Common</CashValueModifier>
    <Rarity>0</Rarity>
  </Section>
</INI>