<?xml version="1.0" encoding="us-ascii"?>
<!--Comment-->
<INI>
  <Section>
    <Name>UniqueParts.TheClipper_Material</Name>
    <CashValueModifier>WeaponPartCost1_Common</CashValueModifier>
    <Rarity>0</Rarity>
    <WeaponSpread>0.500000</WeaponSpread>
    <WeaponReloadSpeed>-0.300000</WeaponReloadSpeed>
  </Section>
  <Section>
    <Name>UniqueParts.TheClipper_acc5_Incendiary</Name>
    <PartName>The Clipper</PartName>
    <CashValueModifier>WeaponPartCost3_Uncommoner</CashValueModifier>
    <TechLevelIncrease>6</TechLevelIncrease>
    <Rarity>3</Rarity>
    <WeaponDamage>-0.400000</WeaponDamage>
    <PartNumberAddend>88</PartNumberAddend>
  </Section>
  <Section>
    <Name>Title.TitleU_NineToes_TheClipper</Name>
    <Description>Don't drop it... might lose a toe.</Description>
    <PartName>The Clipper</PartName>
    <CashValueModifier>WeaponPartCost4_Rare</CashValueModifier>
    <Rarity>5</Rarity>
  </Section>
  <Section>
    <Name>Title.TitleM_Vladof1_Vengence</Name>
    <Description>Vengeance is Yours</Description>
    <PartName>Vengeance</PartName>
    <CashValueModifier>WeaponPartCost1_Common</CashValueModifier>
    <Rarity>50</Rarity>
  </Section>
  <Section>
    <Name>Title.TitleM_SandS1_Thanatos</Name>
    <Description>Big Tony says \"Hi\"</Description>
    <PartName>Thanatos</PartName>
    <CashValueModifier>WeaponPartCost1_Common</CashValueModifier>
    <Rarity>50</Rarity>
  </Section>
  <Section>
    <Name>Title.TitleM_Hyperion1_Reaper</Name>
    <Description>Slice Slice</Description>
    <PartName>Reaper</PartName>
    <CashValueModifier>WeaponPartCost1_Common</CashValueModifier>
    <Rarity>50</Rarity>
  </Section>
  <Section>
    <Name>Title.Title_Firerate1_Rage</Name>
    <PartName>Rage</PartName>
    <CashValueModifier>WeaponPartCost2_Uncommon</CashValueModifier>
    <Rarity>1</Rarity>
    <WeaponBurstCount>5.000000</WeaponBurstCount>
    <WeaponFireRate>-1.000000</WeaponFireRate>
    <WeaponPerShotAccuracyImpulse>1.000000</WeaponPerShotAccuracyImpulse>
  </Section>
  <Section>
    <Name>Title.Title_Damage1_Torment</Name>
    <PartName>Torment</PartName>
    <CashValueModifier>WeaponPartCost2_Uncommon</CashValueModifier>
    <TechLevelIncrease>3</TechLevelIncrease>
    <Rarity>1</Rarity>
    <WeaponClipSize>2.000000,MT_PreAdd</WeaponClipSize>
    <WeaponDamage>0.100000</WeaponDamage>
  </Section>
  <Section>
    <Name>Title.Title_AccuracyLow1_Fury</Name>
    <PartName>Fury</PartName>
    <CashValueModifier>WeaponPartCost2_Uncommon</CashValueModifier>
    <Rarity>1</Rarity>
    <WeaponSpread>0.600000</WeaponSpread>
    <WeaponClipSize>0.300000,None</WeaponClipSize>
    <WeaponFireRate>-0.250000</WeaponFireRate>
  </Section>
  <Section>
    <Name>Title.Title__MachinePistol</Name>
    <PartName>Machine Pistol</PartName>
    <CashValueModifier>WeaponPartCost1_Common</CashValueModifier>
    <Rarity>0</Rarity>
  </Section>
  <Section>
    <Name>Prefix.Prefix_TechQuality1_Vile</Name>
    <PartName>Vile</PartName>
    <CashValueModifier>WeaponPartCost1_Common</CashValueModifier>
    <TechLevelIncrease>4</TechLevelIncrease>
    <Rarity>0</Rarity>
    <WeaponDamage>0.100000</WeaponDamage>
  </Section>
  <Section>
    <Name>Prefix.Prefix_Raging</Name>
    <PartName>Raging</PartName>
    <CashValueModifier>WeaponPartCost1_Common</CashValueModifier>
    <TechLevelIncrease>4</TechLevelIncrease>
    <Rarity>0</Rarity>
  </Section>
  <Section>
    <Name>Prefix.Prefix_Quality3_Vile</Name>
    <PartName>Vile</PartName>
    <CashValueModifier>WeaponPartCost1_Common</CashValueModifier>
    <TechLevelIncrease>1</TechLevelIncrease>
    <Rarity>0</Rarity>
    <WeaponDamage>0.120000</WeaponDamage>
  </Section>
  <Section>
    <Name>Prefix.Prefix_Quality2_Grim</Name>
    <PartName>Grim</PartName>
    <CashValueModifier>WeaponPartCost1_Common</CashValueModifier>
    <TechLevelIncrease>1</TechLevelIncrease>
    <Rarity>0</Rarity>
    <WeaponDamage>0.090000</WeaponDamage>
  </Section>
  <Section>
    <Name>Prefix.Prefix_Quality1_Mean</Name>
    <PartName>Mean</PartName>
    <CashValueModifier>WeaponPartCost1_Common</CashValueModifier>
    <TechLevelIncrease>1</TechLevelIncrease>
    <Rarity>0</Rarity>
    <WeaponDamage>0.060000</WeaponDamage>
  </Section>
  <Section>
    <Name>Prefix.Prefix_Cold</Name>
    <PartName>Cold</PartName>
    <CashValueModifier>WeaponPartCost1_Common</CashValueModifier>
    <Rarity>0</Rarity>
    <CardWeaponPerShotAccuracyImpulse>2.000000</CardWeaponPerShotAccuracyImpulse>
  </Section>
  <Section>
    <Name>mag.mag3_SandS_Thanatos</Name>
    <PartNumberAddend>88</PartNumberAddend>
    <PartName>Thanatos</PartName>
    <CashValueModifier>WeaponPartCost6_Legendary</CashValueModifier>
    <Rarity>50</Rarity>
    <WeaponClipSize>30.00000,MT_PreAdd</WeaponClipSize>
    <WeaponReloadSpeed>-0.250000</WeaponReloadSpeed>
    <WeaponPerShotAccuracyImpulse>-0.200000</WeaponPerShotAccuracyImpulse>
  </Section>
  <Section>
    <Name>mag.mag3</Name>
    <PartNumberAddend>8</PartNumberAddend>
    <PartName>Extended Magazine</PartName>
    <CashValueModifier>WeaponPartCost1_Common</CashValueModifier>
    <Rarity>0</Rarity>
    <WeaponClipSize>10.00000,MT_PreAdd</WeaponClipSize>
  </Section>
  <Section>
    <Name>mag.mag2</Name>
    <PartNumberAddend>2</PartNumberAddend>
    <CashValueModifier>WeaponPartCost1_Common</CashValueModifier>
    <Rarity>0</Rarity>
  </Section>
  <Section>
    <Name>Grip.grip5</Name>
    <PartName>Hyperion</PartName>
    <CashValueModifier>WeaponPartCost1_Common</CashValueModifier>
    <Rarity>0</Rarity>
  </Section>
  <Section>
    <Name>Grip.grip3</Name>
    <PartName>S&amp;S Munitions</PartName>
    <CashValueModifier>WeaponPartCost1_Common</CashValueModifier>
    <Rarity>0</Rarity>
  </Section>
  <Section>
    <Name>Grip.grip2</Name>
    <PartName>Vladof</PartName>
    <CashValueModifier>WeaponPartCost1_Common</CashValueModifier>
    <Rarity>0</Rarity>
  </Section>
  <Section>
    <Name>Body.body5</Name>
    <PartName>TMP</PartName>
    <CashValueModifier>WeaponPartCost2_Uncommon</CashValueModifier>
    <Rarity>1</Rarity>
  </Section>
  <Section>
    <Name>Barrel.barrel5_Vladof_Vengence</Name>
    <CashValueModifier>WeaponPartCost6_Legendary</CashValueModifier>
    <TechLevelIncrease>1</TechLevelIncrease>
    <Rarity>1</Rarity>
    <MaxAccuracy>-0.400000</MaxAccuracy>
    <MinAccuracy>-0.750000</MinAccuracy>
    <WeaponDamage>0.150000</WeaponDamage>
    <WeaponPerShotAccuracyImpulse>-0.500000</WeaponPerShotAccuracyImpulse>
    <WeaponSpread>-1.300000</WeaponSpread>
    <WeaponClipSize>1.000000,MT_PreAdd</WeaponClipSize>
  </Section>
  <Section>
    <Name>acc.acc2_Rage</Name>
    <PartName>Rage</PartName>
    <CashValueModifier>WeaponPartCost2_Uncommon</CashValueModifier>
    <TechLevelIncrease>4</TechLevelIncrease>
    <Rarity>1</Rarity>
    <PartNumberAddend>55</PartNumberAddend>
  </Section>
  <Section>
    <Name>acc.acc2_Cold</Name>
    <PartName>Cold</PartName>
    <CashValueModifier>WeaponPartCost2_Uncommon</CashValueModifier>
    <TechLevelIncrease>4</TechLevelIncrease>
    <Rarity>1</Rarity>
    <IdleAccuracyRegenRate>1.000000</IdleAccuracyRegenRate>
    <WeaponPerShotAccuracyImpulse>-1.000000</WeaponPerShotAccuracyImpulse>
    <WeaponDamage>0.700000</WeaponDamage>
    <WeaponKnockback>2.000000</WeaponKnockback>
    <PartNumberAddend>55</PartNumberAddend>
  </Section>
  <Section>
    <Name>acc.acc1_Hyperion_Reaper</Name>
    <CashValueModifier>WeaponPartCost6_Legendary</CashValueModifier>
    <Rarity>3</Rarity>
    <WeaponFireRate>-0.250000</WeaponFireRate>
    <WeaponSpread>-0.250000</WeaponSpread>
  </Section>
  <Section>
    <Name>A_Weapon.WeaponType_machine_pistol</Name>
    <ClipSize>16</ClipSize>
    <WeaponDamageFormulaMultiplier>0.900000</WeaponDamageFormulaMultiplier>
    <Spread>2.000000</Spread>
    <PerShotAccuracyImpulse>1.500000</PerShotAccuracyImpulse>
    <FireRate>0.120000</FireRate>
    <ReloadTime>2.250000</ReloadTime>
    <IdleAccuracyRegenRate>2.000000</IdleAccuracyRegenRate>
    <ZoomMinAccuracy>-1.000000</ZoomMinAccuracy>
    <ZoomMaxAccuracy>-4.000000</ZoomMaxAccuracy>
    <BaseCashValueModifier>38</BaseCashValueModifier>
    <Presentation>repeater</Presentation>
  </Section>
  <Section>
    <Name>DELETEDELETE.Prefix_Quality1_Gridelete</Name>
    <Rarity>0</Rarity>
  </Section>
</INI>