<?xml version="1.0" encoding="us-ascii"?>
<!--Comment-->
<INI>
  <Section>
    <Name>UniqueParts.ShepsElephantGun_sight_none</Name>
    <CashValueModifier>WeaponPartCost1_Common</CashValueModifier>
    <Rarity>0</Rarity>
    <WeaponDamage>1.000000</WeaponDamage>
    <WeaponKnockback>4.000000</WeaponKnockback>
    <WeaponFireRate>-0.350000</WeaponFireRate>
  </Section>
  <Section>
    <Name>UniqueParts.ShepsElephantGun_Material</Name>
    <PartName> ZZ</PartName>
    <CashValueModifier>WeaponPartCost3_Uncommoner</CashValueModifier>
    <Rarity>3</Rarity>
    <WeaponDamage>0.200000</WeaponDamage>
    <WeaponPerShotAccuracyImpulse>0.280000</WeaponPerShotAccuracyImpulse>
    <WeaponFireRate>0.500000</WeaponFireRate>
    <WeaponSpread>-0.500000</WeaponSpread>
  </Section>
  <Section>
    <Name>UniqueParts.Nailer_Material</Name>
    <CashValueModifier>WeaponPartCost0_Cheap</CashValueModifier>
    <Rarity>0</Rarity>
    <IdleAccuracyRegenRate>-0.230000</IdleAccuracyRegenRate>
    <MaxAccuracy>-0.600000</MaxAccuracy>
    <MinAccuracy>0.150000</MinAccuracy>
    <WeaponPerShotAccuracyImpulse>-0.200000</WeaponPerShotAccuracyImpulse>
    <WeaponSpread>0.200000</WeaponSpread>
    <CardWeaponPerShotAccuracyImpulse>3.000000</CardWeaponPerShotAccuracyImpulse>
  </Section>
  <Section>
    <Name>UniqueParts.Nailer_barrel3</Name>
    <CashValueModifier>WeaponPartCost0_Cheap</CashValueModifier>
    <Rarity>0</Rarity>
    <MaxAccuracy>-0.300000</MaxAccuracy>
    <MinAccuracy>-0.300000</MinAccuracy>
    <WeaponDamage>0.250000</WeaponDamage>
    <WeaponSpread>-0.500000</WeaponSpread>
  </Section>
  <Section>
    <Name>Title.TitleU_Shep_ShepsElephantGun</Name>
    <Description>Why don't you go shoot yourself an elephant?</Description>
    <PartName>Whitting's Elephant Gun</PartName>
    <CashValueModifier>WeaponPartCost4_Rare</CashValueModifier>
    <Rarity>5</Rarity>
  </Section>
  <Section>
    <Name>Title.TitleU_Retail_Nailer</Name>
    <Description>Thwack!</Description>
    <PartName>Nailer</PartName>
    <CashValueModifier>WeaponPartCost0_Cheap</CashValueModifier>
    <Rarity>5</Rarity>
  </Section>
  <Section>
    <Name>Title.TitleM_Vladof1_Surkov</Name>
    <Description>For the Motherland.</Description>
    <PartName>Surkov</PartName>
    <CashValueModifier>WeaponPartCost1_Common</CashValueModifier>
    <Rarity>50</Rarity>
  </Section>
  <Section>
    <Name>Title.TitleM_SandS1_DELETE</Name>
    <Description>Trick Shot</Description>
    <PartName>Orion</PartName>
    <CashValueModifier>WeaponPartCost1_Common</CashValueModifier>
    <Rarity>0</Rarity>
  </Section>
  <Section>
    <Name>Title.TitleM_Maliwan1_Volcano</Name>
    <Description>Pele demands a sacrifice!</Description>
    <PartName>Volcano</PartName>
    <CashValueModifier>WeaponPartCost1_Common</CashValueModifier>
    <Rarity>50</Rarity>
  </Section>
  <Section>
    <Name>Title.TitleM_Jakobs1_SkullMasher</Name>
    <Description>Makes their brain hurt</Description>
    <PartName>Skullmasher</PartName>
    <CashValueModifier>WeaponPartCost1_Common</CashValueModifier>
    <Rarity>50</Rarity>
  </Section>
  <Section>
    <Name>Title.TitleM_Atlas1_Cyclops</Name>
    <Description>I have you in my eye, sir.</Description>
    <PartName>Cyclops</PartName>
    <CashValueModifier>WeaponPartCost1_Common</CashValueModifier>
    <Rarity>50</Rarity>
  </Section>
  <Section>
    <Name>Title.Title_LowAccuracy1_Gamble</Name>
    <PartName>Gamble</PartName>
    <CashValueModifier>WeaponPartCost2_Uncommon</CashValueModifier>
    <TechLevelIncrease>5</TechLevelIncrease>
    <Rarity>1</Rarity>
    <WeaponSpread>2.000000</WeaponSpread>
  </Section>
  <Section>
    <Name>Title.Title_Damage1_Thunder</Name>
    <PartName>Thunder</PartName>
    <CashValueModifier>WeaponPartCost1_Common</CashValueModifier>
    <Rarity>0</Rarity>
  </Section>
  <Section>
    <Name>Title.Title_Accuracy1_Hawkeye</Name>
    <PartName>Hawkeye</PartName>
    <CashValueModifier>WeaponPartCost2_Uncommon</CashValueModifier>
    <Rarity>1</Rarity>
    <WeaponSpread>-0.100000</WeaponSpread>
  </Section>
  <Section>
    <Name>Title.Title__SniperRifle</Name>
    <PartName>Sniper</PartName>
    <CashValueModifier>WeaponPartCost1_Common</CashValueModifier>
    <Rarity>0</Rarity>
  </Section>
  <Section>
    <Name>Stock.stock_none</Name>
    <PartNumberAddend>10</PartNumberAddend>
    <CashValueModifier>WeaponPartCost1_Common</CashValueModifier>
    <Rarity>0</Rarity>
    <MinAccuracy>0.500000</MinAccuracy>
    <MaxAccuracy>-0.200000</MaxAccuracy>
    <IdleAccuracyRegenRate>1.000000</IdleAccuracyRegenRate>
    <WeaponPerShotAccuracyImpulse>0.400000</WeaponPerShotAccuracyImpulse>
    <WeaponReloadSpeed>-0.300000</WeaponReloadSpeed>
  </Section>
  <Section>
    <Name>Stock.stock5</Name>
    <PartNumberAddend>50</PartNumberAddend>
    <CashValueModifier>WeaponPartCost4_Rare</CashValueModifier>
    <Rarity>5</Rarity>
    <MinAccuracy>-0.400000</MinAccuracy>
    <MaxAccuracy>-0.400000</MaxAccuracy>
    <IdleAccuracyRegenRate>0.800000</IdleAccuracyRegenRate>
    <WeaponPerShotAccuracyImpulse>-1.000000</WeaponPerShotAccuracyImpulse>
    <ZoomMinAccuracy>-1.000000</ZoomMinAccuracy>
    <ZoomMaxAccuracy>-1.000000</ZoomMaxAccuracy>
    <ZoomAccuracyImpuse>-0.500000</ZoomAccuracyImpuse>
  </Section>
  <Section>
    <Name>Stock.stock4</Name>
    <PartNumberAddend>40</PartNumberAddend>
    <CashValueModifier>WeaponPartCost3_Uncommoner</CashValueModifier>
    <Rarity>3</Rarity>
    <MinAccuracy>-0.300000</MinAccuracy>
    <MaxAccuracy>-0.300000</MaxAccuracy>
    <IdleAccuracyRegenRate>0.600000</IdleAccuracyRegenRate>
    <WeaponPerShotAccuracyImpulse>-0.800000</WeaponPerShotAccuracyImpulse>
    <WeaponReloadSpeed>0.200000</WeaponReloadSpeed>
    <ZoomMinAccuracy>-0.700000</ZoomMinAccuracy>
    <ZoomMaxAccuracy>-0.700000</ZoomMaxAccuracy>
    <ZoomAccuracyImpuse>-0.400000</ZoomAccuracyImpuse>
  </Section>
  <Section>
    <Name>Stock.stock3</Name>
    <PartNumberAddend>30</PartNumberAddend>
    <CashValueModifier>WeaponPartCost2_Uncommon</CashValueModifier>
    <TechLevelIncrease>1</TechLevelIncrease>
    <Rarity>1</Rarity>
    <MinAccuracy>-0.200000</MinAccuracy>
    <MaxAccuracy>-0.200000</MaxAccuracy>
    <IdleAccuracyRegenRate>0.400000</IdleAccuracyRegenRate>
    <WeaponPerShotAccuracyImpulse>-0.300000</WeaponPerShotAccuracyImpulse>
    <ZoomMinAccuracy>-0.500000</ZoomMinAccuracy>
    <ZoomMaxAccuracy>-0.500000</ZoomMaxAccuracy>
    <ZoomAccuracyImpuse>-0.300000</ZoomAccuracyImpuse>
  </Section>
  <Section>
    <Name>Stock.stock2</Name>
    <PartNumberAddend>20</PartNumberAddend>
    <CashValueModifier>WeaponPartCost1_Common</CashValueModifier>
    <Rarity>0</Rarity>
    <MinAccuracy>-0.100000</MinAccuracy>
    <MaxAccuracy>-0.100000</MaxAccuracy>
    <IdleAccuracyRegenRate>0.200000</IdleAccuracyRegenRate>
    <WeaponPerShotAccuracyImpulse>-0.400000</WeaponPerShotAccuracyImpulse>
    <WeaponReloadSpeed>0.300000</WeaponReloadSpeed>
    <ZoomMinAccuracy>-0.300000</ZoomMinAccuracy>
    <ZoomMaxAccuracy>-0.300000</ZoomMaxAccuracy>
    <ZoomAccuracyImpuse>-0.200000</ZoomAccuracyImpuse>
  </Section>
  <Section>
    <Name>Stock.stock1</Name>
    <CashValueModifier>WeaponPartCost1_Common</CashValueModifier>
    <Rarity>0</Rarity>
    <IdleAccuracyRegenRate>0.200000</IdleAccuracyRegenRate>
    <ZoomMaxAccuracy>-0.300000</ZoomMaxAccuracy>
    <ZoomAccuracyImpuse>-0.300000</ZoomAccuracyImpuse>
  </Section>
  <Section>
    <Name>Sight.sight_none</Name>
    <CashValueModifier>WeaponPartCost1_Common</CashValueModifier>
    <Rarity>0</Rarity>
  </Section>
  <Section>
    <Name>Sight.sight5_Atlas_Cyclops</Name>
    <CashValueModifier>WeaponPartCost6_Legendary</CashValueModifier>
    <TechLevelIncrease>3</TechLevelIncrease>
    <Rarity>50</Rarity>
    <MinAccuracy>-1.000000</MinAccuracy>
    <WeaponSpread>-1.000000</WeaponSpread>
  </Section>
  <Section>
    <Name>Sight.sight5</Name>
    <CashValueModifier>WeaponPartCost5_VeryRare</CashValueModifier>
    <Rarity>8</Rarity>
    <WeaponSpread>-0.700000</WeaponSpread>
  </Section>
  <Section>
    <Name>Sight.sight4</Name>
    <CashValueModifier>WeaponPartCost4_Rare</CashValueModifier>
    <Rarity>5</Rarity>
    <WeaponSpread>-0.500000</WeaponSpread>
  </Section>
  <Section>
    <Name>Sight.sight3</Name>
    <CashValueModifier>WeaponPartCost3_Uncommoner</CashValueModifier>
    <TechLevelIncrease>1</TechLevelIncrease>
    <Rarity>3</Rarity>
    <WeaponSpread>-0.300000</WeaponSpread>
  </Section>
  <Section>
    <Name>Sight.sight2</Name>
    <CashValueModifier>WeaponPartCost2_Uncommon</CashValueModifier>
    <Rarity>1</Rarity>
    <WeaponSpread>-0.200000</WeaponSpread>
  </Section>
  <Section>
    <Name>Sight.sight1</Name>
    <CashValueModifier>WeaponPartCost1_Common</CashValueModifier>
    <Rarity>0</Rarity>
    <WeaponSpread>-0.150000</WeaponSpread>
  </Section>
  <Section>
    <Name>Prefix.Title_FireRate1_Liquid</Name>
    <PartName>Liquid</PartName>
    <CashValueModifier>WeaponPartCost1_Common</CashValueModifier>
    <TechLevelIncrease>1</TechLevelIncrease>
    <Rarity>0</Rarity>
    <IdleAccuracyRegenRate>0.500000</IdleAccuracyRegenRate>
    <WeaponFireRate>-0.200000</WeaponFireRate>
    <WeaponReloadSpeed>-0.200000</WeaponReloadSpeed>
  </Section>
  <Section>
    <Name>Prefix.Title_Accuracy1_Distant</Name>
    <PartName>Distant</PartName>
    <CashValueModifier>WeaponPartCost1_Common</CashValueModifier>
    <Rarity>0</Rarity>
    <WeaponSpread>-0.150000</WeaponSpread>
    <WeaponPerShotAccuracyImpulse>-0.400000</WeaponPerShotAccuracyImpulse>
  </Section>
  <Section>
    <Name>Prefix.Prefix_Quality3_Fearsome</Name>
    <PartName>Fearsome</PartName>
    <CashValueModifier>WeaponPartCost1_Common</CashValueModifier>
    <TechLevelIncrease>1</TechLevelIncrease>
    <Rarity>0</Rarity>
    <WeaponDamage>0.120000</WeaponDamage>
  </Section>
  <Section>
    <Name>Prefix.Prefix_Quality2_Hard</Name>
    <PartName>Hard</PartName>
    <CashValueModifier>WeaponPartCost1_Common</CashValueModifier>
    <TechLevelIncrease>1</TechLevelIncrease>
    <Rarity>0</Rarity>
    <WeaponDamage>0.090000</WeaponDamage>
  </Section>
  <Section>
    <Name>Prefix.Prefix_Quality1_Solid</Name>
    <PartName>Solid</PartName>
    <CashValueModifier>WeaponPartCost1_Common</CashValueModifier>
    <TechLevelIncrease>1</TechLevelIncrease>
    <Rarity>0</Rarity>
    <WeaponDamage>0.060000</WeaponDamage>
  </Section>
  <Section>
    <Name>Prefix.Prefix_Acc5_Long</Name>
    <PartName>Long</PartName>
    <CashValueModifier>WeaponPartCost1_Common</CashValueModifier>
    <Rarity>0</Rarity>
  </Section>
  <Section>
    <Name>Prefix.Prefix_Acc4_Heavy</Name>
    <PartName>Sighted</PartName>
    <CashValueModifier>WeaponPartCost1_Common</CashValueModifier>
    <Rarity>0</Rarity>
  </Section>
  <Section>
    <Name>Prefix.Prefix_Acc1_Rolling</Name>
    <PartName>Rolling</PartName>
    <CashValueModifier>WeaponPartCost1_Common</CashValueModifier>
    <Rarity>0</Rarity>
  </Section>
  <Section>
    <Name>mag.mag4</Name>
    <PartNumberAddend>5</PartNumberAddend>
    <CashValueModifier>WeaponPartCost4_Rare</CashValueModifier>
    <Rarity>5</Rarity>
    <WeaponReloadSpeed>-0.400000</WeaponReloadSpeed>
    <WeaponFireRate>-0.210000</WeaponFireRate>
  </Section>
  <Section>
    <Name>mag.mag3</Name>
    <PartNumberAddend>9</PartNumberAddend>
    <CashValueModifier>WeaponPartCost2_Uncommon</CashValueModifier>
    <TechLevelIncrease>3</TechLevelIncrease>
    <Rarity>1</Rarity>
    <WeaponClipSize>-3.000000,MT_PreAdd</WeaponClipSize>
    <WeaponReloadSpeed>-0.150000</WeaponReloadSpeed>
    <WeaponDamage>0.210000</WeaponDamage>
  </Section>
  <Section>
    <Name>mag.mag1</Name>
    <CashValueModifier>WeaponPartCost1_Common</CashValueModifier>
    <Rarity>0</Rarity>
  </Section>
  <Section>
    <Name>Grip.grip5</Name>
    <PartName>Hyperion</PartName>
    <CashValueModifier>WeaponPartCost1_Common</CashValueModifier>
    <Rarity>0</Rarity>
  </Section>
  <Section>
    <Name>Grip.grip4</Name>
    <PartName>Jakobs</PartName>
    <CashValueModifier>WeaponPartCost1_Common</CashValueModifier>
    <Rarity>0</Rarity>
  </Section>
  <Section>
    <Name>Grip.grip3_Gearbox</Name>
    <PartName>Gearbox</PartName>
    <CashValueModifier>WeaponPartCost0_Cheap</CashValueModifier>
    <Rarity>0</Rarity>
  </Section>
  <Section>
    <Name>Grip.grip3</Name>
    <PartName>Maliwan</PartName>
    <CashValueModifier>WeaponPartCost1_Common</CashValueModifier>
    <Rarity>0</Rarity>
  </Section>
  <Section>
    <Name>Grip.grip2a_Torgue</Name>
    <PartName>Torgue</PartName>
    <CashValueModifier>WeaponPartCost1_Common</CashValueModifier>
    <Rarity>0</Rarity>
  </Section>
  <Section>
    <Name>Grip.grip2</Name>
    <PartName>S&amp;S Munitions</PartName>
    <CashValueModifier>WeaponPartCost1_Common</CashValueModifier>
    <Rarity>0</Rarity>
  </Section>
  <Section>
    <Name>Grip.grip1a</Name>
    <PartName>Vladof</PartName>
    <CashValueModifier>WeaponPartCost1_Common</CashValueModifier>
    <Rarity>0</Rarity>
  </Section>
  <Section>
    <Name>Grip.grip1</Name>
    <PartName>Dahl</PartName>
    <CashValueModifier>WeaponPartCost1_Common</CashValueModifier>
    <Rarity>0</Rarity>
  </Section>
  <Section>
    <Name>Body.body4</Name>
    <PartName>DVL</PartName>
    <CashValueModifier>WeaponPartCost3_Uncommoner</CashValueModifier>
    <TechLevelIncrease>1</TechLevelIncrease>
    <Rarity>3</Rarity>
    <WeaponFireRate>0.300000</WeaponFireRate>
    <WeaponDamage>0.200000</WeaponDamage>
    <WeaponPerShotAccuracyImpulse>0.500000</WeaponPerShotAccuracyImpulse>
  </Section>
  <Section>
    <Name>Body.body3</Name>
    <PartName>VRR</PartName>
    <CashValueModifier>WeaponPartCost2_Uncommon</CashValueModifier>
    <TechLevelIncrease>3</TechLevelIncrease>
    <Rarity>1</Rarity>
    <WeaponFireRate>-0.300000</WeaponFireRate>
    <WeaponDamage>-0.150000</WeaponDamage>
    <WeaponPerShotAccuracyImpulse>-0.300000</WeaponPerShotAccuracyImpulse>
  </Section>
  <Section>
    <Name>Body.body1</Name>
    <PartName>GGN</PartName>
    <CashValueModifier>WeaponPartCost1_Common</CashValueModifier>
    <Rarity>0</Rarity>
    <WeaponDamage>-0.080000</WeaponDamage>
  </Section>
  <Section>
    <Name>Barrel.barrel5</Name>
    <CashValueModifier>WeaponPartCost4_Rare</CashValueModifier>
    <Rarity>5</Rarity>
    <MaxAccuracy>-0.400000</MaxAccuracy>
    <MinAccuracy>-1.500000</MinAccuracy>
    <WeaponDamage>0.150000</WeaponDamage>
    <WeaponPerShotAccuracyImpulse>-0.500000</WeaponPerShotAccuracyImpulse>
    <WeaponSpread>-1.300000</WeaponSpread>
  </Section>
  <Section>
    <Name>Barrel.barrel4_Jakobs_Skullmasher</Name>
    <CashValueModifier>WeaponPartCost6_Legendary</CashValueModifier>
    <Rarity>3</Rarity>
    <MinAccuracy>0.500000</MinAccuracy>
    <WeaponProjectiles>5.000000,MT_PreAdd</WeaponProjectiles>
    <WeaponDamage>-2.000000</WeaponDamage>
    <WeaponPerShotAccuracyImpulse>1.000000</WeaponPerShotAccuracyImpulse>
    <WeaponSpread>1.000000</WeaponSpread>
  </Section>
  <Section>
    <Name>Barrel.barrel4</Name>
    <CashValueModifier>WeaponPartCost3_Uncommoner</CashValueModifier>
    <TechLevelIncrease>2</TechLevelIncrease>
    <Rarity>3</Rarity>
    <MaxAccuracy>-0.100000</MaxAccuracy>
    <MinAccuracy>-0.400000</MinAccuracy>
    <WeaponDamage>0.300000</WeaponDamage>
    <WeaponPerShotAccuracyImpulse>0.350000</WeaponPerShotAccuracyImpulse>
    <WeaponSpread>-0.300000</WeaponSpread>
  </Section>
  <Section>
    <Name>Barrel.barrel3</Name>
    <CashValueModifier>WeaponPartCost2_Uncommon</CashValueModifier>
    <Rarity>1</Rarity>
    <MaxAccuracy>-0.300000</MaxAccuracy>
    <MinAccuracy>-0.300000</MinAccuracy>
    <WeaponDamage>0.100000</WeaponDamage>
    <WeaponSpread>-0.500000</WeaponSpread>
  </Section>
  <Section>
    <Name>Barrel.barrel2_Vladof_Surkov</Name>
    <CashValueModifier>WeaponPartCost6_Legendary</CashValueModifier>
    <TechLevelIncrease>1</TechLevelIncrease>
    <Rarity>1</Rarity>
    <IdleAccuracyRegenRate>0.400000</IdleAccuracyRegenRate>
    <MinAccuracy>0.200000</MinAccuracy>
    <WeaponDamage>0.250000</WeaponDamage>
    <WeaponPerShotAccuracyImpulse>0.100000</WeaponPerShotAccuracyImpulse>
    <WeaponSpread>0.200000</WeaponSpread>
    <WeaponFireRate>-0.750000</WeaponFireRate>
    <WeaponReloadSpeed>-0.750000</WeaponReloadSpeed>
  </Section>
  <Section>
    <Name>Barrel.barrel2</Name>
    <CashValueModifier>WeaponPartCost1_Common</CashValueModifier>
    <TechLevelIncrease>1</TechLevelIncrease>
    <Rarity>0</Rarity>
    <MaxAccuracy>-0.200000</MaxAccuracy>
    <MinAccuracy>0.200000</MinAccuracy>
    <WeaponDamage>0.150000</WeaponDamage>
    <WeaponPerShotAccuracyImpulse>0.200000</WeaponPerShotAccuracyImpulse>
    <WeaponSpread>0.280000</WeaponSpread>
  </Section>
  <Section>
    <Name>Barrel.barrel1</Name>
    <CashValueModifier>WeaponPartCost1_Common</CashValueModifier>
    <Rarity>0</Rarity>
    <WeaponDamage>-0.040000</WeaponDamage>
  </Section>
  <Section>
    <Name>acc.accnone</Name>
    <CashValueModifier>WeaponPartCost0_Cheap</CashValueModifier>
    <Rarity>0</Rarity>
  </Section>
  <Section>
    <Name>acc.acc5_Long</Name>
    <CashValueModifier>WeaponPartCost3_Uncommoner</CashValueModifier>
    <TechLevelIncrease>2</TechLevelIncrease>
    <Rarity>3</Rarity>
    <WeaponSpread>-0.250000</WeaponSpread>
  </Section>
  <Section>
    <Name>acc.acc4_Heavy</Name>
    <CashValueModifier>WeaponPartCost3_Uncommoner</CashValueModifier>
    <TechLevelIncrease>1</TechLevelIncrease>
    <Rarity>3</Rarity>
    <WeaponDamage>0.180000</WeaponDamage>
    <WeaponPerShotAccuracyImpulse>0.180000</WeaponPerShotAccuracyImpulse>
  </Section>
  <Section>
    <Name>acc.acc3_Shock</Name>
    <PartName>Shock</PartName>
    <CashValueModifier>WeaponPartCost3_Uncommoner</CashValueModifier>
    <TechLevelIncrease>6</TechLevelIncrease>
    <Rarity>3</Rarity>
    <WeaponDamage>-0.400000</WeaponDamage>
    <PartNumberAddend>88</PartNumberAddend>
  </Section>
  <Section>
    <Name>acc.acc3_Corrosive</Name>
    <PartName>Corrosive</PartName>
    <CashValueModifier>WeaponPartCost3_Uncommoner</CashValueModifier>
    <TechLevelIncrease>6</TechLevelIncrease>
    <Rarity>3</Rarity>
    <WeaponDamage>-0.400000</WeaponDamage>
    <PartNumberAddend>88</PartNumberAddend>
  </Section>
  <Section>
    <Name>acc.acc2_Maliwan_Volcano_Incendiary</Name>
    <PartName>Volcano</PartName>
    <CashValueModifier>WeaponPartCost6_Legendary</CashValueModifier>
    <TechLevelIncrease>16</TechLevelIncrease>
    <Rarity>3</Rarity>
    <WeaponFireRate>-0.250000</WeaponFireRate>
    <PartNumberAddend>5</PartNumberAddend>
  </Section>
  <Section>
    <Name>acc.acc2_Incendiary</Name>
    <PartName>Incendiary</PartName>
    <CashValueModifier>WeaponPartCost3_Uncommoner</CashValueModifier>
    <TechLevelIncrease>6</TechLevelIncrease>
    <Rarity>3</Rarity>
    <WeaponDamage>-0.400000</WeaponDamage>
  </Section>
  <Section>
    <Name>acc.acc2_Explosive</Name>
    <PartName>Explosive</PartName>
    <CashValueModifier>WeaponPartCost3_Uncommoner</CashValueModifier>
    <TechLevelIncrease>6</TechLevelIncrease>
    <Rarity>3</Rarity>
    <WeaponDamage>-0.400000</WeaponDamage>
  </Section>
  <Section>
    <Name>acc.acc1_Rolling</Name>
    <CashValueModifier>WeaponPartCost2_Uncommon</CashValueModifier>
    <Rarity>1</Rarity>
    <WeaponReloadSpeed>-1.000000</WeaponReloadSpeed>
  </Section>
  <Section>
    <Name>A_Weapon.WeaponType_sniper_rifle</Name>
    <ClipSize>6</ClipSize>
    <WeaponDamageFormulaMultiplier>3.600000</WeaponDamageFormulaMultiplier>
    <Spread>0.400000</Spread>
    <PerShotAccuracyImpulse>15.000000</PerShotAccuracyImpulse>
    <FireRate>1.650000</FireRate>
    <ReloadTime>4.000000</ReloadTime>
    <IdleAccuracyRegenRate>2.000000</IdleAccuracyRegenRate>
    <MinAccuracy>3.000000</MinAccuracy>
    <IdleAccuracyRegenRate>3.000000</IdleAccuracyRegenRate>
    <ZoomMinAccuracy>-5.000000</ZoomMinAccuracy>
    <ZoomMaxAccuracy>Attribut</ZoomMaxAccuracy>
    <BaseCashValueModifier>55</BaseCashValueModifier>
    <Presentation>sniper</Presentation>
  </Section>
</INI>