<?xml version="1.0" encoding="us-ascii"?>
<!--Comment-->
<INI>
  <Section>
    <Name>UniqueParts.TheDove_Material</Name>
    <CashValueModifier>WeaponPartCost1_Common</CashValueModifier>
    <TechLevelIncrease>1</TechLevelIncrease>
    <Rarity>0</Rarity>
  </Section>
  <Section>
    <Name>UniqueParts.TheDove_barrel4</Name>
    <CashValueModifier>WeaponPartCost3_Uncommoner</CashValueModifier>
    <TechLevelIncrease>1</TechLevelIncrease>
    <Rarity>3</Rarity>
    <MaxAccuracy>-0.100000</MaxAccuracy>
    <MinAccuracy>-0.400000</MinAccuracy>
    <WeaponPerShotAccuracyImpulse>0.100000</WeaponPerShotAccuracyImpulse>
    <WeaponSpread>-0.300000</WeaponSpread>
  </Section>
  <Section>
    <Name>UniqueParts.LadyFinger_Material</Name>
    <CashValueModifier>WeaponPartCost1_Common</CashValueModifier>
    <TechLevelIncrease>1</TechLevelIncrease>
    <Rarity>0</Rarity>
    <MinAccuracy>-0.500000</MinAccuracy>
    <WeaponSpread>-0.700000</WeaponSpread>
    <WeaponPerShotAccuracyImpulse>-0.700000</WeaponPerShotAccuracyImpulse>
    <CardWeaponPerShotAccuracyImpulse>3.000000</CardWeaponPerShotAccuracyImpulse>
  </Section>
  <Section>
    <Name>UniqueParts.LadyFinger_barrel1</Name>
    <CashValueModifier>WeaponPartCost1_Common</CashValueModifier>
    <Rarity>0</Rarity>
    <MinAccuracy>-0.200000</MinAccuracy>
    <WeaponDamage>0.150000</WeaponDamage>
    <WeaponSpread>-0.200000</WeaponSpread>
    <WeaponCritBonus>4.000000</WeaponCritBonus>
  </Section>
  <Section>
    <Name>UniqueParts.KromsSidearm_Material</Name>
    <CashValueModifier>WeaponPartCost3_Uncommoner</CashValueModifier>
    <TechLevelIncrease>1</TechLevelIncrease>
    <Rarity>3</Rarity>
    <WeaponDamage>0.190000</WeaponDamage>
    <WeaponPerShotAccuracyImpulse>0.110000</WeaponPerShotAccuracyImpulse>
    <WeaponFireRate>-0.050000</WeaponFireRate>
    <WeaponClipSize>0.150000,None</WeaponClipSize>
    <CardWeaponPerShotAccuracyImpulse>3.000000</CardWeaponPerShotAccuracyImpulse>
  </Section>
  <Section>
    <Name>UniqueParts.KromsSidearm_barrel5</Name>
    <CashValueModifier>WeaponPartCost4_Rare</CashValueModifier>
    <TechLevelIncrease>5</TechLevelIncrease>
    <Rarity>5</Rarity>
    <MaxAccuracy>-0.400000</MaxAccuracy>
    <MinAccuracy>-0.750000</MinAccuracy>
    <WeaponSpread>-1.300000</WeaponSpread>
    <WeaponBurstCount>3.000000</WeaponBurstCount>
    <WeaponFireRate>-2.000000</WeaponFireRate>
  </Section>
  <Section>
    <Name>Title.TitleU_Retail_TheDove</Name>
    <Description>Sometimes, I forget to reload.</Description>
    <PartName>The Dove</PartName>
    <CashValueModifier>WeaponPartCost4_Rare</CashValueModifier>
    <Rarity>5</Rarity>
  </Section>
  <Section>
    <Name>Title.TitleU_LadyFinger</Name>
    <Description>Omnia vincit amor</Description>
    <PartName>Lady Finger</PartName>
    <CashValueModifier>WeaponPartCost4_Rare</CashValueModifier>
    <Rarity>5</Rarity>
  </Section>
  <Section>
    <Name>Title.TitleU_Krom_KromsSidearm</Name>
    <Description>a gift from Papa Krom</Description>
    <PartName>Krom's Sidearm</PartName>
    <CashValueModifier>WeaponPartCost4_Rare</CashValueModifier>
    <Rarity>5</Rarity>
  </Section>
  <Section>
    <Name>Title.TitleM_Vladof1_Rebel</Name>
    <Description>Never stop shooting!</Description>
    <PartName>Rebel</PartName>
    <CashValueModifier>WeaponPartCost1_Common</CashValueModifier>
    <Rarity>50</Rarity>
  </Section>
  <Section>
    <Name>Title.TitleM_Torgue1_Violator</Name>
    <Description>Your move, Creep.</Description>
    <PartName>Violator</PartName>
    <CashValueModifier>WeaponPartCost1_Common</CashValueModifier>
    <Rarity>50</Rarity>
  </Section>
  <Section>
    <Name>Title.TitleM_Tediore1_Protector</Name>
    <Description>Ammo is no longer an issue.</Description>
    <PartName>Protector</PartName>
    <CashValueModifier>WeaponPartCost1_Common</CashValueModifier>
    <Rarity>50</Rarity>
  </Section>
  <Section>
    <Name>Title.TitleM_SandSl1_Gemini</Name>
    <Description>Double Whammy.</Description>
    <PartName>Gemini</PartName>
    <CashValueModifier>WeaponPartCost1_Common</CashValueModifier>
    <Rarity>50</Rarity>
  </Section>
  <Section>
    <Name>Title.TitleM_Maliwan1_Firehawk</Name>
    <Description>Bring the HEAT!</Description>
    <PartName>Firehawk</PartName>
    <CashValueModifier>WeaponPartCost1_Common</CashValueModifier>
    <Rarity>50</Rarity>
  </Section>
  <Section>
    <Name>Title.TitleM_Hyperion1_Invader</Name>
    <Description>12 bullets invade your skull</Description>
    <PartName>Invader</PartName>
    <CashValueModifier>WeaponPartCost1_Common</CashValueModifier>
    <Rarity>50</Rarity>
  </Section>
  <Section>
    <Name>Title.TitleM_Dahl1_Hornet</Name>
    <Description>Feel the Sting</Description>
    <PartName>Hornet</PartName>
    <CashValueModifier>WeaponPartCost1_Common</CashValueModifier>
    <Rarity>50</Rarity>
  </Section>
  <Section>
    <Name>Title.TitleM_Atlas1_Troll</Name>
    <Description>Pain Heals.</Description>
    <PartName>Troll</PartName>
    <CashValueModifier>WeaponPartCost1_Common</CashValueModifier>
    <Rarity>50</Rarity>
  </Section>
  <Section>
    <Name>Title.Title_Quality1_Raptor</Name>
    <PartName>Raptor</PartName>
    <CashValueModifier>WeaponPartCost2_Uncommon</CashValueModifier>
    <Rarity>1</Rarity>
  </Section>
  <Section>
    <Name>Title.Title_Firerate1_Needler</Name>
    <PartName>Needler</PartName>
    <CashValueModifier>WeaponPartCost2_Uncommon</CashValueModifier>
    <Rarity>1</Rarity>
    <WeaponPerShotAccuracyImpulse>-0.200000</WeaponPerShotAccuracyImpulse>
    <WeaponClipSize>2.000000,MT_PreAdd</WeaponClipSize>
  </Section>
  <Section>
    <Name>Title.Title_DamageLow1_Peashooter</Name>
    <PartName>Peashooter</PartName>
    <CashValueModifier>WeaponPartCost2_Uncommon</CashValueModifier>
    <Rarity>1</Rarity>
    <WeaponDamage>-0.050000</WeaponDamage>
    <WeaponClipSize>0.400000,None</WeaponClipSize>
    <WeaponPerShotAccuracyImpulse>-2.000000</WeaponPerShotAccuracyImpulse>
  </Section>
  <Section>
    <Name>Title.Title_Accuracy1_Swatter</Name>
    <PartName>Swatter</PartName>
    <CashValueModifier>WeaponPartCost2_Uncommon</CashValueModifier>
    <Rarity>1</Rarity>
  </Section>
  <Section>
    <Name>Title.Title_Acc2_Lacerator</Name>
    <PartName>Lacerator</PartName>
    <CashValueModifier>WeaponPartCost1_Common</CashValueModifier>
    <Rarity>0</Rarity>
  </Section>
  <Section>
    <Name>Title.Title__Repeater</Name>
    <PartName>Repeater</PartName>
    <CashValueModifier>WeaponPartCost1_Common</CashValueModifier>
    <Rarity>0</Rarity>
  </Section>
  <Section>
    <Name>Sight.sight_none</Name>
    <CashValueModifier>WeaponPartCost1_Common</CashValueModifier>
    <Rarity>0</Rarity>
  </Section>
  <Section>
    <Name>Sight.sight5_Hyperion_Invader</Name>
    <PartName>Scope</PartName>
    <CashValueModifier>WeaponPartCost6_Legendary</CashValueModifier>
    <TechLevelIncrease>1</TechLevelIncrease>
    <Rarity>50</Rarity>
    <WeaponSpread>-1.000000</WeaponSpread>
    <WeaponBurstCount>100.0000</WeaponBurstCount>
    <WeaponFireRate>-2.500000</WeaponFireRate>
  </Section>
  <Section>
    <Name>Sight.sight5</Name>
    <PartName>Scope</PartName>
    <CashValueModifier>WeaponPartCost5_VeryRare</CashValueModifier>
    <TechLevelIncrease>1</TechLevelIncrease>
    <Rarity>8</Rarity>
    <WeaponSpread>-0.700000</WeaponSpread>
  </Section>
  <Section>
    <Name>Sight.sight4</Name>
    <CashValueModifier>WeaponPartCost4_Rare</CashValueModifier>
    <Rarity>5</Rarity>
    <WeaponSpread>-0.500000</WeaponSpread>
  </Section>
  <Section>
    <Name>Sight.sight3</Name>
    <CashValueModifier>WeaponPartCost3_Uncommoner</CashValueModifier>
    <Rarity>3</Rarity>
    <WeaponSpread>-0.300000</WeaponSpread>
  </Section>
  <Section>
    <Name>Sight.sight2</Name>
    <CashValueModifier>WeaponPartCost2_Uncommon</CashValueModifier>
    <Rarity>1</Rarity>
    <WeaponSpread>-0.200000</WeaponSpread>
  </Section>
  <Section>
    <Name>Sight.sight1</Name>
    <CashValueModifier>WeaponPartCost2_Uncommon</CashValueModifier>
    <Rarity>1</Rarity>
    <WeaponSpread>-0.150000</WeaponSpread>
  </Section>
  <Section>
    <Name>Prefix.Prefix_Quality3_Wicked</Name>
    <PartName>Wicked</PartName>
    <CashValueModifier>WeaponPartCost2_Uncommon</CashValueModifier>
    <TechLevelIncrease>1</TechLevelIncrease>
    <Rarity>0</Rarity>
    <WeaponDamage>0.120000</WeaponDamage>
  </Section>
  <Section>
    <Name>Prefix.Prefix_Quality2_Cruel</Name>
    <PartName>Cruel</PartName>
    <CashValueModifier>WeaponPartCost2_Uncommon</CashValueModifier>
    <TechLevelIncrease>1</TechLevelIncrease>
    <Rarity>0</Rarity>
    <WeaponDamage>0.090000</WeaponDamage>
  </Section>
  <Section>
    <Name>Prefix.Prefix_Quality1_Bad</Name>
    <PartName>Bad</PartName>
    <CashValueModifier>WeaponPartCost2_Uncommon</CashValueModifier>
    <TechLevelIncrease>1</TechLevelIncrease>
    <Rarity>0</Rarity>
    <WeaponDamage>0.060000</WeaponDamage>
  </Section>
  <Section>
    <Name>Prefix.Prefix_Noble</Name>
    <PartName>Noble</PartName>
    <CashValueModifier>WeaponPartCost2_Uncommon</CashValueModifier>
    <TechLevelIncrease>3</TechLevelIncrease>
    <Rarity>1</Rarity>
    <WeaponDamage>0.120000</WeaponDamage>
    <WeaponClipSize>2.000000,MT_PreAdd</WeaponClipSize>
    <WeaponReloadSpeed>-0.100000</WeaponReloadSpeed>
  </Section>
  <Section>
    <Name>Prefix.Prefix_Nasty</Name>
    <PartName>Nasty</PartName>
    <CashValueModifier>WeaponPartCost2_Uncommon</CashValueModifier>
    <TechLevelIncrease>3</TechLevelIncrease>
    <Rarity>1</Rarity>
    <WeaponDamage>0.120000</WeaponDamage>
    <WeaponKnockback>0.600000</WeaponKnockback>
    <WeaponClipSize>2.000000,MT_PreAdd</WeaponClipSize>
    <WeaponReloadSpeed>-0.100000</WeaponReloadSpeed>
  </Section>
  <Section>
    <Name>Prefix.Prefix_Acc3_Sighted</Name>
    <PartName>Sighted</PartName>
    <CashValueModifier>WeaponPartCost1_Common</CashValueModifier>
    <Rarity>0</Rarity>
  </Section>
  <Section>
    <Name>Prefix.Prefix_Acc2_Stabilized</Name>
    <PartName>Stabilized</PartName>
    <CashValueModifier>WeaponPartCost1_Common</CashValueModifier>
    <Rarity>0</Rarity>
    <CardWeaponPerShotAccuracyImpulse>2.000000</CardWeaponPerShotAccuracyImpulse>
  </Section>
  <Section>
    <Name>Prefix.Prefix_Acc1_Fanged</Name>
    <PartName>Fanged</PartName>
    <CashValueModifier>WeaponPartCost1_Common</CashValueModifier>
    <Rarity>0</Rarity>
  </Section>
  <Section>
    <Name>ManufacturerMaterials.Material_Vladof_3_Rebel</Name>
    <PartName>/VXX</PartName>
    <CashValueModifier>WeaponPartCost1_Common</CashValueModifier>
    <Rarity>0</Rarity>
    <WeaponSpread>0.320000</WeaponSpread>
    <WeaponFireRate>-0.560000</WeaponFireRate>
    <WeaponPerShotAccuracyImpulse>-0.400000</WeaponPerShotAccuracyImpulse>
    <WeaponKnockback>2.000000</WeaponKnockback>
    <WeaponClipSize>0.300000,None</WeaponClipSize>
  </Section>
  <Section>
    <Name>mag.mag3_Vladof_Rebel</Name>
    <PartNumberAddend>6</PartNumberAddend>
    <CashValueModifier>WeaponPartCost6_Legendary</CashValueModifier>
    <Rarity>1</Rarity>
    <WeaponClipSize>22.00000,MT_PreAdd</WeaponClipSize>
    <WeaponReloadSpeed>-0.150000</WeaponReloadSpeed>
    <WeaponDamage>0.120000</WeaponDamage>
    <WeaponFireRate>-0.200000</WeaponFireRate>
  </Section>
  <Section>
    <Name>mag.mag3</Name>
    <PartNumberAddend>6</PartNumberAddend>
    <CashValueModifier>WeaponPartCost3_Uncommoner</CashValueModifier>
    <Rarity>3</Rarity>
    <WeaponClipSize>12.00000,MT_PreAdd</WeaponClipSize>
  </Section>
  <Section>
    <Name>mag.mag2a</Name>
    <PartNumberAddend>5</PartNumberAddend>
    <CashValueModifier>WeaponPartCost4_Rare</CashValueModifier>
    <Rarity>5</Rarity>
    <WeaponClipSize>6.000000,MT_PreAdd</WeaponClipSize>
    <WeaponReloadSpeed>-0.500000</WeaponReloadSpeed>
  </Section>
  <Section>
    <Name>mag.mag2</Name>
    <PartNumberAddend>4</PartNumberAddend>
    <CashValueModifier>WeaponPartCost2_Uncommon</CashValueModifier>
    <Rarity>1</Rarity>
    <WeaponClipSize>4.000000,MT_PreAdd</WeaponClipSize>
  </Section>
  <Section>
    <Name>mag.mag1</Name>
    <CashValueModifier>WeaponPartCost1_Common</CashValueModifier>
    <Rarity>0</Rarity>
    <WeaponReloadSpeed>-0.300000</WeaponReloadSpeed>
  </Section>
  <Section>
    <Name>Grip.grip5</Name>
    <PartName>Hyperion</PartName>
    <CashValueModifier>WeaponPartCost1_Common</CashValueModifier>
    <Rarity>0</Rarity>
  </Section>
  <Section>
    <Name>Grip.grip4_Dahl</Name>
    <PartName>Dahl</PartName>
    <CashValueModifier>WeaponPartCost1_Common</CashValueModifier>
    <Rarity>0</Rarity>
  </Section>
  <Section>
    <Name>Grip.grip4</Name>
    <PartName>Torgue</PartName>
    <CashValueModifier>WeaponPartCost1_Common</CashValueModifier>
    <Rarity>0</Rarity>
  </Section>
  <Section>
    <Name>Grip.grip3_Maliwan</Name>
    <PartName>Maliwan</PartName>
    <CashValueModifier>WeaponPartCost1_Common</CashValueModifier>
    <Rarity>0</Rarity>
  </Section>
  <Section>
    <Name>Grip.grip3_Gearbox</Name>
    <PartName>Gearbox</PartName>
    <CashValueModifier>WeaponPartCost0_Cheap</CashValueModifier>
    <Rarity>0</Rarity>
  </Section>
  <Section>
    <Name>Grip.grip3</Name>
    <PartName>S&amp;S Munitions</PartName>
    <CashValueModifier>WeaponPartCost1_Common</CashValueModifier>
    <Rarity>0</Rarity>
  </Section>
  <Section>
    <Name>Grip.grip2_Atlas</Name>
    <PartName>Atlas</PartName>
    <CashValueModifier>WeaponPartCost1_Common</CashValueModifier>
    <Rarity>0</Rarity>
  </Section>
  <Section>
    <Name>Grip.grip2</Name>
    <PartName>Vladof</PartName>
    <CashValueModifier>WeaponPartCost1_Common</CashValueModifier>
    <Rarity>0</Rarity>
  </Section>
  <Section>
    <Name>Grip.grip1</Name>
    <PartName>Tediore</PartName>
    <CashValueModifier>WeaponPartCost1_Common</CashValueModifier>
    <Rarity>0</Rarity>
  </Section>
  <Section>
    <Name>Body.body4</Name>
    <PartName>HRD</PartName>
    <CashValueModifier>WeaponPartCost3_Uncommoner</CashValueModifier>
    <Rarity>3</Rarity>
    <WeaponFireRate>0.300000</WeaponFireRate>
    <WeaponDamage>0.200000</WeaponDamage>
    <WeaponPerShotAccuracyImpulse>0.500000</WeaponPerShotAccuracyImpulse>
  </Section>
  <Section>
    <Name>Body.body3_Tediore_Protector</Name>
    <PartName>PRO</PartName>
    <CashValueModifier>WeaponPartCost6_Legendary</CashValueModifier>
    <TechLevelIncrease>3</TechLevelIncrease>
    <Rarity>3</Rarity>
    <ExternalRegenRate>0.300000</ExternalRegenRate>
    <WeaponFireRate>-0.300000</WeaponFireRate>
    <WeaponDamage>0.250000</WeaponDamage>
    <WeaponPerShotAccuracyImpulse>-0.300000</WeaponPerShotAccuracyImpulse>
    <WeaponRegenRate>3.000000</WeaponRegenRate>
  </Section>
  <Section>
    <Name>Body.body3</Name>
    <PartName>TK</PartName>
    <CashValueModifier>WeaponPartCost2_Uncommon</CashValueModifier>
    <TechLevelIncrease>2</TechLevelIncrease>
    <Rarity>1</Rarity>
    <WeaponFireRate>-0.300000</WeaponFireRate>
    <WeaponDamage>-0.150000</WeaponDamage>
    <WeaponPerShotAccuracyImpulse>-0.300000</WeaponPerShotAccuracyImpulse>
  </Section>
  <Section>
    <Name>Body.body2</Name>
    <PartName>RF</PartName>
    <CashValueModifier>WeaponPartCost1_Common</CashValueModifier>
    <Rarity>1</Rarity>
    <WeaponFireRate>0.200000</WeaponFireRate>
    <WeaponPerShotAccuracyImpulse>0.300000</WeaponPerShotAccuracyImpulse>
    <WeaponDamage>0.100000</WeaponDamage>
  </Section>
  <Section>
    <Name>Body.body1</Name>
    <PartName>BLR</PartName>
    <CashValueModifier>WeaponPartCost1_Common</CashValueModifier>
    <Rarity>0</Rarity>
    <WeaponDamage>-0.080000</WeaponDamage>
  </Section>
  <Section>
    <Name>Barrel.barrel5</Name>
    <CashValueModifier>WeaponPartCost4_Rare</CashValueModifier>
    <Rarity>5</Rarity>
    <MaxAccuracy>-0.400000</MaxAccuracy>
    <MinAccuracy>-1.500000</MinAccuracy>
    <WeaponDamage>0.150000</WeaponDamage>
    <WeaponPerShotAccuracyImpulse>-0.500000</WeaponPerShotAccuracyImpulse>
    <WeaponSpread>-1.300000</WeaponSpread>
  </Section>
  <Section>
    <Name>Barrel.barrel4_Torgue_Violator</Name>
    <PartName>Burst Violator</PartName>
    <CashValueModifier>WeaponPartCost6_Legendary</CashValueModifier>
    <TechLevelIncrease>2</TechLevelIncrease>
    <Rarity>3</Rarity>
    <WeaponPerShotAccuracyImpulse>2.000000</WeaponPerShotAccuracyImpulse>
    <WeaponBurstCount>3.000000</WeaponBurstCount>
    <WeaponProjectiles>2.000000,MT_PreAdd</WeaponProjectiles>
    <WeaponDamage>-1.000000</WeaponDamage>
    <WeaponFireRate>-2.000000</WeaponFireRate>
    <PartNumberAddend>68</PartNumberAddend>
  </Section>
  <Section>
    <Name>Barrel.barrel4</Name>
    <CashValueModifier>WeaponPartCost3_Uncommoner</CashValueModifier>
    <TechLevelIncrease>1</TechLevelIncrease>
    <Rarity>3</Rarity>
    <MaxAccuracy>-0.100000</MaxAccuracy>
    <MinAccuracy>-0.400000</MinAccuracy>
    <WeaponDamage>0.300000</WeaponDamage>
    <WeaponPerShotAccuracyImpulse>0.350000</WeaponPerShotAccuracyImpulse>
    <WeaponSpread>-0.300000</WeaponSpread>
  </Section>
  <Section>
    <Name>Barrel.barrel3</Name>
    <CashValueModifier>WeaponPartCost2_Uncommon</CashValueModifier>
    <TechLevelIncrease>2</TechLevelIncrease>
    <Rarity>1</Rarity>
    <MaxAccuracy>-0.300000</MaxAccuracy>
    <MinAccuracy>-0.300000</MinAccuracy>
    <WeaponDamage>0.100000</WeaponDamage>
    <WeaponSpread>-0.500000</WeaponSpread>
  </Section>
  <Section>
    <Name>Barrel.barrel2</Name>
    <CashValueModifier>WeaponPartCost1_Common</CashValueModifier>
    <Rarity>0</Rarity>
    <MaxAccuracy>-0.200000</MaxAccuracy>
    <MinAccuracy>0.200000</MinAccuracy>
    <WeaponDamage>0.150000</WeaponDamage>
    <WeaponPerShotAccuracyImpulse>0.200000</WeaponPerShotAccuracyImpulse>
    <WeaponSpread>0.280000</WeaponSpread>
  </Section>
  <Section>
    <Name>Barrel.barrel1</Name>
    <CashValueModifier>WeaponPartCost1_Common</CashValueModifier>
    <Rarity>0</Rarity>
    <WeaponDamage>-0.040000</WeaponDamage>
  </Section>
  <Section>
    <Name>Barrel.barrel0</Name>
    <PartName>Stripped</PartName>
    <CashValueModifier>WeaponPartCost2_Uncommon</CashValueModifier>
    <Rarity>1</Rarity>
    <MaxAccuracy>-0.500000</MaxAccuracy>
    <MinAccuracy>0.120000</MinAccuracy>
    <WeaponDamage>-0.130000</WeaponDamage>
    <WeaponPerShotAccuracyImpulse>-0.120000</WeaponPerShotAccuracyImpulse>
    <WeaponSpread>0.200000</WeaponSpread>
  </Section>
  <Section>
    <Name>Action.action5</Name>
    <CashValueModifier>WeaponPartCost4_Rare</CashValueModifier>
    <Rarity>5</Rarity>
    <WeaponDamage>0.060000</WeaponDamage>
    <WeaponFireRate>-0.360000</WeaponFireRate>
    <PartNumberAddend>50</PartNumberAddend>
  </Section>
  <Section>
    <Name>Action.action4</Name>
    <CashValueModifier>WeaponPartCost3_Uncommoner</CashValueModifier>
    <Rarity>3</Rarity>
    <WeaponDamage>0.110000</WeaponDamage>
    <WeaponFireRate>0.090000</WeaponFireRate>
    <WeaponPerShotAccuracyImpulse>0.450000</WeaponPerShotAccuracyImpulse>
    <PartNumberAddend>40</PartNumberAddend>
  </Section>
  <Section>
    <Name>Action.action3</Name>
    <CashValueModifier>WeaponPartCost2_Uncommon</CashValueModifier>
    <TechLevelIncrease>2</TechLevelIncrease>
    <Rarity>1</Rarity>
    <WeaponFireRate>-0.120000</WeaponFireRate>
    <WeaponPerShotAccuracyImpulse>-0.200000</WeaponPerShotAccuracyImpulse>
    <PartNumberAddend>30</PartNumberAddend>
  </Section>
  <Section>
    <Name>Action.action2</Name>
    <CashValueModifier>WeaponPartCost1_Common</CashValueModifier>
    <Rarity>0</Rarity>
    <WeaponFireRate>-0.080000</WeaponFireRate>
    <WeaponPerShotAccuracyImpulse>0.050000</WeaponPerShotAccuracyImpulse>
    <PartNumberAddend>20</PartNumberAddend>
  </Section>
  <Section>
    <Name>Action.action1</Name>
    <CashValueModifier>WeaponPartCost1_Common</CashValueModifier>
    <Rarity>0</Rarity>
  </Section>
  <Section>
    <Name>acc.acc_ThisGunIsTheSuck</Name>
    <CashValueModifier>WeaponPartCost0_Cheap</CashValueModifier>
    <Rarity>0</Rarity>
    <WeaponDamage>-0.200000</WeaponDamage>
  </Section>
  <Section>
    <Name>acc.acc_none</Name>
    <CashValueModifier>WeaponPartCost1_Common</CashValueModifier>
    <Rarity>0</Rarity>
  </Section>
  <Section>
    <Name>acc.acc5_Shock</Name>
    <PartName>Shock</PartName>
    <CashValueModifier>WeaponPartCost3_Uncommoner</CashValueModifier>
    <TechLevelIncrease>6</TechLevelIncrease>
    <Rarity>3</Rarity>
    <WeaponDamage>-0.400000</WeaponDamage>
    <PartNumberAddend>88</PartNumberAddend>
  </Section>
  <Section>
    <Name>acc.acc5_Maliwan_Firehawk</Name>
    <PartName>Firehawk</PartName>
    <CashValueModifier>WeaponPartCost6_Legendary</CashValueModifier>
    <TechLevelIncrease>14</TechLevelIncrease>
    <Rarity>3</Rarity>
    <WeaponSpread>-0.700000</WeaponSpread>
    <WeaponDamage>0.100000</WeaponDamage>
    <PartNumberAddend>88</PartNumberAddend>
  </Section>
  <Section>
    <Name>acc.acc5_Incendiary</Name>
    <PartName>Incendiary</PartName>
    <CashValueModifier>WeaponPartCost3_Uncommoner</CashValueModifier>
    <TechLevelIncrease>6</TechLevelIncrease>
    <Rarity>3</Rarity>
    <WeaponDamage>-0.400000</WeaponDamage>
    <PartNumberAddend>88</PartNumberAddend>
  </Section>
  <Section>
    <Name>acc.acc5_Hornet_Dahl_Corrosive</Name>
    <PartName>Hornet</PartName>
    <CashValueModifier>WeaponPartCost6_Legendary</CashValueModifier>
    <TechLevelIncrease>10</TechLevelIncrease>
    <Rarity>3</Rarity>
    <WeaponDamage>0.150000</WeaponDamage>
    <WeaponPerShotAccuracyImpulse>1.000000</WeaponPerShotAccuracyImpulse>
    <WeaponBurstCount>2.000000</WeaponBurstCount>
    <WeaponFireRate>-1.500000</WeaponFireRate>
    <PartNumberAddend>88</PartNumberAddend>
  </Section>
  <Section>
    <Name>acc.acc5_Explosive</Name>
    <PartName>Explosive</PartName>
    <CashValueModifier>WeaponPartCost3_Uncommoner</CashValueModifier>
    <TechLevelIncrease>6</TechLevelIncrease>
    <Rarity>3</Rarity>
    <WeaponDamage>-0.400000</WeaponDamage>
    <PartNumberAddend>88</PartNumberAddend>
  </Section>
  <Section>
    <Name>acc.acc5_Corrosive</Name>
    <PartName>Corrosive</PartName>
    <CashValueModifier>WeaponPartCost3_Uncommoner</CashValueModifier>
    <TechLevelIncrease>6</TechLevelIncrease>
    <Rarity>3</Rarity>
    <WeaponDamage>-0.400000</WeaponDamage>
    <PartNumberAddend>88</PartNumberAddend>
  </Section>
  <Section>
    <Name>acc.acc4_SandS_Gemini</Name>
    <PartName>Gemini</PartName>
    <CashValueModifier>WeaponPartCost6_Legendary</CashValueModifier>
    <Rarity>3</Rarity>
    <WeaponProjectiles>1.000000,MT_PreAdd</WeaponProjectiles>
    <WeaponBurstCount>2.000000</WeaponBurstCount>
    <WeaponClipSize>0.600000,None</WeaponClipSize>
    <PartNumberAddend>55</PartNumberAddend>
  </Section>
  <Section>
    <Name>acc.acc4_DoubleShot</Name>
    <CashValueModifier>WeaponPartCost3_Uncommoner</CashValueModifier>
    <Rarity>3</Rarity>
    <WeaponSpread>0.750000</WeaponSpread>
    <WeaponProjectiles>1.000000,MT_PreAdd</WeaponProjectiles>
    <WeaponDamage>-0.180000</WeaponDamage>
    <WeaponClipSize>0.200000,None</WeaponClipSize>
    <PartNumberAddend>55</PartNumberAddend>
  </Section>
  <Section>
    <Name>acc.acc3_LaserSight</Name>
    <PartName>laser sight</PartName>
    <CashValueModifier>WeaponPartCost3_Uncommoner</CashValueModifier>
    <Rarity>3</Rarity>
    <IdleAccuracyRegenRate>0.100000</IdleAccuracyRegenRate>
    <MinAccuracy>-1.200000</MinAccuracy>
    <WeaponSpread>-1.000000</WeaponSpread>
    <PartNumberAddend>13</PartNumberAddend>
  </Section>
  <Section>
    <Name>acc.acc2_Stabilizer</Name>
    <PartName>Stabilizer</PartName>
    <CashValueModifier>WeaponPartCost3_Uncommoner</CashValueModifier>
    <Rarity>3</Rarity>
    <IdleAccuracyRegenRate>1.000000</IdleAccuracyRegenRate>
    <WeaponPerShotAccuracyImpulse>-1.000000</WeaponPerShotAccuracyImpulse>
    <PartNumberAddend>55</PartNumberAddend>
  </Section>
  <Section>
    <Name>acc.acc2_Atlas_Troll</Name>
    <PartName>Troll</PartName>
    <CashValueModifier>WeaponPartCost6_Legendary</CashValueModifier>
    <Rarity>3</Rarity>
    <IdleAccuracyRegenRate>1.000000</IdleAccuracyRegenRate>
    <WeaponPerShotAccuracyImpulse>-1.000000</WeaponPerShotAccuracyImpulse>
    <PartNumberAddend>1000</PartNumberAddend>
  </Section>
  <Section>
    <Name>acc.acc1_Lacerator</Name>
    <CashValueModifier>WeaponPartCost5_VeryRare</CashValueModifier>
    <Rarity>8</Rarity>
  </Section>
  <Section>
    <Name>acc.acc1_Fanged</Name>
    <CashValueModifier>WeaponPartCost3_Uncommoner</CashValueModifier>
    <Rarity>3</Rarity>
  </Section>
  <Section>
    <Name>A_Weapon.WeaponType_repeater_pistol</Name>
    <ClipSize>12</ClipSize>
    <WeaponDamageFormulaMultiplier>0.900000</WeaponDamageFormulaMultiplier>
    <Spread>2.000000</Spread>
    <PerShotAccuracyImpulse>2.000000</PerShotAccuracyImpulse>
    <FireRate>0.300000</FireRate>
    <ReloadTime>2.000000</ReloadTime>
    <IdleAccuracyRegenRate>-4.000000</IdleAccuracyRegenRate>
    <MinAccuracy>-0.500000</MinAccuracy>
    <MaxAccuracy>-4.000000</MaxAccuracy>
    <IdleAccuracyRegenRate>Attribut</IdleAccuracyRegenRate>
    <ZoomMinAccuracy>-0.500000</ZoomMinAccuracy>
    <ZoomMaxAccuracy>-4.000000</ZoomMaxAccuracy>
    <BaseCashValueModifier>30</BaseCashValueModifier>
    <Presentation>repeater</Presentation>
  </Section>
</INI>