<?xml version="1.0" encoding="us-ascii"?>
<!--Comment-->
<INI>
  <Section>
    <Name>A_Sniper.a_weap.WeaponType_Eridan_Lightning</Name>
    <ShotCost>35</ShotCost>
    <ClipSize>100</ClipSize>
    <RegenRate>7.000000</RegenRate>
    <FireRegenDelay>1.300000</FireRegenDelay>
    <WeaponDamageFormulaMultiplier>4.000000</WeaponDamageFormulaMultiplier>
    <Spread>0.200000</Spread>
    <PerShotAccuracyImpulse>2.000000</PerShotAccuracyImpulse>
    <ReloadTime>2.000000</ReloadTime>
    <MinAccuracy>3.000000</MinAccuracy>
    <IdleAccuracyRegenRate>2.000000</IdleAccuracyRegenRate>
    <ZoomMinAccuracy>-4.000000</ZoomMinAccuracy>
    <ZoomMaxAccuracy>-4.000000</ZoomMaxAccuracy>
    <Rarity>WeaponPartRarity4_Rare</Rarity>
    <BaseCashValueModifier>70</BaseCashValueModifier>
    <BaseRarity>5</BaseRarity>
    <Presentation>eridian</Presentation>
  </Section>
  <Section>
    <Name>A_SMG.a_weap.WeaponType_Eridan_Fire_Storm</Name>
    <ShotCost>2</ShotCost>
    <ClipSize>100</ClipSize>
    <RegenRate>7.000000</RegenRate>
    <FireRegenDelay>1.300000</FireRegenDelay>
    <WeaponDamageFormulaMultiplier>0.300000</WeaponDamageFormulaMultiplier>
    <Spread>2.000000</Spread>
    <PerShotAccuracyImpulse>0.500000</PerShotAccuracyImpulse>
    <FireRate>0.050000</FireRate>
    <ReloadTime>2.000000</ReloadTime>
    <MinAccuracy>-1.000000</MinAccuracy>
    <MaxAccuracy>-6.000000</MaxAccuracy>
    <IdleAccuracyRegenRate>2.000000</IdleAccuracyRegenRate>
    <ZoomMinAccuracy>Attribut</ZoomMinAccuracy>
    <ZoomMaxAccuracy>-8.000000</ZoomMaxAccuracy>
    <Rarity>WeaponPartRarity4_Rare</Rarity>
    <BaseCashValueModifier>70</BaseCashValueModifier>
    <BaseRarity>5</BaseRarity>
    <Presentation>eridian</Presentation>
  </Section>
  <Section>
    <Name>A_SMG.a_weap.WeaponType_Eridan_Blaster</Name>
    <ShotCost>4</ShotCost>
    <ClipSize>100</ClipSize>
    <RegenRate>7.000000</RegenRate>
    <FireRegenDelay>1.300000</FireRegenDelay>
    <WeaponDamageFormulaMultiplier>1.500000</WeaponDamageFormulaMultiplier>
    <Spread>1.500000</Spread>
    <PerShotAccuracyImpulse>0.300000</PerShotAccuracyImpulse>
    <FireRate>0.220000</FireRate>
    <ReloadTime>2.000000</ReloadTime>
    <IdleAccuracyRegenRate>2.000000</IdleAccuracyRegenRate>
    <ZoomMinAccuracy>-1.000000</ZoomMinAccuracy>
    <ZoomMaxAccuracy>-4.000000</ZoomMaxAccuracy>
    <Rarity>WeaponPartRarity4_Rare</Rarity>
    <BaseCashValueModifier>70</BaseCashValueModifier>
    <BaseRarity>5</BaseRarity>
    <Presentation>eridian</Presentation>
  </Section>
  <Section>
    <Name>A_SMG.a_weap.WeaponType_Eridan_Acid_Storm</Name>
    <ShotCost>2</ShotCost>
    <ClipSize>100</ClipSize>
    <RegenRate>7.000000</RegenRate>
    <FireRegenDelay>1.300000</FireRegenDelay>
    <WeaponDamageFormulaMultiplier>0.300000</WeaponDamageFormulaMultiplier>
    <Spread>2.000000</Spread>
    <PerShotAccuracyImpulse>0.500000</PerShotAccuracyImpulse>
    <FireRate>0.050000</FireRate>
    <ReloadTime>2.000000</ReloadTime>
    <MinAccuracy>-1.000000</MinAccuracy>
    <MaxAccuracy>-6.000000</MaxAccuracy>
    <IdleAccuracyRegenRate>2.000000</IdleAccuracyRegenRate>
    <ZoomMinAccuracy>Attribut</ZoomMinAccuracy>
    <ZoomMaxAccuracy>-8.000000</ZoomMaxAccuracy>
    <Rarity>WeaponPartRarity4_Rare</Rarity>
    <BaseCashValueModifier>70</BaseCashValueModifier>
    <BaseRarity>5</BaseRarity>
    <Presentation>eridian</Presentation>
  </Section>
  <Section>
    <Name>A_Shotgun.a_weap.WeaponType_Eridan_Thunder_Storm</Name>
    <ShotCost>45</ShotCost>
    <ClipSize>100</ClipSize>
    <RegenRate>7.000000</RegenRate>
    <FireRegenDelay>1.300000</FireRegenDelay>
    <WeaponDamageFormulaMultiplier>2.000000</WeaponDamageFormulaMultiplier>
    <ProjectilesPerShot>8</ProjectilesPerShot>
    <Spread>10.000000</Spread>
    <PerShotAccuracyImpulse>4.000000</PerShotAccuracyImpulse>
    <FireRate>0.500000</FireRate>
    <ReloadTime>2.000000</ReloadTime>
    <IdleAccuracyRegenRate>2.000000</IdleAccuracyRegenRate>
    <ZoomMinAccuracy>-1.000000</ZoomMinAccuracy>
    <ZoomMaxAccuracy>-2.000000</ZoomMaxAccuracy>
    <Rarity>WeaponPartRarity4_Rare</Rarity>
    <BaseCashValueModifier>70</BaseCashValueModifier>
    <BaseRarity>5</BaseRarity>
    <Presentation>eridian</Presentation>
  </Section>
  <Section>
    <Name>A_Shotgun.a_weap.WeaponType_Eridan_ShockGun</Name>
    <ShotCost>45</ShotCost>
    <ClipSize>100</ClipSize>
    <RegenRate>7.000000</RegenRate>
    <FireRegenDelay>1.300000</FireRegenDelay>
    <WeaponDamageFormulaMultiplier>2.000000</WeaponDamageFormulaMultiplier>
    <ProjectilesPerShot>14</ProjectilesPerShot>
    <Spread>30.000000</Spread>
    <PerShotAccuracyImpulse>4.000000</PerShotAccuracyImpulse>
    <FireRate>1.000000</FireRate>
    <ReloadTime>2.000000</ReloadTime>
    <IdleAccuracyRegenRate>2.000000</IdleAccuracyRegenRate>
    <ZoomMinAccuracy>-3.000000</ZoomMinAccuracy>
    <ZoomMaxAccuracy>-2.000000</ZoomMaxAccuracy>
    <Rarity>WeaponPartRarity4_Rare</Rarity>
    <BaseCashValueModifier>70</BaseCashValueModifier>
    <BaseRarity>5</BaseRarity>
    <Presentation>eridian</Presentation>
  </Section>
  <Section>
    <Name>A_Rifle.a_weap.WeaponType_Eridan_Elementalgun</Name>
    <ShotCost>15</ShotCost>
    <ClipSize>100</ClipSize>
    <RegenRate>7.000000</RegenRate>
    <FireRegenDelay>1.300000</FireRegenDelay>
    <WeaponDamageFormulaMultiplier>1.600000</WeaponDamageFormulaMultiplier>
    <Spread>1.500000</Spread>
    <PerShotAccuracyImpulse>0.800000</PerShotAccuracyImpulse>
    <FireRate>0.500000</FireRate>
    <ReloadTime>2.000000</ReloadTime>
    <MinAccuracy>-0.500000</MinAccuracy>
    <IdleAccuracyRegenRate>2.000000</IdleAccuracyRegenRate>
    <ZoomMinAccuracy>-0.500000</ZoomMinAccuracy>
    <ZoomMaxAccuracy>-4.000000</ZoomMaxAccuracy>
    <Rarity>WeaponPartRarity4_Rare</Rarity>
    <BaseCashValueModifier>70</BaseCashValueModifier>
    <BaseRarity>5</BaseRarity>
    <Presentation>eridian</Presentation>
  </Section>
  <Section>
    <Name>A_Launcher.a_weap.WeaponType_Eridan_Cannon</Name>
    <ShotCost>50</ShotCost>
    <ClipSize>100</ClipSize>
    <RegenRate>7.000000</RegenRate>
    <FireRegenDelay>1.300000</FireRegenDelay>
    <WeaponDamageFormulaMultiplier>12.000000</WeaponDamageFormulaMultiplier>
    <Spread>1.000000</Spread>
    <PerShotAccuracyImpulse>0.800000</PerShotAccuracyImpulse>
    <FireRate>2.500000</FireRate>
    <ReloadTime>2.000000</ReloadTime>
    <IdleAccuracyRegenRate>2.000000</IdleAccuracyRegenRate>
    <ZoomMinAccuracy>-1.000000</ZoomMinAccuracy>
    <ZoomMaxAccuracy>-4.000000</ZoomMaxAccuracy>
    <Rarity>WeaponPartRarity4_Rare</Rarity>
    <BaseCashValueModifier>70</BaseCashValueModifier>
    <BaseRarity>5</BaseRarity>
    <Presentation>eridian</Presentation>
  </Section>
  <Section>
    <Name>Title.Title_Storm</Name>
    <PartName>Storm</PartName>
    <CashValueModifier>WeaponPartCost1_Common</CashValueModifier>
    <Rarity>0</Rarity>
  </Section>
  <Section>
    <Name>Title.Title_StampedingSpattergun</Name>
    <PartName>Stampeding Spatter Gun</PartName>
    <CashValueModifier>WeaponPartCost1_Common</CashValueModifier>
    <Rarity>0</Rarity>
  </Section>
  <Section>
    <Name>Title.Title_Splatgun</Name>
    <PartName>Splat Gun</PartName>
    <CashValueModifier>WeaponPartCost1_Common</CashValueModifier>
    <Rarity>0</Rarity>
  </Section>
  <Section>
    <Name>Title.Title_Shockgun</Name>
    <PartName>Shockgun</PartName>
    <CashValueModifier>WeaponPartCost1_Common</CashValueModifier>
    <Rarity>0</Rarity>
  </Section>
  <Section>
    <Name>Title.Title_RollingSpattergun</Name>
    <PartName>Rolling Spatter Gun</PartName>
    <CashValueModifier>WeaponPartCost1_Common</CashValueModifier>
    <Rarity>0</Rarity>
  </Section>
  <Section>
    <Name>Title.Title_Lightning</Name>
    <PartName>Lightning</PartName>
    <CashValueModifier>WeaponPartCost1_Common</CashValueModifier>
    <Rarity>0</Rarity>
  </Section>
  <Section>
    <Name>Title.Title_Globgun</Name>
    <PartName>Glob Gun</PartName>
    <CashValueModifier>WeaponPartCost1_Common</CashValueModifier>
    <Rarity>0</Rarity>
  </Section>
  <Section>
    <Name>Title.Title_Flaregun_</Name>
    <PartName>Flaregun</PartName>
    <CashValueModifier>WeaponPartCost1_Common</CashValueModifier>
    <Rarity>0</Rarity>
  </Section>
  <Section>
    <Name>Title.Title_Firebomb</Name>
    <PartName>Firebomb</PartName>
    <CashValueModifier>WeaponPartCost1_Common</CashValueModifier>
    <Rarity>0</Rarity>
  </Section>
  <Section>
    <Name>Title.Title_Fireball</Name>
    <PartName>Fireball</PartName>
    <CashValueModifier>WeaponPartCost1_Common</CashValueModifier>
    <Rarity>0</Rarity>
  </Section>
  <Section>
    <Name>Title.Title_Cannon</Name>
    <PartName>Cannon</PartName>
    <CashValueModifier>WeaponPartCost1_Common</CashValueModifier>
    <Rarity>0</Rarity>
  </Section>
  <Section>
    <Name>Title.Title_Blaster</Name>
    <PartName>Blaster</PartName>
    <CashValueModifier>WeaponPartCost1_Common</CashValueModifier>
    <Rarity>0</Rarity>
  </Section>
  <Section>
    <Name>Stock.stock_none</Name>
    <CashValueModifier>WeaponPartCost1_Common</CashValueModifier>
    <Rarity>0</Rarity>
    <MinAccuracy>0.300000</MinAccuracy>
    <MaxAccuracy>-0.200000</MaxAccuracy>
    <WeaponPerShotAccuracyImpulse>0.400000</WeaponPerShotAccuracyImpulse>
    <WeaponReloadSpeed>-0.300000</WeaponReloadSpeed>
  </Section>
  <Section>
    <Name>Stock.stock6</Name>
    <PartNumberAddend>110000</PartNumberAddend>
    <CashValueModifier>WeaponPartCost1_Common</CashValueModifier>
    <Rarity>0</Rarity>
    <ZoomMaxAccuracy>-0.300000</ZoomMaxAccuracy>
    <ZoomAccuracyImpuse>-0.300000</ZoomAccuracyImpuse>
  </Section>
  <Section>
    <Name>Stock.stock5</Name>
    <PartNumberAddend>101000</PartNumberAddend>
    <CashValueModifier>WeaponPartCost1_Common</CashValueModifier>
    <Rarity>0</Rarity>
    <MinAccuracy>-0.500000</MinAccuracy>
    <MaxAccuracy>-0.500000</MaxAccuracy>
    <IdleAccuracyRegenRate>0.600000</IdleAccuracyRegenRate>
    <WeaponPerShotAccuracyImpulse>-0.600000</WeaponPerShotAccuracyImpulse>
    <ZoomMaxAccuracy>-0.300000</ZoomMaxAccuracy>
    <ZoomAccuracyImpuse>-0.300000</ZoomAccuracyImpuse>
  </Section>
  <Section>
    <Name>Stock.stock4</Name>
    <PartNumberAddend>100000</PartNumberAddend>
    <CashValueModifier>WeaponPartCost1_Common</CashValueModifier>
    <Rarity>0</Rarity>
    <MinAccuracy>-1.000000</MinAccuracy>
    <MaxAccuracy>-0.500000</MaxAccuracy>
    <IdleAccuracyRegenRate>0.800000</IdleAccuracyRegenRate>
    <WeaponPerShotAccuracyImpulse>-0.800000</WeaponPerShotAccuracyImpulse>
    <WeaponReloadSpeed>0.200000</WeaponReloadSpeed>
    <ZoomMaxAccuracy>-0.300000</ZoomMaxAccuracy>
    <ZoomAccuracyImpuse>-0.300000</ZoomAccuracyImpuse>
  </Section>
  <Section>
    <Name>Stock.stock3</Name>
    <PartNumberAddend>11000</PartNumberAddend>
    <CashValueModifier>WeaponPartCost1_Common</CashValueModifier>
    <Rarity>0</Rarity>
    <WeaponPerShotAccuracyImpulse>-0.300000</WeaponPerShotAccuracyImpulse>
    <ZoomMaxAccuracy>-0.300000</ZoomMaxAccuracy>
    <ZoomAccuracyImpuse>-0.300000</ZoomAccuracyImpuse>
  </Section>
  <Section>
    <Name>Stock.stock2</Name>
    <PartNumberAddend>10000</PartNumberAddend>
    <CashValueModifier>WeaponPartCost1_Common</CashValueModifier>
    <Rarity>0</Rarity>
    <MinAccuracy>-0.400000</MinAccuracy>
    <MaxAccuracy>-0.200000</MaxAccuracy>
    <IdleAccuracyRegenRate>0.150000</IdleAccuracyRegenRate>
    <WeaponPerShotAccuracyImpulse>-0.400000</WeaponPerShotAccuracyImpulse>
    <WeaponReloadSpeed>0.300000</WeaponReloadSpeed>
    <ZoomMaxAccuracy>-0.300000</ZoomMaxAccuracy>
    <ZoomAccuracyImpuse>-0.300000</ZoomAccuracyImpuse>
  </Section>
  <Section>
    <Name>Stock.stock1</Name>
    <PartNumberAddend>1000</PartNumberAddend>
    <CashValueModifier>WeaponPartCost1_Common</CashValueModifier>
    <Rarity>0</Rarity>
    <IdleAccuracyRegenRate>0.200000</IdleAccuracyRegenRate>
    <ZoomMaxAccuracy>-0.300000</ZoomMaxAccuracy>
    <ZoomAccuracyImpuse>-0.300000</ZoomAccuracyImpuse>
  </Section>
  <Section>
    <Name>Sight.sight_none</Name>
    <CashValueModifier>WeaponPartCost1_Common</CashValueModifier>
    <Rarity>0</Rarity>
  </Section>
  <Section>
    <Name>Sight.sight6</Name>
    <CashValueModifier>WeaponPartCost1_Common</CashValueModifier>
    <Rarity>0</Rarity>
  </Section>
  <Section>
    <Name>Sight.sight5</Name>
    <CashValueModifier>WeaponPartCost1_Common</CashValueModifier>
    <Rarity>0</Rarity>
  </Section>
  <Section>
    <Name>Sight.sight4</Name>
    <CashValueModifier>WeaponPartCost1_Common</CashValueModifier>
    <Rarity>0</Rarity>
  </Section>
  <Section>
    <Name>Sight.sight3</Name>
    <CashValueModifier>WeaponPartCost1_Common</CashValueModifier>
    <Rarity>0</Rarity>
  </Section>
  <Section>
    <Name>Sight.sight2</Name>
    <CashValueModifier>WeaponPartCost1_Common</CashValueModifier>
    <Rarity>0</Rarity>
  </Section>
  <Section>
    <Name>Sight.sight1</Name>
    <CashValueModifier>WeaponPartCost1_Common</CashValueModifier>
    <Rarity>0</Rarity>
  </Section>
  <Section>
    <Name>Prefix.Prefix_Wave</Name>
    <PartName>Wave</PartName>
    <CashValueModifier>WeaponPartCost1_Common</CashValueModifier>
    <Rarity>0</Rarity>
  </Section>
  <Section>
    <Name>Prefix.Prefix_Thunder</Name>
    <PartName>Thunder</PartName>
    <CashValueModifier>WeaponPartCost1_Common</CashValueModifier>
    <Rarity>0</Rarity>
  </Section>
  <Section>
    <Name>Prefix.Prefix_Rolling</Name>
    <PartName>Rolling</PartName>
    <CashValueModifier>WeaponPartCost1_Common</CashValueModifier>
    <Rarity>0</Rarity>
  </Section>
  <Section>
    <Name>Prefix.Prefix_Mercurial</Name>
    <PartName>Mercurial</PartName>
    <CashValueModifier>WeaponPartCost1_Common</CashValueModifier>
    <Rarity>0</Rarity>
  </Section>
  <Section>
    <Name>Prefix.Prefix_Mega</Name>
    <PartName>Mega</PartName>
    <CashValueModifier>WeaponPartCost1_Common</CashValueModifier>
    <Rarity>0</Rarity>
  </Section>
  <Section>
    <Name>Prefix.Prefix_Fire</Name>
    <PartName>Fire</PartName>
    <CashValueModifier>WeaponPartCost1_Common</CashValueModifier>
    <Rarity>0</Rarity>
  </Section>
  <Section>
    <Name>Prefix.Prefix_Eridan</Name>
    <PartName>Eridian</PartName>
    <CashValueModifier>WeaponPartCost1_Common</CashValueModifier>
    <Rarity>0</Rarity>
  </Section>
  <Section>
    <Name>Prefix.Prefix_Chain</Name>
    <PartName>Chain</PartName>
    <CashValueModifier>WeaponPartCost1_Common</CashValueModifier>
    <Rarity>0</Rarity>
  </Section>
  <Section>
    <Name>Prefix.Prefix_Ball</Name>
    <PartName>Ball</PartName>
    <CashValueModifier>WeaponPartCost1_Common</CashValueModifier>
    <Rarity>0</Rarity>
  </Section>
  <Section>
    <Name>Prefix.Prefix_Acid</Name>
    <PartName>Acid</PartName>
    <CashValueModifier>WeaponPartCost1_Common</CashValueModifier>
    <Rarity>0</Rarity>
  </Section>
  <Section>
    <Name>mag.mag6</Name>
    <PartNumberAddend>110</PartNumberAddend>
    <CashValueModifier>WeaponPartCost1_Common</CashValueModifier>
    <Rarity>0</Rarity>
    <WeaponClipSize>0.200000,None</WeaponClipSize>
  </Section>
  <Section>
    <Name>mag.mag5</Name>
    <PartNumberAddend>101</PartNumberAddend>
    <CashValueModifier>WeaponPartCost1_Common</CashValueModifier>
    <Rarity>0</Rarity>
    <WeaponClipSize>0.300000,None</WeaponClipSize>
  </Section>
  <Section>
    <Name>mag.mag4</Name>
    <PartNumberAddend>100</PartNumberAddend>
    <CashValueModifier>WeaponPartCost1_Common</CashValueModifier>
    <Rarity>0</Rarity>
    <WeaponClipSize>1.000000,None</WeaponClipSize>
  </Section>
  <Section>
    <Name>mag.mag3</Name>
    <PartNumberAddend>11</PartNumberAddend>
    <CashValueModifier>WeaponPartCost1_Common</CashValueModifier>
    <Rarity>0</Rarity>
    <WeaponClipSize>-0.200000,None</WeaponClipSize>
  </Section>
  <Section>
    <Name>mag.mag2</Name>
    <PartNumberAddend>10</PartNumberAddend>
    <CashValueModifier>WeaponPartCost1_Common</CashValueModifier>
    <Rarity>0</Rarity>
    <WeaponClipSize>0.300000,None</WeaponClipSize>
  </Section>
  <Section>
    <Name>mag.mag1</Name>
    <PartNumberAddend>1</PartNumberAddend>
    <CashValueModifier>WeaponPartCost1_Common</CashValueModifier>
    <Rarity>0</Rarity>
    <WeaponClipSize>0.000000,None</WeaponClipSize>
  </Section>
  <Section>
    <Name>Grip.grip6</Name>
    <CashValueModifier>WeaponPartCost1_Common</CashValueModifier>
    <Rarity>0</Rarity>
  </Section>
  <Section>
    <Name>Grip.grip5</Name>
    <CashValueModifier>WeaponPartCost1_Common</CashValueModifier>
    <Rarity>0</Rarity>
  </Section>
  <Section>
    <Name>Grip.grip4</Name>
    <CashValueModifier>WeaponPartCost1_Common</CashValueModifier>
    <Rarity>0</Rarity>
  </Section>
  <Section>
    <Name>Grip.grip3</Name>
    <CashValueModifier>WeaponPartCost1_Common</CashValueModifier>
    <Rarity>0</Rarity>
  </Section>
  <Section>
    <Name>Grip.grip2</Name>
    <CashValueModifier>WeaponPartCost1_Common</CashValueModifier>
    <Rarity>0</Rarity>
  </Section>
  <Section>
    <Name>Grip.grip1</Name>
    <CashValueModifier>WeaponPartCost1_Common</CashValueModifier>
    <Rarity>0</Rarity>
  </Section>
  <Section>
    <Name>Body.body6</Name>
    <CashValueModifier>WeaponPartCost1_Common</CashValueModifier>
    <Rarity>0</Rarity>
  </Section>
  <Section>
    <Name>Body.body5</Name>
    <CashValueModifier>WeaponPartCost1_Common</CashValueModifier>
    <Rarity>0</Rarity>
  </Section>
  <Section>
    <Name>Body.body4</Name>
    <CashValueModifier>WeaponPartCost1_Common</CashValueModifier>
    <Rarity>0</Rarity>
  </Section>
  <Section>
    <Name>Body.body3</Name>
    <CashValueModifier>WeaponPartCost1_Common</CashValueModifier>
    <Rarity>0</Rarity>
  </Section>
  <Section>
    <Name>Body.body2</Name>
    <CashValueModifier>WeaponPartCost1_Common</CashValueModifier>
    <Rarity>0</Rarity>
  </Section>
  <Section>
    <Name>Body.body1</Name>
    <CashValueModifier>WeaponPartCost1_Common</CashValueModifier>
    <Rarity>0</Rarity>
    <WeaponDamage>-0.080000</WeaponDamage>
  </Section>
  <Section>
    <Name>Barrel.barrel6</Name>
    <CashValueModifier>WeaponPartCost1_Common</CashValueModifier>
    <Rarity>0</Rarity>
    <PartNumberAddend>110</PartNumberAddend>
  </Section>
  <Section>
    <Name>Barrel.barrel5_MegaCannon</Name>
    <CashValueModifier>WeaponPartCost1_Common</CashValueModifier>
    <Rarity>0</Rarity>
    <WeaponDamage>0.300000</WeaponDamage>
    <WeaponFireRate>1.000000</WeaponFireRate>
    <PartNumberAddend>100</PartNumberAddend>
  </Section>
  <Section>
    <Name>Barrel.barrel5_Cannon</Name>
    <CashValueModifier>WeaponPartCost1_Common</CashValueModifier>
    <Rarity>0</Rarity>
    <PartNumberAddend>100</PartNumberAddend>
  </Section>
  <Section>
    <Name>Barrel.barrel4_WaveBlaster</Name>
    <CashValueModifier>WeaponPartCost1_Common</CashValueModifier>
    <Rarity>0</Rarity>
    <WeaponFireRate>1.000000</WeaponFireRate>
    <WeaponDamage>1.000000</WeaponDamage>
    <PartNumberAddend>1001</PartNumberAddend>
  </Section>
  <Section>
    <Name>Barrel.barrel4_MercurialBlaster</Name>
    <CashValueModifier>WeaponPartCost1_Common</CashValueModifier>
    <Rarity>0</Rarity>
    <WeaponFireRate>-1.000000</WeaponFireRate>
    <PartNumberAddend>11</PartNumberAddend>
  </Section>
  <Section>
    <Name>Barrel.barrel4_Blaster</Name>
    <CashValueModifier>WeaponPartCost1_Common</CashValueModifier>
    <Rarity>0</Rarity>
    <PartNumberAddend>11</PartNumberAddend>
  </Section>
  <Section>
    <Name>Barrel.barrel4_BallBlaster</Name>
    <CashValueModifier>WeaponPartCost1_Common</CashValueModifier>
    <Rarity>0</Rarity>
    <PartNumberAddend>11</PartNumberAddend>
  </Section>
  <Section>
    <Name>Barrel.barrel3_Rifle</Name>
    <CashValueModifier>WeaponPartCost1_Common</CashValueModifier>
    <Rarity>0</Rarity>
    <WeaponSpread>-0.500000</WeaponSpread>
    <PartNumberAddend>10</PartNumberAddend>
  </Section>
  <Section>
    <Name>Barrel.barrel2_StampedingSpattergun</Name>
    <CashValueModifier>WeaponPartCost1_Common</CashValueModifier>
    <Rarity>0</Rarity>
    <PartNumberAddend>1</PartNumberAddend>
  </Section>
  <Section>
    <Name>Barrel.barrel2_Splatgun</Name>
    <CashValueModifier>WeaponPartCost1_Common</CashValueModifier>
    <Rarity>0</Rarity>
    <PartNumberAddend>1</PartNumberAddend>
  </Section>
  <Section>
    <Name>Barrel.barrel2_RollingSpattergun</Name>
    <CashValueModifier>WeaponPartCost1_Common</CashValueModifier>
    <Rarity>0</Rarity>
    <PartNumberAddend>1</PartNumberAddend>
  </Section>
  <Section>
    <Name>Barrel.barrel2_Rifle</Name>
    <CashValueModifier>WeaponPartCost1_Common</CashValueModifier>
    <Rarity>0</Rarity>
    <WeaponSpread>-0.500000</WeaponSpread>
    <PartNumberAddend>1</PartNumberAddend>
  </Section>
  <Section>
    <Name>Barrel.barrel2_GlobGun</Name>
    <CashValueModifier>WeaponPartCost1_Common</CashValueModifier>
    <Rarity>0</Rarity>
    <PartNumberAddend>1</PartNumberAddend>
  </Section>
  <Section>
    <Name>Barrel.barrel2_Flaregun</Name>
    <CashValueModifier>WeaponPartCost1_Common</CashValueModifier>
    <Rarity>0</Rarity>
    <PartNumberAddend>1</PartNumberAddend>
  </Section>
  <Section>
    <Name>Barrel.barrel2_Firebomb</Name>
    <CashValueModifier>WeaponPartCost1_Common</CashValueModifier>
    <Rarity>0</Rarity>
    <WeaponFireRate>1.000000</WeaponFireRate>
    <PartNumberAddend>1</PartNumberAddend>
  </Section>
  <Section>
    <Name>Barrel.barrel2_Fireball</Name>
    <CashValueModifier>WeaponPartCost1_Common</CashValueModifier>
    <Rarity>0</Rarity>
    <WeaponFireRate>0.500000</WeaponFireRate>
    <PartNumberAddend>1</PartNumberAddend>
  </Section>
  <Section>
    <Name>Barrel.barrel1</Name>
    <CashValueModifier>WeaponPartCost1_Common</CashValueModifier>
    <Rarity>0</Rarity>
  </Section>
  <Section>
    <Name>acc.acc_none</Name>
    <CashValueModifier>WeaponPartCost1_Common</CashValueModifier>
    <Rarity>0</Rarity>
  </Section>
  <Section>
    <Name>acc.acc6</Name>
    <CashValueModifier>WeaponPartCost1_Common</CashValueModifier>
    <Rarity>0</Rarity>
  </Section>
  <Section>
    <Name>acc.acc5</Name>
    <CashValueModifier>WeaponPartCost1_Common</CashValueModifier>
    <Rarity>0</Rarity>
  </Section>
  <Section>
    <Name>acc.acc4</Name>
    <CashValueModifier>WeaponPartCost1_Common</CashValueModifier>
    <Rarity>0</Rarity>
  </Section>
  <Section>
    <Name>acc.acc3</Name>
    <CashValueModifier>WeaponPartCost1_Common</CashValueModifier>
    <Rarity>0</Rarity>
  </Section>
  <Section>
    <Name>acc.acc2</Name>
    <CashValueModifier>WeaponPartCost1_Common</CashValueModifier>
    <Rarity>0</Rarity>
  </Section>
  <Section>
    <Name>acc.acc1</Name>
    <CashValueModifier>WeaponPartCost1_Common</CashValueModifier>
    <Rarity>0</Rarity>
  </Section>
  <Section>
    <Name>DELETEDELETE.WeaponType_Eridan_Rifle</Name>
    <BaseRarity>5</BaseRarity>
    <Presentation>eridian</Presentation>
  </Section>
  <Section>
    <Name>DELETEDELETE.WeaponType_Eridan_Riflede</Name>
    <BaseRarity>5</BaseRarity>
    <Presentation>eridian</Presentation>
  </Section>
  <Section>
    <Name>DELETEDELETE.WeaponType_Eridan_Sniperde</Name>
    <BaseRarity>5</BaseRarity>
    <Presentation>eridian</Presentation>
  </Section>
</INI>