<?xml version="1.0" encoding="us-ascii"?>
<!--Comment-->
<INI>
  <Section>
    <Name>UniqueParts.Ryder_Material</Name>
    <PartName>D</PartName>
    <CashValueModifier>WeaponPartCost0_Cheap</CashValueModifier>
    <Rarity>0</Rarity>
  </Section>
  <Section>
    <Name>UniqueParts.Ryder_mag5</Name>
    <CashValueModifier>WeaponPartCost4_Rare</CashValueModifier>
    <Rarity>5</Rarity>
    <MaxAccuracy>-0.500000</MaxAccuracy>
    <IdleAccuracyRegenRate>-3.000000</IdleAccuracyRegenRate>
    <WeaponClipSize>15.00000,MT_PreAdd</WeaponClipSize>
    <WeaponReloadSpeed>-0.500000</WeaponReloadSpeed>
    <WeaponFireRate>-1.000000</WeaponFireRate>
    <WeaponDamage>-2.000000</WeaponDamage>
    <WeaponPerShotAccuracyImpulse>-4.000000</WeaponPerShotAccuracyImpulse>
    <PartNumberAddend>7</PartNumberAddend>
  </Section>
  <Section>
    <Name>UniqueParts.ReaversEdge_sight4</Name>
    <CashValueModifier>WeaponPartCost1_Common</CashValueModifier>
    <TechLevelIncrease>4</TechLevelIncrease>
    <Rarity>0</Rarity>
    <WeaponClipSize>2.000000,MT_PreAdd</WeaponClipSize>
    <WeaponSpread>-0.500000</WeaponSpread>
  </Section>
  <Section>
    <Name>UniqueParts.ReaversEdge_Material</Name>
    <PartName>D</PartName>
    <CashValueModifier>WeaponPartCost4_Rare</CashValueModifier>
    <Rarity>5</Rarity>
    <IdleAccuracyRegenRate>-0.230000</IdleAccuracyRegenRate>
    <MaxAccuracy>-0.600000</MaxAccuracy>
    <WeaponPerShotAccuracyImpulse>-0.200000</WeaponPerShotAccuracyImpulse>
    <WeaponSpread>0.150000</WeaponSpread>
    <CardWeaponPerShotAccuracyImpulse>3.000000</CardWeaponPerShotAccuracyImpulse>
  </Section>
  <Section>
    <Name>Title.TitleU_Retail_Rider</Name>
    <Description>Careful... you might put someone's eye out.</Description>
    <PartName>Rider</PartName>
    <CashValueModifier>WeaponPartCost1_Common</CashValueModifier>
    <Rarity>0</Rarity>
  </Section>
  <Section>
    <Name>Title.TitleU_Reaver_ReaversEdge</Name>
    <Description>The cutting edge</Description>
    <PartName>Reaver's Edge</PartName>
    <CashValueModifier>WeaponPartCost4_Rare</CashValueModifier>
    <Rarity>5</Rarity>
  </Section>
  <Section>
    <Name>Title.TitleM_Torgue1_Cobra</Name>
    <Description>I LIKE IT!</Description>
    <PartName>Cobra</PartName>
    <CashValueModifier>WeaponPartCost1_Common</CashValueModifier>
    <Rarity>50</Rarity>
  </Section>
  <Section>
    <Name>Title.TitleM_SandS1_Orion</Name>
    <Description>A hunter lives among the stars...</Description>
    <PartName>Orion</PartName>
    <CashValueModifier>WeaponPartCost1_Common</CashValueModifier>
    <Rarity>50</Rarity>
  </Section>
  <Section>
    <Name>Title.TitleM_Hyperion1_Executioner</Name>
    <Description>BAM BAM BAM BAM BAM!</Description>
    <PartName>Invader</PartName>
    <CashValueModifier>WeaponPartCost1_Common</CashValueModifier>
    <Rarity>50</Rarity>
  </Section>
  <Section>
    <Name>Title.TitleM_Dahl1_Penetrator</Name>
    <Description>Sniper Killer... Qu'est que c'est</Description>
    <PartName>Penetrator</PartName>
    <CashValueModifier>WeaponPartCost1_Common</CashValueModifier>
    <Rarity>1</Rarity>
  </Section>
  <Section>
    <Name>Title.Title_Tech1_Wrath</Name>
    <PartName>Wrath</PartName>
    <CashValueModifier>WeaponPartCost3_Uncommoner</CashValueModifier>
    <TechLevelIncrease>4</TechLevelIncrease>
    <Rarity>3</Rarity>
    <WeaponDamage>0.250000</WeaponDamage>
  </Section>
  <Section>
    <Name>Title.Title_Damage1_Driver</Name>
    <PartName>Thunder</PartName>
    <CashValueModifier>WeaponPartCost2_Uncommon</CashValueModifier>
    <Rarity>1</Rarity>
  </Section>
  <Section>
    <Name>Title.Title_Accuracy1_Lance</Name>
    <PartName>Lance</PartName>
    <CashValueModifier>WeaponPartCost2_Uncommon</CashValueModifier>
    <TechLevelIncrease>1</TechLevelIncrease>
    <Rarity>1</Rarity>
    <WeaponDamage>0.150000</WeaponDamage>
    <WeaponKnockback>1.000000</WeaponKnockback>
  </Section>
  <Section>
    <Name>Prefix.Prefix_reload1_Vicious</Name>
    <PartName>Vicious</PartName>
    <CashValueModifier>WeaponPartCost2_Uncommon</CashValueModifier>
    <TechLevelIncrease>3</TechLevelIncrease>
    <Rarity>1</Rarity>
    <WeaponReloadSpeed>-0.800000</WeaponReloadSpeed>
    <WeaponDamage>0.150000</WeaponDamage>
  </Section>
  <Section>
    <Name>Prefix.Prefix_Acc5_Sober</Name>
    <PartName>Sober</PartName>
    <CashValueModifier>WeaponPartCost1_Common</CashValueModifier>
    <Rarity>0</Rarity>
  </Section>
  <Section>
    <Name>Prefix.Prefix_Acc4_Deep</Name>
    <PartName>Deep</PartName>
    <CashValueModifier>WeaponPartCost1_Common</CashValueModifier>
    <Rarity>0</Rarity>
  </Section>
  <Section>
    <Name>Prefix.Prefix_Acc1_Brisk</Name>
    <PartName>Brisk</PartName>
    <CashValueModifier>WeaponPartCost1_Common</CashValueModifier>
    <Rarity>0</Rarity>
  </Section>
  <Section>
    <Name>mag.mag5_Hyperion_Executioner</Name>
    <PartNumberAddend>77</PartNumberAddend>
    <PartName>Executioner</PartName>
    <CashValueModifier>WeaponPartCost6_Legendary</CashValueModifier>
    <TechLevelIncrease>1</TechLevelIncrease>
    <Rarity>3</Rarity>
    <WeaponClipSize>10.00000,MT_PreAdd</WeaponClipSize>
    <WeaponReloadSpeed>-0.500000</WeaponReloadSpeed>
    <WeaponDamage>-1.000000</WeaponDamage>
    <WeaponBurstCount>4.000000</WeaponBurstCount>
    <WeaponFireRate>-5.000000</WeaponFireRate>
  </Section>
  <Section>
    <Name>mag.mag5</Name>
    <PartNumberAddend>7</PartNumberAddend>
    <CashValueModifier>WeaponPartCost3_Uncommoner</CashValueModifier>
    <Rarity>3</Rarity>
    <WeaponClipSize>2.000000,MT_PreAdd</WeaponClipSize>
    <WeaponReloadSpeed>-0.500000</WeaponReloadSpeed>
    <WeaponFireRate>-0.210000</WeaponFireRate>
  </Section>
  <Section>
    <Name>mag.mag2</Name>
    <CashValueModifier>WeaponPartCost1_Common</CashValueModifier>
    <Rarity>0</Rarity>
  </Section>
  <Section>
    <Name>Body.body5</Name>
    <PartName>PPZ</PartName>
    <CashValueModifier>WeaponPartCost4_Rare</CashValueModifier>
    <TechLevelIncrease>1</TechLevelIncrease>
    <Rarity>5</Rarity>
    <WeaponFireRate>-0.500000</WeaponFireRate>
    <WeaponDamage>0.200000</WeaponDamage>
    <WeaponPerShotAccuracyImpulse>-0.200000</WeaponPerShotAccuracyImpulse>
  </Section>
  <Section>
    <Name>Body.body2</Name>
    <PartName>LB</PartName>
    <CashValueModifier>WeaponPartCost1_Common</CashValueModifier>
    <TechLevelIncrease>1</TechLevelIncrease>
    <Rarity>1</Rarity>
    <WeaponFireRate>0.200000</WeaponFireRate>
    <WeaponPerShotAccuracyImpulse>0.300000</WeaponPerShotAccuracyImpulse>
    <WeaponDamage>0.100000</WeaponDamage>
  </Section>
  <Section>
    <Name>Barrel.barrel1_Dahl_Penetrator</Name>
    <PartName>Penetrator</PartName>
    <CashValueModifier>WeaponPartCost6_Legendary</CashValueModifier>
    <TechLevelIncrease>2</TechLevelIncrease>
    <Rarity>3</Rarity>
    <WeaponBurstCount>-1.000000</WeaponBurstCount>
    <WeaponClipSize>3.000000,MT_PreAdd</WeaponClipSize>
    <WeaponPerShotAccuracyImpulse>-1.500000</WeaponPerShotAccuracyImpulse>
    <WeaponFireRate>-1.500000</WeaponFireRate>
    <PartNumberAddend>69</PartNumberAddend>
  </Section>
  <Section>
    <Name>acc.acc5_Sober</Name>
    <CashValueModifier>WeaponPartCost3_Uncommoner</CashValueModifier>
    <TechLevelIncrease>2</TechLevelIncrease>
    <Rarity>3</Rarity>
    <MaxAccuracy>-0.400000</MaxAccuracy>
    <MinAccuracy>-0.400000</MinAccuracy>
    <WeaponSpread>-0.300000</WeaponSpread>
  </Section>
  <Section>
    <Name>acc.acc4_Deep</Name>
    <CashValueModifier>WeaponPartCost3_Uncommoner</CashValueModifier>
    <Rarity>3</Rarity>
    <WeaponDamage>0.300000</WeaponDamage>
  </Section>
  <Section>
    <Name>acc.acc3_SandS_Orion_Shock</Name>
    <PartName>Orion</PartName>
    <CashValueModifier>WeaponPartCost6_Legendary</CashValueModifier>
    <TechLevelIncrease>10</TechLevelIncrease>
    <Rarity>3</Rarity>
    <WeaponClipSize>4.000000,MT_PreAdd</WeaponClipSize>
    <PartNumberAddend>808</PartNumberAddend>
  </Section>
  <Section>
    <Name>acc.acc2_Explosive_Torgue_Cobra</Name>
    <PartName>Explosive</PartName>
    <CashValueModifier>WeaponPartCost6_Legendary</CashValueModifier>
    <TechLevelIncrease>12</TechLevelIncrease>
    <Rarity>3</Rarity>
    <WeaponFireRate>1.000000</WeaponFireRate>
  </Section>
  <Section>
    <Name>acc.acc1_Brisk</Name>
    <CashValueModifier>WeaponPartCost3_Uncommoner</CashValueModifier>
    <Rarity>3</Rarity>
    <WeaponFireRate>-0.500000</WeaponFireRate>
    <WeaponReloadSpeed>-0.500000</WeaponReloadSpeed>
    <PartNumberAddend>90</PartNumberAddend>
  </Section>
  <Section>
    <Name>A_Weapon.WeaponType_sniper_rifle_semiauto</Name>
    <ClipSize>5</ClipSize>
    <WeaponDamageFormulaMultiplier>3.200000</WeaponDamageFormulaMultiplier>
    <Spread>0.600000</Spread>
    <PerShotAccuracyImpulse>12.000000</PerShotAccuracyImpulse>
    <FireRate>0.700000</FireRate>
    <ReloadTime>3.500000</ReloadTime>
    <IdleAccuracyRegenRate>2.000000</IdleAccuracyRegenRate>
    <MinAccuracy>3.000000</MinAccuracy>
    <IdleAccuracyRegenRate>4.000000</IdleAccuracyRegenRate>
    <ZoomMinAccuracy>-5.000000</ZoomMinAccuracy>
    <ZoomMaxAccuracy>Attribut</ZoomMaxAccuracy>
    <BaseCashValueModifier>56</BaseCashValueModifier>
    <Presentation>sniper</Presentation>
  </Section>
</INI>