<?xml version="1.0" encoding="us-ascii"?>
<!--Comment-->
<INI>
  <Section>
    <Name>UniqueParts.TKsWave_Material</Name>
    <PartName> U</PartName>
    <CashValueModifier>WeaponPartCost3_Uncommoner</CashValueModifier>
    <Rarity>3</Rarity>
    <IdleAccuracyRegenRate>-0.230000</IdleAccuracyRegenRate>
    <MaxAccuracy>-0.600000</MaxAccuracy>
    <MinAccuracy>0.100000</MinAccuracy>
    <WeaponPerShotAccuracyImpulse>-0.200000</WeaponPerShotAccuracyImpulse>
    <WeaponSpread>0.150000</WeaponSpread>
    <WeaponReloadSpeed>-0.240000</WeaponReloadSpeed>
    <CardWeaponPerShotAccuracyImpulse>3.000000</CardWeaponPerShotAccuracyImpulse>
  </Section>
  <Section>
    <Name>UniqueParts.TKsWave_barrel2</Name>
    <CashValueModifier>WeaponPartCost1_Common</CashValueModifier>
    <Rarity>0</Rarity>
    <MaxAccuracy>-0.200000</MaxAccuracy>
    <MinAccuracy>0.200000</MinAccuracy>
    <WeaponDamage>0.300000</WeaponDamage>
    <WeaponPerShotAccuracyImpulse>0.100000</WeaponPerShotAccuracyImpulse>
    <WeaponSpread>0.200000</WeaponSpread>
    <WeaponCritBonus>1.000000</WeaponCritBonus>
  </Section>
  <Section>
    <Name>UniqueParts.SledgesShotgun_Material</Name>
    <PartName> XX</PartName>
    <CashValueModifier>WeaponPartCost4_Rare</CashValueModifier>
    <Rarity>5</Rarity>
    <WeaponDamage>0.550000</WeaponDamage>
    <WeaponPerShotAccuracyImpulse>0.450000</WeaponPerShotAccuracyImpulse>
    <WeaponFireRate>0.500000</WeaponFireRate>
    <WeaponSpread>0.600000</WeaponSpread>
    <WeaponKnockback>6.000000</WeaponKnockback>
  </Section>
  <Section>
    <Name>UniqueParts.SledgesShotgun_barrel2</Name>
    <CashValueModifier>WeaponPartCost1_Common</CashValueModifier>
    <Rarity>0</Rarity>
    <MinAccuracy>0.200000</MinAccuracy>
    <MaxAccuracy>1.000000</MaxAccuracy>
    <WeaponDamage>-0.350000</WeaponDamage>
    <WeaponProjectiles>2.000000,MT_PreAdd</WeaponProjectiles>
    <WeaponBurstCount>100.0000</WeaponBurstCount>
    <WeaponReloadSpeed>0.600000</WeaponReloadSpeed>
    <WeaponFireRate>-7.000000</WeaponFireRate>
    <WeaponPerShotAccuracyImpulse>2.000000</WeaponPerShotAccuracyImpulse>
    <WeaponKnockback>6.000000</WeaponKnockback>
    <WeaponSpread>1.500000</WeaponSpread>
  </Section>
  <Section>
    <Name>UniqueParts.BoomStick_Material</Name>
    <CashValueModifier>WeaponPartCost3_Uncommoner</CashValueModifier>
    <Rarity>3</Rarity>
    <WeaponDamage>0.240000</WeaponDamage>
    <WeaponPerShotAccuracyImpulse>0.540000</WeaponPerShotAccuracyImpulse>
    <WeaponFireRate>-0.160000</WeaponFireRate>
    <WeaponSpread>0.350000</WeaponSpread>
  </Section>
  <Section>
    <Name>UniqueParts.BoomStick_barrel3_Carnage</Name>
    <CashValueModifier>WeaponPartCost1_Common</CashValueModifier>
    <TechLevelIncrease>-500</TechLevelIncrease>
    <Rarity>0</Rarity>
    <MaxAccuracy>-0.300000</MaxAccuracy>
    <MinAccuracy>-0.300000</MinAccuracy>
    <WeaponBurstCount>6.000000</WeaponBurstCount>
    <WeaponFireRate>-4.000000</WeaponFireRate>
    <WeaponReloadSpeed>1.000000</WeaponReloadSpeed>
    <WeaponDamage>6.000000</WeaponDamage>
    <WeaponProjectiles>-100.0000,None</WeaponProjectiles>
    <WeaponProjectiles>1.000000,MT_PostAdd</WeaponProjectiles>
    <WeaponSpread>1.000000</WeaponSpread>
  </Section>
  <Section>
    <Name>UniqueParts.Blister_Material</Name>
    <CashValueModifier>WeaponPartCost0_Cheap</CashValueModifier>
    <Rarity>0</Rarity>
    <IdleAccuracyRegenRate>-0.230000</IdleAccuracyRegenRate>
    <MaxAccuracy>-0.600000</MaxAccuracy>
    <MinAccuracy>0.150000</MinAccuracy>
    <WeaponPerShotAccuracyImpulse>-0.200000</WeaponPerShotAccuracyImpulse>
    <WeaponSpread>0.200000</WeaponSpread>
    <CardWeaponPerShotAccuracyImpulse>3.000000</CardWeaponPerShotAccuracyImpulse>
  </Section>
  <Section>
    <Name>UniqueParts.Blister_barrel3</Name>
    <CashValueModifier>WeaponPartCost0_Cheap</CashValueModifier>
    <TechLevelIncrease>2</TechLevelIncrease>
    <Rarity>0</Rarity>
    <MaxAccuracy>-0.300000</MaxAccuracy>
    <MinAccuracy>-0.300000</MinAccuracy>
    <WeaponDamage>0.300000</WeaponDamage>
    <WeaponSpread>-0.500000</WeaponSpread>
  </Section>
  <Section>
    <Name>Title.TitleU_TKBaha_TKsWave</Name>
    <Description>Ride the Wave, Dude!</Description>
    <PartName>T.K's Wave</PartName>
    <CashValueModifier>WeaponPartCost4_Rare</CashValueModifier>
    <Rarity>5</Rarity>
  </Section>
  <Section>
    <Name>Title.TitleU_Sledge_SledgesShotgun</Name>
    <Description>The Legend Lives</Description>
    <PartName>Sledge's Shotgun</PartName>
    <CashValueModifier>WeaponPartCost4_Rare</CashValueModifier>
    <Rarity>5</Rarity>
  </Section>
  <Section>
    <Name>Title.TitleU_Retail_Blister</Name>
    <Description>It's a painful thing</Description>
    <PartName>The Blister</PartName>
    <CashValueModifier>WeaponPartCost0_Cheap</CashValueModifier>
    <Rarity>5</Rarity>
  </Section>
  <Section>
    <Name>Title.TitleU_BaronFlynt_BoomStick</Name>
    <Description>Beyond Groovy</Description>
    <PartName>Boom Stick</PartName>
    <CashValueModifier>WeaponPartCost4_Rare</CashValueModifier>
    <Rarity>5</Rarity>
  </Section>
  <Section>
    <Name>Title.TitleM_Torgue1_Fire</Name>
    <Description>Have a nice day!</Description>
    <PartName>Fire</PartName>
    <CashValueModifier>WeaponPartCost1_Common</CashValueModifier>
    <Rarity>50</Rarity>
  </Section>
  <Section>
    <Name>Title.TitleM_Tediore1_Defender</Name>
    <Description>I can do this all day...</Description>
    <PartName>Defender</PartName>
    <CashValueModifier>WeaponPartCost1_Common</CashValueModifier>
    <Rarity>50</Rarity>
  </Section>
  <Section>
    <Name>Title.TitleM_Jakobs1_Striker</Name>
    <Description>Sniper Rifles are for Chumps.</Description>
    <PartName>Striker</PartName>
    <CashValueModifier>WeaponPartCost1_Common</CashValueModifier>
    <Rarity>50</Rarity>
  </Section>
  <Section>
    <Name>Title.TitleM_Dahl1_Bulldog</Name>
    <Description>One Bad Dog!</Description>
    <PartName>Bulldog</PartName>
    <CashValueModifier>WeaponPartCost1_Common</CashValueModifier>
    <Rarity>50</Rarity>
  </Section>
  <Section>
    <Name>Title.TitleM_Atlas1_Hydra</Name>
    <Description>Five heads of Death</Description>
    <PartName>Hydra</PartName>
    <CashValueModifier>WeaponPartCost1_Common</CashValueModifier>
    <Rarity>50</Rarity>
  </Section>
  <Section>
    <Name>Title.Title_Projectiles1_Shredder</Name>
    <PartName>Shredder</PartName>
    <CashValueModifier>WeaponPartCost3_Uncommoner</CashValueModifier>
    <Rarity>3</Rarity>
    <WeaponProjectiles>2.000000,MT_PreAdd</WeaponProjectiles>
    <WeaponSpread>0.150000</WeaponSpread>
  </Section>
  <Section>
    <Name>Title.Title_HighSpread2_Matador</Name>
    <PartName>Matador</PartName>
    <CashValueModifier>WeaponPartCost1_Common</CashValueModifier>
    <Rarity>0</Rarity>
    <WeaponProjectiles>0.350000,None</WeaponProjectiles>
    <WeaponFireRate>-0.250000</WeaponFireRate>
  </Section>
  <Section>
    <Name>Title.Title_HighSpread1_Scattergun</Name>
    <PartName>Scattergun</PartName>
    <CashValueModifier>WeaponPartCost1_Common</CashValueModifier>
    <Rarity>0</Rarity>
    <WeaponProjectiles>0.300000,None</WeaponProjectiles>
  </Section>
  <Section>
    <Name>Title.Title_Barrel3_Carnage</Name>
    <PartName>Carnage</PartName>
    <CashValueModifier>WeaponPartCost1_Common</CashValueModifier>
    <Rarity>0</Rarity>
  </Section>
  <Section>
    <Name>Title.Title__Shotgun</Name>
    <PartName>Shotgun</PartName>
    <CashValueModifier>WeaponPartCost1_Common</CashValueModifier>
    <Rarity>0</Rarity>
  </Section>
  <Section>
    <Name>Stock.stock_none</Name>
    <PartNumberAddend>10</PartNumberAddend>
    <CashValueModifier>WeaponPartCost1_Common</CashValueModifier>
    <Rarity>0</Rarity>
    <MaxAccuracy>-0.200000</MaxAccuracy>
    <IdleAccuracyRegenRate>1.000000</IdleAccuracyRegenRate>
    <WeaponPerShotAccuracyImpulse>0.400000</WeaponPerShotAccuracyImpulse>
    <WeaponReloadSpeed>-0.300000</WeaponReloadSpeed>
  </Section>
  <Section>
    <Name>Stock.stock3</Name>
    <PartNumberAddend>30</PartNumberAddend>
    <CashValueModifier>WeaponPartCost4_Rare</CashValueModifier>
    <Rarity>5</Rarity>
    <MinAccuracy>-0.200000</MinAccuracy>
    <MaxAccuracy>-0.200000</MaxAccuracy>
    <IdleAccuracyRegenRate>0.400000</IdleAccuracyRegenRate>
    <WeaponPerShotAccuracyImpulse>-0.300000</WeaponPerShotAccuracyImpulse>
    <ZoomMinAccuracy>-0.500000</ZoomMinAccuracy>
    <ZoomMaxAccuracy>-0.500000</ZoomMaxAccuracy>
    <ZoomAccuracyImpuse>-0.300000</ZoomAccuracyImpuse>
  </Section>
  <Section>
    <Name>Stock.stock2</Name>
    <PartNumberAddend>20</PartNumberAddend>
    <CashValueModifier>WeaponPartCost3_Uncommoner</CashValueModifier>
    <Rarity>3</Rarity>
    <MinAccuracy>-0.100000</MinAccuracy>
    <MaxAccuracy>-0.100000</MaxAccuracy>
    <IdleAccuracyRegenRate>0.200000</IdleAccuracyRegenRate>
    <WeaponPerShotAccuracyImpulse>-0.400000</WeaponPerShotAccuracyImpulse>
    <WeaponReloadSpeed>0.300000</WeaponReloadSpeed>
    <ZoomMinAccuracy>-0.300000</ZoomMinAccuracy>
    <ZoomMaxAccuracy>-0.300000</ZoomMaxAccuracy>
    <ZoomAccuracyImpuse>-0.200000</ZoomAccuracyImpuse>
  </Section>
  <Section>
    <Name>Stock.stock1</Name>
    <CashValueModifier>WeaponPartCost2_Uncommon</CashValueModifier>
    <Rarity>1</Rarity>
    <IdleAccuracyRegenRate>0.200000</IdleAccuracyRegenRate>
    <ZoomMaxAccuracy>-0.300000</ZoomMaxAccuracy>
    <ZoomAccuracyImpuse>-0.300000</ZoomAccuracyImpuse>
  </Section>
  <Section>
    <Name>Sight.sightnone</Name>
    <CashValueModifier>WeaponPartCost1_Common</CashValueModifier>
    <Rarity>0</Rarity>
  </Section>
  <Section>
    <Name>Sight.sight5</Name>
    <CashValueModifier>WeaponPartCost5_VeryRare</CashValueModifier>
    <Rarity>8</Rarity>
    <WeaponSpread>-0.700000</WeaponSpread>
  </Section>
  <Section>
    <Name>Sight.sight4</Name>
    <CashValueModifier>WeaponPartCost4_Rare</CashValueModifier>
    <Rarity>5</Rarity>
    <WeaponSpread>-0.500000</WeaponSpread>
  </Section>
  <Section>
    <Name>Sight.sight3</Name>
    <CashValueModifier>WeaponPartCost4_Rare</CashValueModifier>
    <Rarity>5</Rarity>
    <WeaponSpread>-0.300000</WeaponSpread>
  </Section>
  <Section>
    <Name>Sight.sight2_</Name>
    <CashValueModifier>WeaponPartCost3_Uncommoner</CashValueModifier>
    <Rarity>3</Rarity>
    <WeaponSpread>-0.200000</WeaponSpread>
  </Section>
  <Section>
    <Name>Sight.sight1_</Name>
    <CashValueModifier>WeaponPartCost2_Uncommon</CashValueModifier>
    <Rarity>1</Rarity>
    <WeaponSpread>-0.150000</WeaponSpread>
  </Section>
  <Section>
    <Name>Prefix.PrefixM_Torgue1_Friendly</Name>
    <PartName>Friendly</PartName>
    <CashValueModifier>WeaponPartCost1_Common</CashValueModifier>
    <Rarity>0</Rarity>
  </Section>
  <Section>
    <Name>Prefix.Prefix_Spread1_Hunters</Name>
    <PartName>Hunter's</PartName>
    <CashValueModifier>WeaponPartCost2_Uncommon</CashValueModifier>
    <Rarity>1</Rarity>
    <MinAccuracy>-0.150000</MinAccuracy>
    <WeaponDamage>0.200000</WeaponDamage>
    <WeaponProjectiles>-0.200000,None</WeaponProjectiles>
  </Section>
  <Section>
    <Name>Prefix.Prefix_Sledge</Name>
    <PartName>Sledge's</PartName>
    <CashValueModifier>WeaponPartCost1_Common</CashValueModifier>
    <Rarity>0</Rarity>
  </Section>
  <Section>
    <Name>Prefix.Prefix_Grip2_Riot</Name>
    <PartName>Riot</PartName>
    <CashValueModifier>WeaponPartCost1_Common</CashValueModifier>
    <Rarity>0</Rarity>
  </Section>
  <Section>
    <Name>Prefix.Prefix_Firerate1_Riot</Name>
    <PartName>Riot</PartName>
    <CashValueModifier>WeaponPartCost1_Common</CashValueModifier>
    <Rarity>0</Rarity>
  </Section>
  <Section>
    <Name>Prefix.Prefix_Damage1_Terrible</Name>
    <PartName>Terrible</PartName>
    <CashValueModifier>WeaponPartCost1_Common</CashValueModifier>
    <Rarity>0</Rarity>
  </Section>
  <Section>
    <Name>Prefix.Prefix_Basic1_Combat</Name>
    <PartName>Combat</PartName>
    <CashValueModifier>WeaponPartCost1_Common</CashValueModifier>
    <Rarity>0</Rarity>
  </Section>
  <Section>
    <Name>Prefix.Prefix_Acc4_Terrible</Name>
    <PartName>Sighted</PartName>
    <CashValueModifier>WeaponPartCost1_Common</CashValueModifier>
    <Rarity>0</Rarity>
  </Section>
  <Section>
    <Name>Prefix.Prefix_Acc2_Frenzied</Name>
    <PartName>Stabilized</PartName>
    <CashValueModifier>WeaponPartCost1_Common</CashValueModifier>
    <Rarity>0</Rarity>
  </Section>
  <Section>
    <Name>Prefix.Prefix_Acc1_Jagged</Name>
    <PartName>Fanged</PartName>
    <CashValueModifier>WeaponPartCost1_Common</CashValueModifier>
    <Rarity>0</Rarity>
  </Section>
  <Section>
    <Name>mag.mag5</Name>
    <PartNumberAddend>5</PartNumberAddend>
    <CashValueModifier>WeaponPartCost3_Uncommoner</CashValueModifier>
    <Rarity>3</Rarity>
    <WeaponClipSize>-4.000000,MT_PreAdd</WeaponClipSize>
    <WeaponReloadSpeed>-0.500000</WeaponReloadSpeed>
    <WeaponDamage>1.020000</WeaponDamage>
  </Section>
  <Section>
    <Name>mag.mag4</Name>
    <PartNumberAddend>4</PartNumberAddend>
    <CashValueModifier>WeaponPartCost2_Uncommon</CashValueModifier>
    <Rarity>1</Rarity>
  </Section>
  <Section>
    <Name>mag.mag3</Name>
    <CashValueModifier>WeaponPartCost2_Uncommon</CashValueModifier>
    <Rarity>1</Rarity>
  </Section>
  <Section>
    <Name>mag.mag2_Dahl_Bulldog</Name>
    <PartNumberAddend>90</PartNumberAddend>
    <PartName>BullDog</PartName>
    <CashValueModifier>WeaponPartCost6_Legendary</CashValueModifier>
    <TechLevelIncrease>2</TechLevelIncrease>
    <Rarity>3</Rarity>
    <WeaponClipSize>14.00000,MT_PreAdd</WeaponClipSize>
    <WeaponReloadSpeed>-0.500000</WeaponReloadSpeed>
    <WeaponFireRate>-0.200000</WeaponFireRate>
  </Section>
  <Section>
    <Name>mag.mag2</Name>
    <PartNumberAddend>90</PartNumberAddend>
    <CashValueModifier>WeaponPartCost4_Rare</CashValueModifier>
    <Rarity>5</Rarity>
    <WeaponClipSize>6.000000,MT_PreAdd</WeaponClipSize>
    <WeaponReloadSpeed>0.600000</WeaponReloadSpeed>
  </Section>
  <Section>
    <Name>mag.mag1</Name>
    <PartNumberAddend>1</PartNumberAddend>
    <CashValueModifier>WeaponPartCost1_Common</CashValueModifier>
    <Rarity>0</Rarity>
    <WeaponReloadSpeed>-0.400000</WeaponReloadSpeed>
    <WeaponDamage>-0.180000</WeaponDamage>
  </Section>
  <Section>
    <Name>Grip.grip5</Name>
    <PartName>Atlas</PartName>
    <CashValueModifier>WeaponPartCost1_Common</CashValueModifier>
    <Rarity>0</Rarity>
  </Section>
  <Section>
    <Name>Grip.grip4</Name>
    <PartName>Jakobs</PartName>
    <CashValueModifier>WeaponPartCost1_Common</CashValueModifier>
    <Rarity>0</Rarity>
  </Section>
  <Section>
    <Name>Grip.grip3b</Name>
    <PartName>Hyperion</PartName>
    <CashValueModifier>WeaponPartCost1_Common</CashValueModifier>
    <Rarity>0</Rarity>
  </Section>
  <Section>
    <Name>Grip.grip3a</Name>
    <PartName>Vladof</PartName>
    <CashValueModifier>WeaponPartCost1_Common</CashValueModifier>
    <Rarity>0</Rarity>
  </Section>
  <Section>
    <Name>Grip.grip3</Name>
    <PartName>Maliwan</PartName>
    <CashValueModifier>WeaponPartCost1_Common</CashValueModifier>
    <Rarity>0</Rarity>
  </Section>
  <Section>
    <Name>Grip.grip2a_Torgue</Name>
    <PartName>Torgue</PartName>
    <CashValueModifier>WeaponPartCost1_Common</CashValueModifier>
    <Rarity>0</Rarity>
    <MinAccuracy>1.000000</MinAccuracy>
    <WeaponFireRate>-0.400000</WeaponFireRate>
  </Section>
  <Section>
    <Name>Grip.grip2_gearbox</Name>
    <PartName>Gearbox</PartName>
    <CashValueModifier>WeaponPartCost0_Cheap</CashValueModifier>
    <Rarity>0</Rarity>
  </Section>
  <Section>
    <Name>Grip.grip2</Name>
    <PartName>Dahl</PartName>
    <CashValueModifier>WeaponPartCost1_Common</CashValueModifier>
    <Rarity>0</Rarity>
    <MinAccuracy>1.000000</MinAccuracy>
    <WeaponFireRate>-0.400000</WeaponFireRate>
  </Section>
  <Section>
    <Name>Grip.grip1a</Name>
    <PartName>SandS</PartName>
    <CashValueModifier>WeaponPartCost1_Common</CashValueModifier>
    <Rarity>0</Rarity>
  </Section>
  <Section>
    <Name>Grip.grip1</Name>
    <PartName>Tediore</PartName>
    <CashValueModifier>WeaponPartCost1_Common</CashValueModifier>
    <Rarity>0</Rarity>
  </Section>
  <Section>
    <Name>CustomParts.Material_Sledge</Name>
    <PartName> XX</PartName>
    <CashValueModifier>WeaponPartCost1_Common</CashValueModifier>
    <Rarity>0</Rarity>
    <WeaponDamage>0.550000</WeaponDamage>
    <WeaponPerShotAccuracyImpulse>0.450000</WeaponPerShotAccuracyImpulse>
    <WeaponFireRate>0.500000</WeaponFireRate>
    <WeaponSpread>0.200000</WeaponSpread>
    <WeaponKnockback>6.000000</WeaponKnockback>
    <CardWeaponPerShotAccuracyImpulse>3.000000</CardWeaponPerShotAccuracyImpulse>
  </Section>
  <Section>
    <Name>Body.body5</Name>
    <PartName>ZPR</PartName>
    <CashValueModifier>WeaponPartCost4_Rare</CashValueModifier>
    <Rarity>5</Rarity>
    <WeaponFireRate>-0.500000</WeaponFireRate>
    <WeaponDamage>0.200000</WeaponDamage>
    <WeaponPerShotAccuracyImpulse>-0.200000</WeaponPerShotAccuracyImpulse>
  </Section>
  <Section>
    <Name>Body.body4</Name>
    <PartName>BA </PartName>
    <CashValueModifier>WeaponPartCost3_Uncommoner</CashValueModifier>
    <Rarity>3</Rarity>
    <WeaponFireRate>0.300000</WeaponFireRate>
    <WeaponDamage>0.200000</WeaponDamage>
    <WeaponPerShotAccuracyImpulse>0.500000</WeaponPerShotAccuracyImpulse>
  </Section>
  <Section>
    <Name>Body.body3_Tediore_Defender</Name>
    <PartName>DEF</PartName>
    <CashValueModifier>WeaponPartCost6_Legendary</CashValueModifier>
    <TechLevelIncrease>3</TechLevelIncrease>
    <Rarity>3</Rarity>
    <ExternalRegenRate>0.300000</ExternalRegenRate>
    <WeaponFireRate>-0.300000</WeaponFireRate>
    <WeaponDamage>0.250000</WeaponDamage>
    <WeaponPerShotAccuracyImpulse>-0.300000</WeaponPerShotAccuracyImpulse>
    <WeaponRegenRate>3.000000</WeaponRegenRate>
  </Section>
  <Section>
    <Name>Body.body3</Name>
    <PartName>ZX</PartName>
    <CashValueModifier>WeaponPartCost2_Uncommon</CashValueModifier>
    <TechLevelIncrease>3</TechLevelIncrease>
    <Rarity>1</Rarity>
    <WeaponFireRate>-0.300000</WeaponFireRate>
    <WeaponDamage>-0.150000</WeaponDamage>
    <WeaponPerShotAccuracyImpulse>-0.300000</WeaponPerShotAccuracyImpulse>
  </Section>
  <Section>
    <Name>Body.body2</Name>
    <PartName>SPR</PartName>
    <CashValueModifier>WeaponPartCost1_Common</CashValueModifier>
    <Rarity>1</Rarity>
    <WeaponFireRate>0.200000</WeaponFireRate>
    <WeaponPerShotAccuracyImpulse>0.300000</WeaponPerShotAccuracyImpulse>
    <WeaponDamage>0.100000</WeaponDamage>
  </Section>
  <Section>
    <Name>Body.body1</Name>
    <PartName>SG</PartName>
    <CashValueModifier>WeaponPartCost1_Common</CashValueModifier>
    <Rarity>0</Rarity>
    <WeaponDamage>-0.080000</WeaponDamage>
  </Section>
  <Section>
    <Name>Barrel.barrel5_JakobsStriker</Name>
    <CashValueModifier>WeaponPartCost6_Legendary</CashValueModifier>
    <Rarity>3</Rarity>
    <MaxAccuracy>-0.400000</MaxAccuracy>
    <MinAccuracy>-1.000000</MinAccuracy>
    <WeaponPerShotAccuracyImpulse>-0.500000</WeaponPerShotAccuracyImpulse>
    <WeaponSpread>-1.000000</WeaponSpread>
    <WeaponCritBonus>3.000000</WeaponCritBonus>
  </Section>
  <Section>
    <Name>Barrel.barrel5</Name>
    <CashValueModifier>WeaponPartCost4_Rare</CashValueModifier>
    <Rarity>5</Rarity>
    <MaxAccuracy>-0.400000</MaxAccuracy>
    <MinAccuracy>-1.500000</MinAccuracy>
    <WeaponDamage>0.150000</WeaponDamage>
    <WeaponPerShotAccuracyImpulse>-0.500000</WeaponPerShotAccuracyImpulse>
    <WeaponSpread>-1.300000</WeaponSpread>
  </Section>
  <Section>
    <Name>Barrel.barrel4</Name>
    <CashValueModifier>WeaponPartCost3_Uncommoner</CashValueModifier>
    <TechLevelIncrease>1</TechLevelIncrease>
    <Rarity>3</Rarity>
    <MaxAccuracy>-0.100000</MaxAccuracy>
    <MinAccuracy>-0.400000</MinAccuracy>
    <WeaponDamage>0.300000</WeaponDamage>
    <WeaponPerShotAccuracyImpulse>0.350000</WeaponPerShotAccuracyImpulse>
    <WeaponSpread>-0.300000</WeaponSpread>
  </Section>
  <Section>
    <Name>Barrel.barrel3_Carnage</Name>
    <Description>Holy crap! It shoots rockets!</Description>
    <CashValueModifier>WeaponPartCost1_Common</CashValueModifier>
    <TechLevelIncrease>-500</TechLevelIncrease>
    <Rarity>0</Rarity>
    <MaxAccuracy>-0.300000</MaxAccuracy>
    <MinAccuracy>-0.300000</MinAccuracy>
    <WeaponDamage>5.000000</WeaponDamage>
    <WeaponProjectiles>-100.0000,None</WeaponProjectiles>
    <WeaponProjectiles>1.000000,MT_PostAdd</WeaponProjectiles>
    <WeaponSpread>-0.500000</WeaponSpread>
  </Section>
  <Section>
    <Name>Barrel.barrel3</Name>
    <CashValueModifier>WeaponPartCost2_Uncommon</CashValueModifier>
    <TechLevelIncrease>2</TechLevelIncrease>
    <Rarity>1</Rarity>
    <MaxAccuracy>-0.300000</MaxAccuracy>
    <MinAccuracy>-0.300000</MinAccuracy>
    <WeaponDamage>0.100000</WeaponDamage>
    <WeaponSpread>-0.500000</WeaponSpread>
  </Section>
  <Section>
    <Name>Barrel.barrel2_Shredder</Name>
    <CashValueModifier>WeaponPartCost2_Uncommon</CashValueModifier>
    <Rarity>1</Rarity>
    <MaxAccuracy>-0.200000</MaxAccuracy>
    <MinAccuracy>0.200000</MinAccuracy>
    <WeaponDamage>0.150000</WeaponDamage>
    <WeaponPerShotAccuracyImpulse>0.200000</WeaponPerShotAccuracyImpulse>
    <WeaponSpread>0.280000</WeaponSpread>
  </Section>
  <Section>
    <Name>Barrel.barrel2</Name>
    <CashValueModifier>WeaponPartCost1_Common</CashValueModifier>
    <Rarity>0</Rarity>
    <MaxAccuracy>-0.200000</MaxAccuracy>
    <MinAccuracy>0.200000</MinAccuracy>
    <WeaponDamage>0.150000</WeaponDamage>
    <WeaponPerShotAccuracyImpulse>0.200000</WeaponPerShotAccuracyImpulse>
    <WeaponSpread>0.280000</WeaponSpread>
  </Section>
  <Section>
    <Name>Barrel.barrel1</Name>
    <CashValueModifier>WeaponPartCost1_Common</CashValueModifier>
    <Rarity>0</Rarity>
    <WeaponDamage>-0.040000</WeaponDamage>
  </Section>
  <Section>
    <Name>acc.accnone</Name>
    <CashValueModifier>WeaponPartCost1_Common</CashValueModifier>
    <Rarity>0</Rarity>
  </Section>
  <Section>
    <Name>acc.acc5_Torgue_FriendlyFire</Name>
    <PartName>FiendlyFire</PartName>
    <CashValueModifier>WeaponPartCost6_Legendary</CashValueModifier>
    <TechLevelIncrease>10</TechLevelIncrease>
    <Rarity>3</Rarity>
    <MinAccuracy>-3.000000</MinAccuracy>
  </Section>
  <Section>
    <Name>acc.acc5_Incendiary</Name>
    <PartName>Incendiary</PartName>
    <CashValueModifier>WeaponPartCost3_Uncommoner</CashValueModifier>
    <TechLevelIncrease>6</TechLevelIncrease>
    <Rarity>3</Rarity>
    <WeaponDamage>-0.400000</WeaponDamage>
  </Section>
  <Section>
    <Name>acc.acc5_Explosive</Name>
    <PartName>Explosive</PartName>
    <CashValueModifier>WeaponPartCost3_Uncommoner</CashValueModifier>
    <TechLevelIncrease>6</TechLevelIncrease>
    <Rarity>3</Rarity>
    <WeaponDamage>-0.400000</WeaponDamage>
  </Section>
  <Section>
    <Name>acc.acc5</Name>
  </Section>
  <Section>
    <Name>acc.acc4_Terrible</Name>
    <CashValueModifier>WeaponPartCost2_Uncommon</CashValueModifier>
    <Rarity>1</Rarity>
    <WeaponDamage>0.130000</WeaponDamage>
    <WeaponKnockback>0.230000</WeaponKnockback>
  </Section>
  <Section>
    <Name>acc.acc4_Carnage</Name>
    <WeaponDamage>0.130000</WeaponDamage>
    <WeaponKnockback>0.230000</WeaponKnockback>
    <Rarity>5</Rarity>
  </Section>
  <Section>
    <Name>acc.acc4_Atlas_Hydra</Name>
    <CashValueModifier>WeaponPartCost6_Legendary</CashValueModifier>
    <Rarity>3</Rarity>
    <MinAccuracy>-0.500000</MinAccuracy>
    <WeaponProjectiles>3.000000,MT_PreAdd</WeaponProjectiles>
    <WeaponSpread>-1.000000</WeaponSpread>
    <WeaponDamage>0.350000</WeaponDamage>
  </Section>
  <Section>
    <Name>acc.acc3_Shock</Name>
    <PartName>Shock</PartName>
    <CashValueModifier>WeaponPartCost3_Uncommoner</CashValueModifier>
    <TechLevelIncrease>6</TechLevelIncrease>
    <Rarity>3</Rarity>
    <WeaponDamage>-0.400000</WeaponDamage>
    <PartNumberAddend>88</PartNumberAddend>
  </Section>
  <Section>
    <Name>acc.acc3_Corrosive</Name>
    <PartName>Corrosive</PartName>
    <CashValueModifier>WeaponPartCost3_Uncommoner</CashValueModifier>
    <TechLevelIncrease>6</TechLevelIncrease>
    <Rarity>3</Rarity>
    <WeaponDamage>-0.400000</WeaponDamage>
    <PartNumberAddend>88</PartNumberAddend>
  </Section>
  <Section>
    <Name>acc.acc2_Frenzied</Name>
    <PartName>Frenzied</PartName>
    <CashValueModifier>WeaponPartCost3_Uncommoner</CashValueModifier>
    <Rarity>3</Rarity>
    <WeaponFireRate>-0.400000</WeaponFireRate>
    <PartNumberAddend>11</PartNumberAddend>
  </Section>
  <Section>
    <Name>acc.acc1_Jagged</Name>
    <CashValueModifier>WeaponPartCost3_Uncommoner</CashValueModifier>
    <Rarity>3</Rarity>
  </Section>
  <Section>
    <Name>A_Weapon.WeaponType_combat_shotgun</Name>
    <ClipSize>6</ClipSize>
    <WeaponDamageFormulaMultiplier>0.800000</WeaponDamageFormulaMultiplier>
    <ProjectilesPerShot>9</ProjectilesPerShot>
    <Spread>6.500000</Spread>
    <PerShotAccuracyImpulse>8.000000</PerShotAccuracyImpulse>
    <FireRate>1.350000</FireRate>
    <ReloadTime>4.000000</ReloadTime>
    <IdleAccuracyRegenRate>Attribut</IdleAccuracyRegenRate>
    <ZoomMinAccuracy>-1.000000</ZoomMinAccuracy>
    <ZoomMaxAccuracy>-4.000000</ZoomMaxAccuracy>
    <BaseCashValueModifier>50</BaseCashValueModifier>
    <Presentation>shotgun</Presentation>
  </Section>
</INI>