<?xml version="1.0" encoding="us-ascii"?>
<!--Comment-->
<INI>
  <Section>
    <Name>UniqueParts.Sentinel_sight4</Name>
    <CashValueModifier>WeaponPartCost0_Cheap</CashValueModifier>
    <Rarity>0</Rarity>
    <WeaponSpread>-0.500000</WeaponSpread>
  </Section>
  <Section>
    <Name>UniqueParts.Sentinel_Material</Name>
    <CashValueModifier>WeaponPartCost0_Cheap</CashValueModifier>
    <Rarity>0</Rarity>
    <WeaponSpread>0.350000</WeaponSpread>
    <WeaponReloadSpeed>-0.500000</WeaponReloadSpeed>
  </Section>
  <Section>
    <Name>Title.TitleU_Retail_Sentinel</Name>
    <Description>A watchful eye</Description>
    <PartName>The Sentinel</PartName>
    <CashValueModifier>WeaponPartCost0_Cheap</CashValueModifier>
    <Rarity>5</Rarity>
  </Section>
  <Section>
    <Name>Title.TitleM_Tediore_Guardian</Name>
    <Description>Hold your ground... Forever.</Description>
    <PartName>Guardian</PartName>
    <CashValueModifier>WeaponPartCost1_Common</CashValueModifier>
    <Rarity>50</Rarity>
  </Section>
  <Section>
    <Name>Title.TitleM_Hyperion_Destroyer</Name>
    <Description>The destructor has come</Description>
    <PartName>Destroyer</PartName>
    <CashValueModifier>WeaponPartCost1_Common</CashValueModifier>
    <Rarity>50</Rarity>
  </Section>
  <Section>
    <Name>Title.TitleM_Dahl_Raven</Name>
    <Description>2 more bullets make all the difference</Description>
    <PartName>Raven</PartName>
    <CashValueModifier>WeaponPartCost1_Common</CashValueModifier>
    <Rarity>50</Rarity>
  </Section>
  <Section>
    <Name>Title.Title_Mag1_Pounder</Name>
    <PartName>Pounder</PartName>
    <CashValueModifier>WeaponPartCost1_Common</CashValueModifier>
    <Rarity>0</Rarity>
    <WeaponDamage>0.100000</WeaponDamage>
  </Section>
  <Section>
    <Name>Title.Title_Damage2_Stomper</Name>
    <PartName>Stomper</PartName>
    <CashValueModifier>WeaponPartCost2_Uncommon</CashValueModifier>
    <TechLevelIncrease>2</TechLevelIncrease>
    <Rarity>1</Rarity>
    <WeaponDamage>0.500000</WeaponDamage>
  </Section>
  <Section>
    <Name>Title.Title_Accuracy1_Cobra</Name>
    <PartName>Cobra</PartName>
    <CashValueModifier>WeaponPartCost2_Uncommon</CashValueModifier>
    <Rarity>1</Rarity>
    <WeaponPerShotAccuracyImpulse>-0.400000</WeaponPerShotAccuracyImpulse>
    <CardWeaponPerShotAccuracyImpulse>2.000000</CardWeaponPerShotAccuracyImpulse>
  </Section>
  <Section>
    <Name>Title.Title__Rifle</Name>
    <PartName>Rifle</PartName>
    <CashValueModifier>WeaponPartCost1_Common</CashValueModifier>
    <Rarity>0</Rarity>
  </Section>
  <Section>
    <Name>Stock.stock_none</Name>
    <PartNumberAddend>10</PartNumberAddend>
    <CashValueModifier>WeaponPartCost0_Cheap</CashValueModifier>
    <Rarity>0</Rarity>
    <MinAccuracy>0.500000</MinAccuracy>
    <MaxAccuracy>-0.200000</MaxAccuracy>
    <IdleAccuracyRegenRate>1.000000</IdleAccuracyRegenRate>
    <WeaponPerShotAccuracyImpulse>0.400000</WeaponPerShotAccuracyImpulse>
    <WeaponReloadSpeed>-0.300000</WeaponReloadSpeed>
  </Section>
  <Section>
    <Name>Stock.stock5</Name>
    <PartNumberAddend>50</PartNumberAddend>
    <CashValueModifier>WeaponPartCost4_Rare</CashValueModifier>
    <Rarity>5</Rarity>
    <MinAccuracy>-0.400000</MinAccuracy>
    <MaxAccuracy>-0.400000</MaxAccuracy>
    <IdleAccuracyRegenRate>0.800000</IdleAccuracyRegenRate>
    <WeaponPerShotAccuracyImpulse>-1.000000</WeaponPerShotAccuracyImpulse>
    <ZoomMinAccuracy>-1.000000</ZoomMinAccuracy>
    <ZoomMaxAccuracy>-1.000000</ZoomMaxAccuracy>
    <ZoomAccuracyImpuse>-0.500000</ZoomAccuracyImpuse>
  </Section>
  <Section>
    <Name>Stock.stock4</Name>
    <PartNumberAddend>40</PartNumberAddend>
    <CashValueModifier>WeaponPartCost3_Uncommoner</CashValueModifier>
    <Rarity>3</Rarity>
    <MinAccuracy>-0.300000</MinAccuracy>
    <MaxAccuracy>-0.300000</MaxAccuracy>
    <IdleAccuracyRegenRate>0.600000</IdleAccuracyRegenRate>
    <WeaponPerShotAccuracyImpulse>-0.800000</WeaponPerShotAccuracyImpulse>
    <WeaponReloadSpeed>0.200000</WeaponReloadSpeed>
    <ZoomMinAccuracy>-0.700000</ZoomMinAccuracy>
    <ZoomMaxAccuracy>-0.700000</ZoomMaxAccuracy>
    <ZoomAccuracyImpuse>-0.400000</ZoomAccuracyImpuse>
  </Section>
  <Section>
    <Name>Stock.stock3</Name>
    <PartNumberAddend>30</PartNumberAddend>
    <CashValueModifier>WeaponPartCost2_Uncommon</CashValueModifier>
    <Rarity>1</Rarity>
    <MinAccuracy>-0.200000</MinAccuracy>
    <MaxAccuracy>-0.200000</MaxAccuracy>
    <IdleAccuracyRegenRate>0.400000</IdleAccuracyRegenRate>
    <WeaponPerShotAccuracyImpulse>-0.300000</WeaponPerShotAccuracyImpulse>
    <ZoomMinAccuracy>-0.500000</ZoomMinAccuracy>
    <ZoomMaxAccuracy>-0.500000</ZoomMaxAccuracy>
    <ZoomAccuracyImpuse>-0.300000</ZoomAccuracyImpuse>
  </Section>
  <Section>
    <Name>Stock.stock2</Name>
    <PartNumberAddend>20</PartNumberAddend>
    <CashValueModifier>WeaponPartCost1_Common</CashValueModifier>
    <Rarity>0</Rarity>
    <MinAccuracy>-0.100000</MinAccuracy>
    <MaxAccuracy>-0.100000</MaxAccuracy>
    <IdleAccuracyRegenRate>0.200000</IdleAccuracyRegenRate>
    <WeaponPerShotAccuracyImpulse>-0.400000</WeaponPerShotAccuracyImpulse>
    <WeaponReloadSpeed>0.300000</WeaponReloadSpeed>
    <ZoomMinAccuracy>-0.300000</ZoomMinAccuracy>
    <ZoomMaxAccuracy>-0.300000</ZoomMaxAccuracy>
    <ZoomAccuracyImpuse>-0.200000</ZoomAccuracyImpuse>
  </Section>
  <Section>
    <Name>Stock.stock1</Name>
    <CashValueModifier>WeaponPartCost1_Common</CashValueModifier>
    <Rarity>0</Rarity>
    <IdleAccuracyRegenRate>0.200000</IdleAccuracyRegenRate>
    <ZoomMaxAccuracy>-0.300000</ZoomMaxAccuracy>
    <ZoomAccuracyImpuse>-0.300000</ZoomAccuracyImpuse>
  </Section>
  <Section>
    <Name>Sight.sight5</Name>
    <CashValueModifier>WeaponPartCost5_VeryRare</CashValueModifier>
    <Rarity>8</Rarity>
    <WeaponSpread>-0.700000</WeaponSpread>
  </Section>
  <Section>
    <Name>Sight.sight4</Name>
    <CashValueModifier>WeaponPartCost4_Rare</CashValueModifier>
    <Rarity>5</Rarity>
    <WeaponSpread>-0.500000</WeaponSpread>
  </Section>
  <Section>
    <Name>Sight.sight3</Name>
    <CashValueModifier>WeaponPartCost3_Uncommoner</CashValueModifier>
    <TechLevelIncrease>1</TechLevelIncrease>
    <Rarity>3</Rarity>
    <WeaponSpread>-0.300000</WeaponSpread>
  </Section>
  <Section>
    <Name>Sight.sight2</Name>
    <CashValueModifier>WeaponPartCost2_Uncommon</CashValueModifier>
    <Rarity>1</Rarity>
    <WeaponSpread>-0.200000</WeaponSpread>
  </Section>
  <Section>
    <Name>Sight.sight1</Name>
    <CashValueModifier>WeaponPartCost1_Common</CashValueModifier>
    <Rarity>0</Rarity>
    <WeaponSpread>-0.150000</WeaponSpread>
  </Section>
  <Section>
    <Name>Prefix.Prefix_Technical</Name>
    <PartName>Technical</PartName>
    <CashValueModifier>WeaponPartCost1_Common</CashValueModifier>
    <Rarity>0</Rarity>
  </Section>
  <Section>
    <Name>Prefix.Prefix_Mag2_Support</Name>
    <PartName>Support</PartName>
    <CashValueModifier>WeaponPartCost1_Common</CashValueModifier>
    <Rarity>0</Rarity>
  </Section>
  <Section>
    <Name>Prefix.Prefix_LowDamage1_Short</Name>
    <PartName>Short</PartName>
    <CashValueModifier>WeaponPartCost2_Uncommon</CashValueModifier>
    <TechLevelIncrease>3</TechLevelIncrease>
    <Rarity>1</Rarity>
    <WeaponPerShotAccuracyImpulse>-1.000000</WeaponPerShotAccuracyImpulse>
    <WeaponReloadSpeed>-0.600000</WeaponReloadSpeed>
    <CardWeaponPerShotAccuracyImpulse>2.000000</CardWeaponPerShotAccuracyImpulse>
  </Section>
  <Section>
    <Name>Prefix.Prefix_Damage1_Punishing</Name>
    <PartName>Punishing</PartName>
    <CashValueModifier>WeaponPartCost2_Uncommon</CashValueModifier>
    <Rarity>1</Rarity>
    <WeaponDamage>0.200000</WeaponDamage>
    <WeaponKnockback>0.500000</WeaponKnockback>
  </Section>
  <Section>
    <Name>Prefix.Prefix_Acc3_Deathly</Name>
    <PartName>Deathly</PartName>
    <CashValueModifier>WeaponPartCost1_Common</CashValueModifier>
    <Rarity>0</Rarity>
  </Section>
  <Section>
    <Name>Prefix.Prefix_Acc2_Intense</Name>
    <PartName>Intense</PartName>
    <CashValueModifier>WeaponPartCost1_Common</CashValueModifier>
    <Rarity>0</Rarity>
  </Section>
  <Section>
    <Name>mag.mag3_Dahl_Raven</Name>
    <PartNumberAddend>28</PartNumberAddend>
    <CashValueModifier>WeaponPartCost6_Legendary</CashValueModifier>
    <TechLevelIncrease>3</TechLevelIncrease>
    <Rarity>3</Rarity>
    <MaxAccuracy>-0.100000</MaxAccuracy>
    <MinAccuracy>-0.400000</MinAccuracy>
    <WeaponBurstCount>2.000000</WeaponBurstCount>
    <WeaponClipSize>9.000000,MT_PreAdd</WeaponClipSize>
    <WeaponReloadSpeed>0.300000</WeaponReloadSpeed>
  </Section>
  <Section>
    <Name>mag.mag3</Name>
    <PartNumberAddend>2</PartNumberAddend>
    <CashValueModifier>WeaponPartCost3_Uncommoner</CashValueModifier>
    <Rarity>3</Rarity>
    <WeaponClipSize>6.000000,MT_PreAdd</WeaponClipSize>
    <WeaponReloadSpeed>0.300000</WeaponReloadSpeed>
  </Section>
  <Section>
    <Name>mag.mag1a_pounder</Name>
    <CashValueModifier>WeaponPartCost4_Rare</CashValueModifier>
    <Rarity>5</Rarity>
    <WeaponClipSize>-6.000000,MT_PreAdd</WeaponClipSize>
    <WeaponReloadSpeed>-0.400000</WeaponReloadSpeed>
    <WeaponFireRate>2.000000</WeaponFireRate>
    <WeaponDamage>0.520000</WeaponDamage>
    <WeaponBurstCount>-2.000000</WeaponBurstCount>
  </Section>
  <Section>
    <Name>mag.mag1</Name>
    <CashValueModifier>WeaponPartCost1_Common</CashValueModifier>
    <Rarity>0</Rarity>
  </Section>
  <Section>
    <Name>Grip.grip5_Gearbox</Name>
    <PartName>Gearbox</PartName>
    <CashValueModifier>WeaponPartCost0_Cheap</CashValueModifier>
    <Rarity>0</Rarity>
  </Section>
  <Section>
    <Name>Grip.grip5</Name>
    <PartName>Atlas</PartName>
    <CashValueModifier>WeaponPartCost1_Common</CashValueModifier>
    <Rarity>0</Rarity>
  </Section>
  <Section>
    <Name>Grip.grip4</Name>
    <PartName>Torgue</PartName>
    <CashValueModifier>WeaponPartCost1_Common</CashValueModifier>
    <Rarity>0</Rarity>
  </Section>
  <Section>
    <Name>Grip.grip3</Name>
    <PartName>S&amp;S Munitions</PartName>
    <CashValueModifier>WeaponPartCost1_Common</CashValueModifier>
    <Rarity>0</Rarity>
  </Section>
  <Section>
    <Name>Grip.grip2</Name>
    <PartName>Vladof</PartName>
    <CashValueModifier>WeaponPartCost1_Common</CashValueModifier>
    <Rarity>0</Rarity>
  </Section>
  <Section>
    <Name>Grip.grip1</Name>
    <PartName>Tediore</PartName>
    <CashValueModifier>WeaponPartCost1_Common</CashValueModifier>
    <Rarity>0</Rarity>
  </Section>
  <Section>
    <Name>Body.body5</Name>
    <PartName>AR</PartName>
    <CashValueModifier>WeaponPartCost4_Rare</CashValueModifier>
    <TechLevelIncrease>1</TechLevelIncrease>
    <Rarity>5</Rarity>
    <WeaponFireRate>-0.500000</WeaponFireRate>
    <WeaponDamage>0.200000</WeaponDamage>
    <WeaponPerShotAccuracyImpulse>-0.200000</WeaponPerShotAccuracyImpulse>
  </Section>
  <Section>
    <Name>Body.body4_Tediore_Guardian</Name>
    <PartName>GRD</PartName>
    <CashValueModifier>WeaponPartCost6_Legendary</CashValueModifier>
    <TechLevelIncrease>3</TechLevelIncrease>
    <Rarity>3</Rarity>
    <ExternalRegenRate>0.300000</ExternalRegenRate>
    <WeaponFireRate>0.300000</WeaponFireRate>
    <WeaponDamage>0.250000</WeaponDamage>
    <WeaponPerShotAccuracyImpulse>0.500000</WeaponPerShotAccuracyImpulse>
    <WeaponRegenRate>3.000000</WeaponRegenRate>
  </Section>
  <Section>
    <Name>Body.body4</Name>
    <PartName>HLK</PartName>
    <CashValueModifier>WeaponPartCost3_Uncommoner</CashValueModifier>
    <Rarity>3</Rarity>
    <WeaponFireRate>0.300000</WeaponFireRate>
    <WeaponDamage>0.200000</WeaponDamage>
    <WeaponPerShotAccuracyImpulse>0.500000</WeaponPerShotAccuracyImpulse>
  </Section>
  <Section>
    <Name>Body.body3</Name>
    <PartName>TCH</PartName>
    <CashValueModifier>WeaponPartCost2_Uncommon</CashValueModifier>
    <TechLevelIncrease>2</TechLevelIncrease>
    <Rarity>1</Rarity>
    <WeaponFireRate>-0.300000</WeaponFireRate>
    <WeaponDamage>-0.150000</WeaponDamage>
    <WeaponPerShotAccuracyImpulse>-0.300000</WeaponPerShotAccuracyImpulse>
  </Section>
  <Section>
    <Name>Body.body2</Name>
    <PartName>HVY</PartName>
    <CashValueModifier>WeaponPartCost1_Common</CashValueModifier>
    <Rarity>1</Rarity>
    <WeaponFireRate>0.200000</WeaponFireRate>
    <WeaponPerShotAccuracyImpulse>0.300000</WeaponPerShotAccuracyImpulse>
    <WeaponDamage>0.100000</WeaponDamage>
  </Section>
  <Section>
    <Name>Body.body1</Name>
    <PartName>CR</PartName>
    <CashValueModifier>WeaponPartCost1_Common</CashValueModifier>
    <Rarity>0</Rarity>
    <WeaponDamage>-0.080000</WeaponDamage>
  </Section>
  <Section>
    <Name>Barrel.barrel5_Hyperion_Destroyer</Name>
    <CashValueModifier>WeaponPartCost6_Legendary</CashValueModifier>
    <TechLevelIncrease>5</TechLevelIncrease>
    <Rarity>3</Rarity>
    <MaxAccuracy>-0.400000</MaxAccuracy>
    <MinAccuracy>-0.750000</MinAccuracy>
    <WeaponDamage>0.180000</WeaponDamage>
    <WeaponPerShotAccuracyImpulse>-0.500000</WeaponPerShotAccuracyImpulse>
    <WeaponSpread>-1.300000</WeaponSpread>
    <WeaponBurstCount>100.0000</WeaponBurstCount>
  </Section>
  <Section>
    <Name>Barrel.barrel5</Name>
    <CashValueModifier>WeaponPartCost4_Rare</CashValueModifier>
    <Rarity>5</Rarity>
    <MaxAccuracy>-0.400000</MaxAccuracy>
    <MinAccuracy>-1.500000</MinAccuracy>
    <WeaponDamage>0.150000</WeaponDamage>
    <WeaponPerShotAccuracyImpulse>-0.500000</WeaponPerShotAccuracyImpulse>
    <WeaponSpread>-1.300000</WeaponSpread>
  </Section>
  <Section>
    <Name>Barrel.barrel4_Dahl_Raven</Name>
    <CashValueModifier>WeaponPartCost6_Legendary</CashValueModifier>
    <TechLevelIncrease>3</TechLevelIncrease>
    <Rarity>50</Rarity>
    <MaxAccuracy>-0.100000</MaxAccuracy>
    <MinAccuracy>-0.400000</MinAccuracy>
    <WeaponBurstCount>2.000000</WeaponBurstCount>
    <WeaponDamage>0.350000</WeaponDamage>
    <WeaponPerShotAccuracyImpulse>0.200000</WeaponPerShotAccuracyImpulse>
    <WeaponSpread>-0.300000</WeaponSpread>
  </Section>
  <Section>
    <Name>Barrel.barrel4</Name>
    <CashValueModifier>WeaponPartCost3_Uncommoner</CashValueModifier>
    <Rarity>3</Rarity>
    <MaxAccuracy>-0.100000</MaxAccuracy>
    <MinAccuracy>-0.400000</MinAccuracy>
    <WeaponDamage>0.300000</WeaponDamage>
    <WeaponPerShotAccuracyImpulse>0.350000</WeaponPerShotAccuracyImpulse>
    <WeaponSpread>-0.300000</WeaponSpread>
  </Section>
  <Section>
    <Name>Barrel.barrel3</Name>
    <CashValueModifier>WeaponPartCost2_Uncommon</CashValueModifier>
    <TechLevelIncrease>1</TechLevelIncrease>
    <Rarity>1</Rarity>
    <MaxAccuracy>-0.300000</MaxAccuracy>
    <MinAccuracy>-0.300000</MinAccuracy>
    <WeaponDamage>0.100000</WeaponDamage>
    <WeaponSpread>-0.500000</WeaponSpread>
  </Section>
  <Section>
    <Name>Barrel.barrel2</Name>
    <CashValueModifier>WeaponPartCost1_Common</CashValueModifier>
    <Rarity>0</Rarity>
    <MaxAccuracy>-0.200000</MaxAccuracy>
    <MinAccuracy>0.200000</MinAccuracy>
    <WeaponDamage>0.150000</WeaponDamage>
    <WeaponPerShotAccuracyImpulse>0.200000</WeaponPerShotAccuracyImpulse>
    <WeaponSpread>0.280000</WeaponSpread>
  </Section>
  <Section>
    <Name>Barrel.barrel1_starter</Name>
    <CashValueModifier>WeaponPartCost1_Common</CashValueModifier>
    <Rarity>0</Rarity>
    <MinAccuracy>-0.150000</MinAccuracy>
    <WeaponDamage>-0.040000</WeaponDamage>
    <WeaponSpread>-0.200000</WeaponSpread>
  </Section>
  <Section>
    <Name>Barrel.barrel1</Name>
    <CashValueModifier>WeaponPartCost1_Common</CashValueModifier>
    <Rarity>0</Rarity>
    <WeaponDamage>-0.040000</WeaponDamage>
  </Section>
  <Section>
    <Name>acc.acc_none</Name>
    <CashValueModifier>WeaponPartCost1_Common</CashValueModifier>
    <Rarity>0</Rarity>
  </Section>
  <Section>
    <Name>acc.acc5_Incendiary</Name>
    <PartName>Incendiary</PartName>
    <CashValueModifier>WeaponPartCost3_Uncommoner</CashValueModifier>
    <TechLevelIncrease>6</TechLevelIncrease>
    <Rarity>3</Rarity>
    <WeaponDamage>-0.400000</WeaponDamage>
    <PartNumberAddend>88</PartNumberAddend>
  </Section>
  <Section>
    <Name>acc.acc5_Explosive</Name>
    <PartName>Explosive</PartName>
    <CashValueModifier>WeaponPartCost3_Uncommoner</CashValueModifier>
    <TechLevelIncrease>6</TechLevelIncrease>
    <Rarity>3</Rarity>
    <WeaponDamage>-0.400000</WeaponDamage>
    <PartNumberAddend>88</PartNumberAddend>
  </Section>
  <Section>
    <Name>acc.acc4_Deathly</Name>
    <PartName>Deathly</PartName>
    <CashValueModifier>WeaponPartCost3_Uncommoner</CashValueModifier>
    <Rarity>3</Rarity>
    <IdleAccuracyRegenRate>-0.250000</IdleAccuracyRegenRate>
    <WeaponPerShotAccuracyImpulse>-0.250000</WeaponPerShotAccuracyImpulse>
    <WeaponDamage>0.200000</WeaponDamage>
    <PartNumberAddend>4444</PartNumberAddend>
  </Section>
  <Section>
    <Name>acc.acc3_Shock</Name>
    <PartName>Shock</PartName>
    <CashValueModifier>WeaponPartCost3_Uncommoner</CashValueModifier>
    <TechLevelIncrease>6</TechLevelIncrease>
    <Rarity>3</Rarity>
    <WeaponDamage>-0.400000</WeaponDamage>
    <PartNumberAddend>88</PartNumberAddend>
  </Section>
  <Section>
    <Name>acc.acc3_Corrosive</Name>
    <PartName>Corrosive</PartName>
    <CashValueModifier>WeaponPartCost3_Uncommoner</CashValueModifier>
    <TechLevelIncrease>6</TechLevelIncrease>
    <Rarity>3</Rarity>
    <WeaponDamage>-0.400000</WeaponDamage>
    <PartNumberAddend>88</PartNumberAddend>
  </Section>
  <Section>
    <Name>acc.acc2_Intense</Name>
    <CashValueModifier>WeaponPartCost3_Uncommoner</CashValueModifier>
    <TechLevelIncrease>2</TechLevelIncrease>
    <Rarity>3</Rarity>
    <MinAccuracy>-0.400000</MinAccuracy>
    <MaxAccuracy>-0.400000</MaxAccuracy>
    <WeaponSpread>-0.150000</WeaponSpread>
    <WeaponCritBonus>3.000000</WeaponCritBonus>
    <PartNumberAddend>2222</PartNumberAddend>
  </Section>
  <Section>
    <Name>A_Weapon.WeaponType_combat_rifle</Name>
    <ClipSize>12</ClipSize>
    <WeaponDamageFormulaMultiplier>1.200000</WeaponDamageFormulaMultiplier>
    <Spread>1.300000</Spread>
    <PerShotAccuracyImpulse>3.500000</PerShotAccuracyImpulse>
    <FireRate>0.100000</FireRate>
    <ReloadTime>2.400000</ReloadTime>
    <MinAccuracy>-0.500000</MinAccuracy>
    <IdleAccuracyRegenRate>2.000000</IdleAccuracyRegenRate>
    <ZoomMinAccuracy>-0.500000</ZoomMinAccuracy>
    <ZoomMaxAccuracy>-4.000000</ZoomMaxAccuracy>
    <BaseCashValueModifier>50</BaseCashValueModifier>
    <Presentation>ar</Presentation>
  </Section>
</INI>