<?xml version="1.0" encoding="us-ascii"?>
<!--Comment-->
<INI>
  <Section>
    <Name>acc.accnone</Name>
    <Rarity>0</Rarity>
  </Section>
  <Section>
    <Name>acc.acc_Corrosive</Name>
    <PartNumberAddend>88</PartNumberAddend>
    <Rarity>3</Rarity>
  </Section>
  <Section>
    <Name>acc.acc_Explosive</Name>
    <Rarity>3</Rarity>
  </Section>
  <Section>
    <Name>acc.acc_Incendiary</Name>
    <Rarity>3</Rarity>
  </Section>
  <Section>
    <Name>acc.acc_Shock</Name>
    <PartNumberAddend>88</PartNumberAddend>
    <Rarity>0</Rarity>
  </Section>
  <Section>
    <Name>Barrel.barrel1</Name>
    <Rarity>0</Rarity>
  </Section>
  <Section>
    <Name>Stock.Stock_1</Name>
    <Rarity>0</Rarity>
  </Section>
  <Section>
    <Name>Stock.Stock_2</Name>
    <Rarity>0</Rarity>
  </Section>
  <Section>
    <Name>Stock.Stock_3</Name>
    <Rarity>0</Rarity>
  </Section>
  <Section>
    <Name>Stock.Stock_4</Name>
    <Rarity>0</Rarity>
  </Section>
  <Section>
    <Name>Stock.Stock_5</Name>
    <Rarity>0</Rarity>
  </Section>
  <Section>
    <Name>Stock.Stock_6</Name>
    <Rarity>0</Rarity>
  </Section>
  <Section>
    <Name>Stock.stock_none</Name>
    <Rarity>0</Rarity>
  </Section>
</INI>