<?xml version="1.0" encoding="us-ascii"?>
<!--Comment-->
<INI>
  <Section>
    <Name>UniqueParts.Patton_Material</Name>
    <CashValueModifier>WeaponPartCost1_Common</CashValueModifier>
    <TechLevelIncrease>4</TechLevelIncrease>
    <Rarity>0</Rarity>
  </Section>
  <Section>
    <Name>UniqueParts.Patton_grip5</Name>
    <PartName>Atlas</PartName>
    <CashValueModifier>WeaponPartCost1_Common</CashValueModifier>
    <Rarity>0</Rarity>
    <WeaponDamage>0.350000</WeaponDamage>
  </Section>
  <Section>
    <Name>UniqueParts.MadJack_Material</Name>
    <PartName> B</PartName>
    <CashValueModifier>WeaponPartCost3_Uncommoner</CashValueModifier>
    <TechLevelIncrease>4</TechLevelIncrease>
    <Rarity>3</Rarity>
    <WeaponSpread>-0.110000</WeaponSpread>
    <WeaponReloadSpeed>-0.110000</WeaponReloadSpeed>
  </Section>
  <Section>
    <Name>UniqueParts.MadJack_barrel3</Name>
    <CashValueModifier>WeaponPartCost1_Common</CashValueModifier>
    <TechLevelIncrease>1</TechLevelIncrease>
    <Rarity>0</Rarity>
    <MaxAccuracy>-0.300000</MaxAccuracy>
    <MinAccuracy>-0.300000</MinAccuracy>
    <WeaponDamage>0.600000</WeaponDamage>
    <WeaponFireRate>-2.000000</WeaponFireRate>
    <WeaponSpread>-0.500000</WeaponSpread>
  </Section>
  <Section>
    <Name>UniqueParts.MadJack_acc5_Explosive</Name>
    <PartName>Explosive</PartName>
    <CashValueModifier>WeaponPartCost3_Uncommoner</CashValueModifier>
    <TechLevelIncrease>6</TechLevelIncrease>
    <Rarity>3</Rarity>
    <WeaponDamage>-0.400000</WeaponDamage>
    <PartNumberAddend>88</PartNumberAddend>
  </Section>
  <Section>
    <Name>Title.TitleU_Retail_Patton</Name>
    <Description>May God have mercy upon my enemies, because I won't.</Description>
    <PartName>Patton</PartName>
    <CashValueModifier>WeaponPartCost4_Rare</CashValueModifier>
    <Rarity>5</Rarity>
  </Section>
  <Section>
    <Name>Title.TitleU_OneEyedJack_Madjack</Name>
    <Description>Fools!  They called me maaaad!</Description>
    <PartName>Madjack</PartName>
    <CashValueModifier>WeaponPartCost4_Rare</CashValueModifier>
    <Rarity>5</Rarity>
  </Section>
  <Section>
    <Name>Title.TitleM_Tediore1_Equalizer</Name>
    <Description>Unending Firepower</Description>
    <PartName>Equalizer</PartName>
    <CashValueModifier>WeaponPartCost1_Common</CashValueModifier>
    <Rarity>50</Rarity>
  </Section>
  <Section>
    <Name>Title.TitleM_Maliwan1_Defiler</Name>
    <Description>Give Sick</Description>
    <PartName>Defiler</PartName>
    <CashValueModifier>WeaponPartCost1_Common</CashValueModifier>
    <Rarity>50</Rarity>
  </Section>
  <Section>
    <Name>Title.TitleM_Jakobs1_Unforgiven</Name>
    <Description>It's a helluva thing...</Description>
    <PartName>Unforgiven</PartName>
    <CashValueModifier>WeaponPartCost1_Common</CashValueModifier>
    <Rarity>50</Rarity>
  </Section>
  <Section>
    <Name>Title.TitleM_Dahl1_Anaconda</Name>
    <Description>Long and Strong</Description>
    <PartName>Anaconda</PartName>
    <CashValueModifier>WeaponPartCost1_Common</CashValueModifier>
    <Rarity>50</Rarity>
  </Section>
  <Section>
    <Name>Title.TitleM_Atlas1_Chimera</Name>
    <Description>A beast of many forms - Fire, Lightning, and Poison</Description>
    <PartName>Chimera</PartName>
    <CashValueModifier>WeaponPartCost1_Common</CashValueModifier>
    <Rarity>50</Rarity>
  </Section>
  <Section>
    <Name>Title.Title_Firerate1_Steel</Name>
    <PartName>Steel</PartName>
    <CashValueModifier>WeaponPartCost1_Common</CashValueModifier>
    <Rarity>0</Rarity>
  </Section>
  <Section>
    <Name>Title.Title_Firerate1_Law</Name>
    <PartName>Law</PartName>
    <CashValueModifier>WeaponPartCost2_Uncommon</CashValueModifier>
    <Rarity>1</Rarity>
  </Section>
  <Section>
    <Name>Title.Title_Damage2_Justice</Name>
    <PartName>Justice</PartName>
    <CashValueModifier>WeaponPartCost2_Uncommon</CashValueModifier>
    <Rarity>1</Rarity>
  </Section>
  <Section>
    <Name>Title.Title_Accuracy1_Viper</Name>
    <PartName>Viper</PartName>
    <CashValueModifier>WeaponPartCost2_Uncommon</CashValueModifier>
    <Rarity>1</Rarity>
  </Section>
  <Section>
    <Name>Title.Title_Acc2_Masher</Name>
    <PartName>Masher</PartName>
    <CashValueModifier>WeaponPartCost2_Uncommon</CashValueModifier>
    <Rarity>1</Rarity>
  </Section>
  <Section>
    <Name>Title.Title_Acc1_Razor</Name>
    <PartName>Razor</PartName>
    <CashValueModifier>WeaponPartCost2_Uncommon</CashValueModifier>
    <Rarity>1</Rarity>
  </Section>
  <Section>
    <Name>Title.Title__Revolver</Name>
    <PartName>Revolver</PartName>
    <CashValueModifier>WeaponPartCost1_Common</CashValueModifier>
    <Rarity>0</Rarity>
  </Section>
  <Section>
    <Name>Stock.stock_none</Name>
    <PartNumberAddend>10</PartNumberAddend>
    <CashValueModifier>WeaponPartCost1_Common</CashValueModifier>
    <Rarity>0</Rarity>
    <MinAccuracy>0.500000</MinAccuracy>
    <MaxAccuracy>-0.200000</MaxAccuracy>
    <IdleAccuracyRegenRate>1.000000</IdleAccuracyRegenRate>
    <WeaponPerShotAccuracyImpulse>0.400000</WeaponPerShotAccuracyImpulse>
    <WeaponReloadSpeed>-0.300000</WeaponReloadSpeed>
  </Section>
  <Section>
    <Name>Stock.stock3</Name>
    <PartNumberAddend>30</PartNumberAddend>
    <CashValueModifier>WeaponPartCost4_Rare</CashValueModifier>
    <Rarity>5</Rarity>
    <MinAccuracy>-0.200000</MinAccuracy>
    <MaxAccuracy>-0.200000</MaxAccuracy>
    <IdleAccuracyRegenRate>0.400000</IdleAccuracyRegenRate>
    <WeaponPerShotAccuracyImpulse>-0.300000</WeaponPerShotAccuracyImpulse>
    <ZoomMinAccuracy>-0.500000</ZoomMinAccuracy>
    <ZoomMaxAccuracy>-0.500000</ZoomMaxAccuracy>
    <ZoomAccuracyImpuse>-0.300000</ZoomAccuracyImpuse>
  </Section>
  <Section>
    <Name>Stock.stock2</Name>
    <PartNumberAddend>20</PartNumberAddend>
    <CashValueModifier>WeaponPartCost3_Uncommoner</CashValueModifier>
    <Rarity>3</Rarity>
    <MinAccuracy>-0.100000</MinAccuracy>
    <MaxAccuracy>-0.100000</MaxAccuracy>
    <IdleAccuracyRegenRate>0.200000</IdleAccuracyRegenRate>
    <WeaponPerShotAccuracyImpulse>-0.400000</WeaponPerShotAccuracyImpulse>
    <WeaponReloadSpeed>0.300000</WeaponReloadSpeed>
    <ZoomMinAccuracy>-0.300000</ZoomMinAccuracy>
    <ZoomMaxAccuracy>-0.300000</ZoomMaxAccuracy>
    <ZoomAccuracyImpuse>-0.200000</ZoomAccuracyImpuse>
  </Section>
  <Section>
    <Name>Stock.stock1</Name>
    <CashValueModifier>WeaponPartCost2_Uncommon</CashValueModifier>
    <Rarity>1</Rarity>
    <ZoomMinAccuracy>-0.300000</ZoomMinAccuracy>
    <ZoomMaxAccuracy>-0.300000</ZoomMaxAccuracy>
    <ZoomAccuracyImpuse>tributeT</ZoomAccuracyImpuse>
  </Section>
  <Section>
    <Name>Sight.sight_none</Name>
    <CashValueModifier>WeaponPartCost1_Common</CashValueModifier>
    <Rarity>0</Rarity>
  </Section>
  <Section>
    <Name>Sight.sight5</Name>
    <CashValueModifier>WeaponPartCost5_VeryRare</CashValueModifier>
    <Rarity>8</Rarity>
    <WeaponSpread>-0.700000</WeaponSpread>
  </Section>
  <Section>
    <Name>Sight.sight4</Name>
    <CashValueModifier>WeaponPartCost4_Rare</CashValueModifier>
    <Rarity>5</Rarity>
    <WeaponSpread>-0.500000</WeaponSpread>
  </Section>
  <Section>
    <Name>Sight.sight3</Name>
    <CashValueModifier>WeaponPartCost3_Uncommoner</CashValueModifier>
    <Rarity>3</Rarity>
    <WeaponSpread>-0.300000</WeaponSpread>
  </Section>
  <Section>
    <Name>Sight.sight2</Name>
    <CashValueModifier>WeaponPartCost3_Uncommoner</CashValueModifier>
    <Rarity>3</Rarity>
    <WeaponSpread>-0.200000</WeaponSpread>
  </Section>
  <Section>
    <Name>Sight.sight1</Name>
    <CashValueModifier>WeaponPartCost3_Uncommoner</CashValueModifier>
    <Rarity>3</Rarity>
    <WeaponSpread>-0.150000</WeaponSpread>
  </Section>
  <Section>
    <Name>Prefix.Prefix_Quality3_Savage</Name>
    <PartName>Savage</PartName>
    <CashValueModifier>WeaponPartCost1_Common</CashValueModifier>
    <TechLevelIncrease>1</TechLevelIncrease>
    <Rarity>0</Rarity>
    <WeaponDamage>0.120000</WeaponDamage>
  </Section>
  <Section>
    <Name>Prefix.Prefix_Quality2_Primal</Name>
    <PartName>Primal</PartName>
    <CashValueModifier>WeaponPartCost1_Common</CashValueModifier>
    <TechLevelIncrease>1</TechLevelIncrease>
    <Rarity>0</Rarity>
    <WeaponDamage>0.090000</WeaponDamage>
  </Section>
  <Section>
    <Name>Prefix.Prefix_Quality1_Brutal</Name>
    <PartName>Brutal</PartName>
    <CashValueModifier>WeaponPartCost1_Common</CashValueModifier>
    <TechLevelIncrease>1</TechLevelIncrease>
    <Rarity>0</Rarity>
    <WeaponDamage>0.060000</WeaponDamage>
  </Section>
  <Section>
    <Name>Prefix.Prefix_LowAccuracy1_Raw</Name>
    <PartName>Raw</PartName>
    <CashValueModifier>WeaponPartCost2_Uncommon</CashValueModifier>
    <Rarity>1</Rarity>
    <WeaponSpread>0.300000</WeaponSpread>
    <WeaponFireRate>-0.200000</WeaponFireRate>
    <WeaponDamage>0.160000</WeaponDamage>
  </Section>
  <Section>
    <Name>Prefix.Prefix_Firerate1_Swift</Name>
    <PartName>Swift</PartName>
    <CashValueModifier>WeaponPartCost2_Uncommon</CashValueModifier>
    <Rarity>1</Rarity>
    <IdleAccuracyRegenRate>0.200000</IdleAccuracyRegenRate>
    <WeaponPerShotAccuracyImpulse>-0.300000</WeaponPerShotAccuracyImpulse>
  </Section>
  <Section>
    <Name>Prefix.Prefix_Damage1_Bloody</Name>
    <PartName>Bloody</PartName>
    <CashValueModifier>WeaponPartCost2_Uncommon</CashValueModifier>
    <TechLevelIncrease>1</TechLevelIncrease>
    <Rarity>1</Rarity>
    <WeaponDamage>0.120000</WeaponDamage>
  </Section>
  <Section>
    <Name>Prefix.Prefix_Acc1_Bladed</Name>
    <PartName>Bladed</PartName>
    <CashValueModifier>WeaponPartCost1_Common</CashValueModifier>
    <Rarity>0</Rarity>
  </Section>
  <Section>
    <Name>mag.mag5</Name>
    <PartName>X</PartName>
    <CashValueModifier>WeaponPartCost4_Rare</CashValueModifier>
    <TechLevelIncrease>2</TechLevelIncrease>
    <Rarity>5</Rarity>
    <WeaponClipSize>-4.000000,MT_PreAdd</WeaponClipSize>
    <WeaponReloadSpeed>-0.500000</WeaponReloadSpeed>
    <WeaponDamage>1.020000</WeaponDamage>
  </Section>
  <Section>
    <Name>mag.mag4</Name>
    <PartName>0</PartName>
    <CashValueModifier>WeaponPartCost2_Uncommon</CashValueModifier>
    <Rarity>1</Rarity>
    <WeaponReloadSpeed>-0.100000</WeaponReloadSpeed>
    <WeaponFireRate>-0.210000</WeaponFireRate>
  </Section>
  <Section>
    <Name>mag.mag3</Name>
    <PartNumberAddend>3</PartNumberAddend>
    <PartName>Shotblast</PartName>
    <CashValueModifier>WeaponPartCost3_Uncommoner</CashValueModifier>
    <TechLevelIncrease>3</TechLevelIncrease>
    <Rarity>3</Rarity>
    <WeaponClipSize>-3.000000,MT_PreAdd</WeaponClipSize>
    <WeaponReloadSpeed>-0.150000</WeaponReloadSpeed>
  </Section>
  <Section>
    <Name>mag.mag2</Name>
    <PartNumberAddend>1</PartNumberAddend>
    <CashValueModifier>WeaponPartCost1_Common</CashValueModifier>
    <Rarity>0</Rarity>
  </Section>
  <Section>
    <Name>mag.mag1</Name>
    <PartNumberAddend>2</PartNumberAddend>
    <CashValueModifier>WeaponPartCost2_Uncommon</CashValueModifier>
    <Rarity>1</Rarity>
    <WeaponReloadSpeed>-0.300000</WeaponReloadSpeed>
    <WeaponDamage>-0.180000</WeaponDamage>
  </Section>
  <Section>
    <Name>Grip.grip5</Name>
    <PartName>Atlas</PartName>
    <CashValueModifier>WeaponPartCost1_Common</CashValueModifier>
    <Rarity>0</Rarity>
  </Section>
  <Section>
    <Name>Grip.grip4</Name>
    <PartName>Jakobs</PartName>
    <CashValueModifier>WeaponPartCost1_Common</CashValueModifier>
    <Rarity>0</Rarity>
  </Section>
  <Section>
    <Name>Grip.grip3_Gearbox</Name>
    <PartName>Gearbox</PartName>
    <CashValueModifier>WeaponPartCost0_Cheap</CashValueModifier>
    <Rarity>0</Rarity>
  </Section>
  <Section>
    <Name>Grip.grip3</Name>
    <PartName>Maliwan</PartName>
    <CashValueModifier>WeaponPartCost1_Common</CashValueModifier>
    <Rarity>0</Rarity>
  </Section>
  <Section>
    <Name>Grip.grip2</Name>
    <PartName>Dahl</PartName>
    <CashValueModifier>WeaponPartCost1_Common</CashValueModifier>
    <Rarity>0</Rarity>
  </Section>
  <Section>
    <Name>Grip.grip1</Name>
    <PartName>Tediore</PartName>
    <CashValueModifier>WeaponPartCost1_Common</CashValueModifier>
    <Rarity>0</Rarity>
  </Section>
  <Section>
    <Name>Body.body5</Name>
    <PartName>AX</PartName>
    <CashValueModifier>WeaponPartCost4_Rare</CashValueModifier>
    <TechLevelIncrease>1</TechLevelIncrease>
    <Rarity>5</Rarity>
    <WeaponFireRate>-0.500000</WeaponFireRate>
    <WeaponDamage>0.200000</WeaponDamage>
    <WeaponPerShotAccuracyImpulse>-0.200000</WeaponPerShotAccuracyImpulse>
  </Section>
  <Section>
    <Name>Body.body4</Name>
    <PartName>KLR</PartName>
    <CashValueModifier>WeaponPartCost3_Uncommoner</CashValueModifier>
    <TechLevelIncrease>1</TechLevelIncrease>
    <Rarity>3</Rarity>
    <WeaponFireRate>0.300000</WeaponFireRate>
    <WeaponDamage>0.200000</WeaponDamage>
    <WeaponPerShotAccuracyImpulse>0.500000</WeaponPerShotAccuracyImpulse>
  </Section>
  <Section>
    <Name>Body.body3_tediore_Equalizer</Name>
    <PartName>EQ</PartName>
    <CashValueModifier>WeaponPartCost6_Legendary</CashValueModifier>
    <TechLevelIncrease>4</TechLevelIncrease>
    <Rarity>3</Rarity>
    <ExternalRegenRate>0.300000</ExternalRegenRate>
    <WeaponFireRate>-0.300000</WeaponFireRate>
    <WeaponDamage>0.250000</WeaponDamage>
    <WeaponPerShotAccuracyImpulse>-0.300000</WeaponPerShotAccuracyImpulse>
    <WeaponRegenRate>3.000000</WeaponRegenRate>
  </Section>
  <Section>
    <Name>Body.body3</Name>
    <PartName>MAL</PartName>
    <CashValueModifier>WeaponPartCost2_Uncommon</CashValueModifier>
    <TechLevelIncrease>3</TechLevelIncrease>
    <Rarity>1</Rarity>
    <WeaponFireRate>-0.300000</WeaponFireRate>
    <WeaponDamage>-0.150000</WeaponDamage>
    <WeaponPerShotAccuracyImpulse>-0.300000</WeaponPerShotAccuracyImpulse>
  </Section>
  <Section>
    <Name>Body.body2</Name>
    <PartName>DL</PartName>
    <CashValueModifier>WeaponPartCost1_Common</CashValueModifier>
    <Rarity>1</Rarity>
    <WeaponFireRate>0.200000</WeaponFireRate>
    <WeaponPerShotAccuracyImpulse>0.300000</WeaponPerShotAccuracyImpulse>
    <WeaponDamage>0.100000</WeaponDamage>
  </Section>
  <Section>
    <Name>Body.body1</Name>
    <PartName>RV</PartName>
    <CashValueModifier>WeaponPartCost1_Common</CashValueModifier>
    <Rarity>0</Rarity>
    <WeaponDamage>-0.080000</WeaponDamage>
  </Section>
  <Section>
    <Name>Barrel.barrel5_Jakobs_Unforgiven</Name>
    <CashValueModifier>WeaponPartCost6_Legendary</CashValueModifier>
    <Rarity>3</Rarity>
    <MaxAccuracy>-0.400000</MaxAccuracy>
    <MinAccuracy>-2.000000</MinAccuracy>
    <IdleAccuracyRegenRate>-0.700000</IdleAccuracyRegenRate>
    <WeaponDamage>0.500000</WeaponDamage>
    <WeaponPerShotAccuracyImpulse>0.500000</WeaponPerShotAccuracyImpulse>
    <WeaponSpread>-1.300000</WeaponSpread>
    <WeaponFireRate>0.350000</WeaponFireRate>
    <WeaponCritBonus>3.000000</WeaponCritBonus>
    <PartNumberAddend>1</PartNumberAddend>
  </Section>
  <Section>
    <Name>Barrel.barrel5</Name>
    <CashValueModifier>WeaponPartCost4_Rare</CashValueModifier>
    <Rarity>5</Rarity>
    <MaxAccuracy>-0.400000</MaxAccuracy>
    <MinAccuracy>-1.500000</MinAccuracy>
    <WeaponDamage>0.150000</WeaponDamage>
    <WeaponPerShotAccuracyImpulse>-0.500000</WeaponPerShotAccuracyImpulse>
    <WeaponSpread>-1.300000</WeaponSpread>
  </Section>
  <Section>
    <Name>Barrel.barrel4_Dahl_Anaconda</Name>
    <CashValueModifier>WeaponPartCost6_Legendary</CashValueModifier>
    <TechLevelIncrease>2</TechLevelIncrease>
    <Rarity>3</Rarity>
    <MaxAccuracy>-0.400000</MaxAccuracy>
    <MinAccuracy>-0.800000</MinAccuracy>
    <WeaponDamage>0.600000</WeaponDamage>
    <WeaponPerShotAccuracyImpulse>0.300000</WeaponPerShotAccuracyImpulse>
    <WeaponSpread>-0.800000</WeaponSpread>
  </Section>
  <Section>
    <Name>Barrel.barrel4</Name>
    <CashValueModifier>WeaponPartCost3_Uncommoner</CashValueModifier>
    <TechLevelIncrease>1</TechLevelIncrease>
    <Rarity>3</Rarity>
    <MaxAccuracy>-0.100000</MaxAccuracy>
    <MinAccuracy>-0.400000</MinAccuracy>
    <WeaponDamage>0.300000</WeaponDamage>
    <WeaponPerShotAccuracyImpulse>0.350000</WeaponPerShotAccuracyImpulse>
    <WeaponSpread>-0.300000</WeaponSpread>
  </Section>
  <Section>
    <Name>Barrel.barrel3</Name>
    <CashValueModifier>WeaponPartCost2_Uncommon</CashValueModifier>
    <TechLevelIncrease>1</TechLevelIncrease>
    <Rarity>1</Rarity>
    <MaxAccuracy>-0.300000</MaxAccuracy>
    <MinAccuracy>-0.300000</MinAccuracy>
    <WeaponDamage>0.100000</WeaponDamage>
    <WeaponSpread>-0.500000</WeaponSpread>
  </Section>
  <Section>
    <Name>Barrel.barrel2</Name>
    <CashValueModifier>WeaponPartCost1_Common</CashValueModifier>
    <Rarity>0</Rarity>
    <MaxAccuracy>-0.200000</MaxAccuracy>
    <MinAccuracy>0.200000</MinAccuracy>
    <WeaponDamage>0.150000</WeaponDamage>
    <WeaponPerShotAccuracyImpulse>0.200000</WeaponPerShotAccuracyImpulse>
    <WeaponSpread>0.280000</WeaponSpread>
  </Section>
  <Section>
    <Name>Barrel.barrel1</Name>
    <CashValueModifier>WeaponPartCost1_Common</CashValueModifier>
    <Rarity>0</Rarity>
    <WeaponDamage>-0.040000</WeaponDamage>
  </Section>
  <Section>
    <Name>acc.acc_none</Name>
    <CashValueModifier>WeaponPartCost1_Common</CashValueModifier>
    <Rarity>0</Rarity>
  </Section>
  <Section>
    <Name>acc.acc5_Incendiary</Name>
    <PartName>Incendiary</PartName>
    <CashValueModifier>WeaponPartCost3_Uncommoner</CashValueModifier>
    <TechLevelIncrease>6</TechLevelIncrease>
    <Rarity>3</Rarity>
    <WeaponDamage>-0.400000</WeaponDamage>
    <PartNumberAddend>88</PartNumberAddend>
  </Section>
  <Section>
    <Name>acc.acc5_Explosive</Name>
    <PartName>Explosive</PartName>
    <CashValueModifier>WeaponPartCost3_Uncommoner</CashValueModifier>
    <TechLevelIncrease>6</TechLevelIncrease>
    <Rarity>3</Rarity>
    <WeaponDamage>-0.400000</WeaponDamage>
    <PartNumberAddend>88</PartNumberAddend>
  </Section>
  <Section>
    <Name>acc.acc5_Atlas_Chimera</Name>
    <PartName>Chimera</PartName>
    <CashValueModifier>WeaponPartCost6_Legendary</CashValueModifier>
    <TechLevelIncrease>10</TechLevelIncrease>
    <Rarity>3</Rarity>
    <PartNumberAddend>88</PartNumberAddend>
  </Section>
  <Section>
    <Name>acc.acc4_stabilized</Name>
    <PartName>Stabilizer</PartName>
    <CashValueModifier>WeaponPartCost3_Uncommoner</CashValueModifier>
    <Rarity>3</Rarity>
    <IdleAccuracyRegenRate>0.500000</IdleAccuracyRegenRate>
    <WeaponPerShotAccuracyImpulse>-0.200000</WeaponPerShotAccuracyImpulse>
    <PartNumberAddend>55</PartNumberAddend>
  </Section>
  <Section>
    <Name>acc.acc3_Shock</Name>
    <PartName>Shock</PartName>
    <CashValueModifier>WeaponPartCost3_Uncommoner</CashValueModifier>
    <TechLevelIncrease>6</TechLevelIncrease>
    <Rarity>3</Rarity>
    <WeaponDamage>-0.400000</WeaponDamage>
    <PartNumberAddend>88</PartNumberAddend>
  </Section>
  <Section>
    <Name>acc.acc3_Maliwan_Defiler_Corrosive</Name>
    <PartName>Defiler</PartName>
    <CashValueModifier>WeaponPartCost6_Legendary</CashValueModifier>
    <TechLevelIncrease>14</TechLevelIncrease>
    <Rarity>3</Rarity>
    <WeaponDamage>0.150000</WeaponDamage>
    <PartNumberAddend>888</PartNumberAddend>
  </Section>
  <Section>
    <Name>acc.acc3_Corrosive</Name>
    <PartName>Corrosive</PartName>
    <CashValueModifier>WeaponPartCost3_Uncommoner</CashValueModifier>
    <TechLevelIncrease>6</TechLevelIncrease>
    <Rarity>3</Rarity>
    <WeaponDamage>-0.400000</WeaponDamage>
    <PartNumberAddend>88</PartNumberAddend>
  </Section>
  <Section>
    <Name>acc.acc2_Masher</Name>
    <PartName>Masher</PartName>
    <CashValueModifier>WeaponPartCost3_Uncommoner</CashValueModifier>
    <Rarity>3</Rarity>
    <WeaponSpread>2.000000</WeaponSpread>
    <WeaponProjectiles>6.000000,MT_PreAdd</WeaponProjectiles>
    <WeaponDamage>-2.000000</WeaponDamage>
    <WeaponPerShotAccuracyImpulse>1.000000</WeaponPerShotAccuracyImpulse>
  </Section>
  <Section>
    <Name>acc.acc1_Razor</Name>
    <CashValueModifier>WeaponPartCost3_Uncommoner</CashValueModifier>
  </Section>
  <Section>
    <Name>acc.acc1_Bladed</Name>
    <CashValueModifier>WeaponPartCost5_VeryRare</CashValueModifier>
    <Rarity>3</Rarity>
  </Section>
  <Section>
    <Name>A_Weapon.WeaponType_revolver_pistol</Name>
    <ClipSize>6</ClipSize>
    <WeaponDamageFormulaMultiplier>2.400000</WeaponDamageFormulaMultiplier>
    <Spread>1.000000</Spread>
    <PerShotAccuracyImpulse>3.000000</PerShotAccuracyImpulse>
    <FireRate>0.800000</FireRate>
    <ReloadTime>2.500000</ReloadTime>
    <IdleAccuracyRegenRate>1.000000</IdleAccuracyRegenRate>
    <MinAccuracy>-0.500000</MinAccuracy>
    <IdleAccuracyRegenRate>1.000000</IdleAccuracyRegenRate>
    <ZoomMinAccuracy>-0.500000</ZoomMinAccuracy>
    <ZoomMaxAccuracy>-4.000000</ZoomMaxAccuracy>
    <BaseCashValueModifier>35</BaseCashValueModifier>
    <Presentation>revolver</Presentation>
  </Section>
</INI>